﻿<?xml version="1.0" encoding="utf-8"?>
<deployment>
  <id>9e8e9309-4021-40b8-96cd-98acd3041e79</id>
  <author>N/A</author>
  <deployer>GITHUB_ZIP_DEPLOY</deployer>
  <authorEmail>N/A</authorEmail>
  <message>{"type":"deployment","sha":"f5c06f0ffd6fcfbb1d3712b5b50deb9d32f7b53a","repoName":"L96Expanded/D-D-Initiative","actor":"L96Expanded","slotName":"production","commitMessage":"Add quick setup cheat sheet for rapid reference"}</message>
  <progress></progress>
  <status>Success</status>
  <statusText></statusText>
  <lastSuccessEndTime>2025-11-30T14:31:26.8738382Z</lastSuccessEndTime>
  <receivedTime>2025-11-30T14:31:22.8070735Z</receivedTime>
  <startTime>2025-11-30T14:31:24.0896708Z</startTime>
  <endTime>2025-11-30T14:31:26.8738382Z</endTime>
  <complete>True</complete>
  <is_temp>False</is_temp>
  <is_readonly>True</is_readonly>
  <buildSummary />
</deployment>