﻿<?xml version="1.0" encoding="utf-8"?>
<deployment>
  <id>34e23c04-078b-4c35-967e-1e783b5223e5</id>
  <author>N/A</author>
  <deployer>GITHUB_ZIP_DEPLOY</deployer>
  <authorEmail>N/A</authorEmail>
  <message>{"type":"deployment","sha":"8628826b8e31607ccb0e9795a64b6089a8a2e9b4","repoName":"L96Expanded/D-D-Initiative","actor":"L96Expanded","slotName":"production","commitMessage":"Add comprehensive bug fixes summary and testing guide"}</message>
  <progress></progress>
  <status>Success</status>
  <statusText></statusText>
  <lastSuccessEndTime>2025-11-30T16:15:41.7759906Z</lastSuccessEndTime>
  <receivedTime>2025-11-30T16:15:37.3680561Z</receivedTime>
  <startTime>2025-11-30T16:15:38.6280156Z</startTime>
  <endTime>2025-11-30T16:15:41.7759906Z</endTime>
  <complete>True</complete>
  <is_temp>False</is_temp>
  <is_readonly>True</is_readonly>
  <buildSummary />
</deployment>