﻿<?xml version="1.0" encoding="utf-8"?>
<deployment>
  <id>423d43ea-07a8-41e6-95a8-57109097294d</id>
  <author>N/A</author>
  <deployer>GITHUB_ZIP_DEPLOY</deployer>
  <authorEmail>N/A</authorEmail>
  <message>{"type":"deployment","sha":"40d3d34f755cd197641f5ef6c8156d34abbb43ee","repoName":"L96Expanded/D-D-Initiative","actor":"L96Expanded","slotName":"production","commitMessage":"Fix CORS configuration for karsusinitiative.com domain\n\n- Added Azure App Service CORS configuration step to CI/CD workflow\n- Configured CORS to allow requests from karsusinitiative.com\n- Added www.karsusinitiative.com to allowed origins\n- Manually configured CORS using Azure CLI\n- Verified CORS headers are now being sent correctly\n\nThis fixes the 'No Access-Control-Allow-Origin header' error that was blocking\nencounter updates, preset operations, and other POST/PUT/DELETE requests from\nthe custom domain."}</message>
  <progress></progress>
  <status>Success</status>
  <statusText></statusText>
  <lastSuccessEndTime>2025-11-30T15:18:48.4836377Z</lastSuccessEndTime>
  <receivedTime>2025-11-30T15:18:44.5123265Z</receivedTime>
  <startTime>2025-11-30T15:18:45.7864013Z</startTime>
  <endTime>2025-11-30T15:18:48.4836377Z</endTime>
  <complete>True</complete>
  <is_temp>False</is_temp>
  <is_readonly>True</is_readonly>
  <buildSummary />
</deployment>