﻿<?xml version="1.0" encoding="utf-8"?>
<deployment>
  <id>cbdfdc4f-a458-45af-8086-c84dd6a900cd</id>
  <author>N/A</author>
  <deployer>GITHUB_ZIP_DEPLOY</deployer>
  <authorEmail>N/A</authorEmail>
  <message>{"type":"deployment","sha":"5c2bbaf2faf673d5f486d1bd6d801c13364082ff","repoName":"L96Expanded/D-D-Initiative","actor":"L96Expanded","slotName":"production","commitMessage":"Fix CORS credentials support by using FastAPI middleware\n\nProblem: Azure's built-in CORS doesn't support credentials properly\n- Access-Control-Allow-Credentials header was empty\n- This blocked all authenticated requests (login, logout, encounters, presets)\n\nSolution: Disabled Azure CORS, let FastAPI CORSMiddleware handle it\n- FastAPI middleware has allow_credentials=True configured\n- Removed Azure CORS configuration step from CI/CD\n- Manually removed Azure CORS settings: az webapp cors remove\n\nResult: CORS now works with credentials\n- Access-Control-Allow-Origin: https://karsusinitiative.com\n- Access-Control-Allow-Credentials: true\n- All authenticated endpoints now work from custom domain"}</message>
  <progress></progress>
  <status>Success</status>
  <statusText></statusText>
  <lastSuccessEndTime>2025-11-30T15:26:02.772256Z</lastSuccessEndTime>
  <receivedTime>2025-11-30T15:25:58.3344622Z</receivedTime>
  <startTime>2025-11-30T15:25:59.5858767Z</startTime>
  <endTime>2025-11-30T15:26:02.772256Z</endTime>
  <complete>True</complete>
  <is_temp>False</is_temp>
  <is_readonly>True</is_readonly>
  <buildSummary />
</deployment>