﻿<?xml version="1.0" encoding="utf-8"?>
<deployment>
  <id>82b1e3cc-af03-4f82-9c4f-37d8793ba7f3</id>
  <author>N/A</author>
  <deployer>GITHUB_ZIP_DEPLOY</deployer>
  <authorEmail>N/A</authorEmail>
  <message>{"type":"deployment","sha":"0da70134133023a59285ea00d1a05dae5df0a37d","repoName":"L96Expanded/D-D-Initiative","actor":"L96Expanded","slotName":"production","commitMessage":"Add comprehensive troubleshooting documentation\n\n- Added CLOUDFLARE_DNS_FIX.md with DNS configuration steps\n- Added docs/CLEANUP_SUMMARY.md documenting repository cleanup\n- Documents CORS fixes and Azure Storage configuration\n- Provides step-by-step troubleshooting for domain issues"}</message>
  <progress></progress>
  <status>Success</status>
  <statusText></statusText>
  <lastSuccessEndTime>2025-11-30T15:36:39.0071766Z</lastSuccessEndTime>
  <receivedTime>2025-11-30T15:36:34.7876616Z</receivedTime>
  <startTime>2025-11-30T15:36:36.0436585Z</startTime>
  <endTime>2025-11-30T15:36:39.0071766Z</endTime>
  <complete>True</complete>
  <is_temp>False</is_temp>
  <is_readonly>True</is_readonly>
  <buildSummary />
</deployment>