﻿<?xml version="1.0" encoding="utf-8"?>
<deployment>
  <id>d3205b1c-0f0f-4f2c-879f-914de5759817</id>
  <author>N/A</author>
  <deployer>GITHUB_ZIP_DEPLOY</deployer>
  <authorEmail>N/A</authorEmail>
  <message>{"type":"deployment","sha":"9d344a32da1840219371a4474856b3fec3211716","repoName":"L96Expanded/D-D-Initiative","actor":"L96Expanded","slotName":"production","commitMessage":"Fix preset edit to include creatures in update request"}</message>
  <progress></progress>
  <status>Success</status>
  <statusText></statusText>
  <lastSuccessEndTime>2025-11-30T16:14:33.3201911Z</lastSuccessEndTime>
  <receivedTime>2025-11-30T16:14:29.3859756Z</receivedTime>
  <startTime>2025-11-30T16:14:30.7511701Z</startTime>
  <endTime>2025-11-30T16:14:33.3201911Z</endTime>
  <complete>True</complete>
  <is_temp>False</is_temp>
  <is_readonly>True</is_readonly>
  <buildSummary />
</deployment>