﻿<?xml version="1.0" encoding="utf-8"?>
<deployment>
  <id>27ff8af4-b829-48e5-a962-eb35645c33aa</id>
  <author>N/A</author>
  <deployer>GITHUB_ZIP_DEPLOY</deployer>
  <authorEmail>N/A</authorEmail>
  <message>{"type":"deployment","sha":"a361d49d317e1f99152fe75e58582caa7153f924","repoName":"L96Expanded/D-D-Initiative","actor":"L96Expanded","slotName":"production","commitMessage":"Add portability refactoring summary documentation"}</message>
  <progress></progress>
  <status>Success</status>
  <statusText></statusText>
  <lastSuccessEndTime>2025-11-30T14:31:11.2402499Z</lastSuccessEndTime>
  <receivedTime>2025-11-30T14:31:05.6937157Z</receivedTime>
  <startTime>2025-11-30T14:31:06.9891251Z</startTime>
  <endTime>2025-11-30T14:31:11.2402499Z</endTime>
  <complete>True</complete>
  <is_temp>False</is_temp>
  <is_readonly>True</is_readonly>
  <buildSummary />
</deployment>