<step title="Incoming Request" date="2025-11-30T11:58:13.261" instance="e17388" url="/api/deployments/latest?deployer=GITHUB_ZIP_DEPLOY&amp;time=2025-11-30_11-58-06Z" method="GET" type="request" pid="768,1,7" Host="dnd-initiative-prod.scm.azurewebsites.net" User-Agent="GITHUBACTIONS_DeployWebAppToAzure_d8ba7f0e74ab0e5d77dc87dc029177abee8253c2c7da9cd65d79dc2913806d42" Authorization="Bea..." Content-Type="application/json; charset=utf-8" Cookie="ARRAffinity=e173888f2e6cd428dbbbd21dde5a1f029e33073760f641fbae8fdb677285960a;Path=/;HttpOnly;Secure;Domain=dnd-initiative-prod.scm.azurewebsites.net; ARRAffinitySameSite=e173888f2e6cd428dbbbd21dde5a1f029e33073760f641fbae8fdb677285960a;Path=/;HttpOnly;SameSite=None;Secure;Domain=dnd-initiative-prod.scm.azurewebsites.net" Content-Length="0" X-ARR-LOG-ID="90e2864c-0341-4f5c-89a1-459c8a700e78" CLIENT-IP="172.183.94.162:19473" X-SITE-DEPLOYMENT-ID="dnd-initiative-prod" WAS-DEFAULT-HOSTNAME="dnd-initiative-prod.scm.azurewebsites.net" X-Forwarded-Proto="https" X-AppService-Proto="https" X-Forwarded-TlsVersion="1.3" X-WAWS-Unencoded-URL="/api/deployments/latest?deployer=GITHUB_ZIP_DEPLOY&amp;time=2025-11-30_11-58-06Z" X-Client-IP="172.183.94.162" X-Client-Port="19473" >
  <step title="Cleanup Xml Logs" date="2025-11-30T11:58:13.263" >
    <step title="Cleanup Infos" date="2025-11-30T11:58:13.271" totalFiles="446" totalCleanup="286" /><!-- duration: 5ms -->
  </step><!-- duration: 15ms -->
  <step title="DeploymentService.GetResult" date="2025-11-30T11:58:13.284" >
    <step title="DeploymentService.GetLatestDeployment" date="2025-11-30T11:58:13.286" >
      <step title="DeploymentManager.GetResults" date="2025-11-30T11:58:13.288" /><!-- duration: 876ms -->
    </step><!-- duration: 880ms -->
  </step><!-- duration: 883ms -->
  <step title="Outgoing response" date="2025-11-30T11:58:14.170" type="response" statusCode="202" statusText="Accepted" /><!-- duration: 2ms -->
</step><!-- duration: 912ms -->
