<step title="BackgroundTrace" date="2025-11-27T10:10:02.926" instance="e17388" url="/api/zipdeploy" method="POST" >
  <step title="Creating temporary deployment - FetchDeploymentManager" date="2025-11-27T10:10:02.974" /><!-- duration: 1ms -->
  <step title="Creating temporary deployment" date="2025-11-27T10:10:02.978" /><!-- duration: 45ms -->
  <step title="Performing fetch based deployment" date="2025-11-27T10:10:03.039" >
    <step title="Cleaning up temp folders from previous zip deployments and extracting pushed zip file /tmp/zipdeploy/838fd61d-f1dc-4972-a576-01ab3415e091.zip (0.03 MB) to /tmp/zipdeploy/extracted" date="2025-11-27T10:10:04.171" >
      <step title="ChmodRecursive Process exited with total time taken in ms: 10" date="2025-11-27T10:10:04.440" /><!-- duration: 2ms -->
    </step><!-- duration: 272ms -->
    <step title="Deployment timer started" date="2025-11-27T10:10:06.448" >
      <step title="DeploymentManager.Deploy(id:028673ba-c1d9-4579-b3f8-bf11873309c7)" date="2025-11-27T10:10:06.451" >
        <step title="Collecting changeset information" date="2025-11-27T10:10:06.460" /><!-- duration: 73ms -->
        <step title="Updating submodules" date="2025-11-27T10:10:06.536" /><!-- duration: 1149ms -->
        <step title="Determining deployment builder" date="2025-11-27T10:10:07.878" >
          <step title="Builder is BasicBuilder" date="2025-11-27T10:10:07.884" /><!-- duration: 2ms -->
        </step><!-- duration: 10ms -->
        <step title="PreDeployment: context.CleanOutputPath False" date="2025-11-27T10:10:07.937" >
          <step title="PreDeployment: context.OutputPath /home/site/wwwroot" date="2025-11-27T10:10:08.054" >
            <step title="Building" date="2025-11-27T10:10:08.188" >
              <step title="Executing external process" date="2025-11-27T10:10:08.436" type="process" path="starter.sh" arguments="/opt/Kudu/Scripts/parallel_rsync.sh /tmp/zipdeploy/extracted /home/site/wwwroot 8 /tmp/ False True  " /><!-- duration: 1775ms -->
              <step title="Triggering recycle (preview mode disabled)." date="2025-11-27T10:10:10.420" /><!-- duration: 1ms -->
              <step title="Modified file to trigger a restart of the app container." date="2025-11-27T10:10:10.438" /><!-- duration: 1ms -->
              <step title="Skip function trigger and logicapp sync because function is not enabled." date="2025-11-27T10:10:10.442" /><!-- duration: 5ms -->
              <step title="Purge deployment items" date="2025-11-27T10:10:11.642" >
                <step title="Remove 27a9bea8-, Failed, received at 11/27/2025 10:07:08" date="2025-11-27T10:10:11.719" /><!-- duration: 1ms -->
                <step title="Remove f54eb1e2-, Success, received at 11/27/2025 08:35:04" date="2025-11-27T10:10:11.776" /><!-- duration: 1ms -->
              </step><!-- duration: 137ms -->
            </step><!-- duration: 3671ms -->
          </step><!-- duration: 3808ms -->
          <step title="Cleaning up temp files" date="2025-11-27T10:10:11.863" /><!-- duration: 2ms -->
          <step title="Cleaning up temp files" date="2025-11-27T10:10:11.867" /><!-- duration: 505ms -->
          <step title="Reloading status file with latest updates" date="2025-11-27T10:10:12.420" >
            <step title="WebHooksManager.PublishEventAsync: PostDeployment" date="2025-11-27T10:10:12.422" /><!-- duration: 23ms -->
          </step><!-- duration: 27ms -->
          <step title="Cleaning up temporary deployment - fetch deployment was successful" date="2025-11-27T10:10:12.450" /><!-- duration: 2ms -->
        </step><!-- duration: 4599ms -->
      </step><!-- duration: 6093ms -->
