<step title="Incoming Request" date="2025-11-30T10:45:27.127" instance="e17388" url="/api/deployments/latest?deployer=GITHUB_ZIP_DEPLOY&amp;time=2025-11-30_10-45-20Z" method="GET" type="request" pid="768,1,7" Host="dnd-initiative-prod.scm.azurewebsites.net" User-Agent="GITHUBACTIONS_DeployWebAppToAzure_d8ba7f0e74ab0e5d77dc87dc029177abee8253c2c7da9cd65d79dc2913806d42" Authorization="Bea..." Content-Type="application/json; charset=utf-8" Cookie="ARRAffinity=e173888f2e6cd428dbbbd21dde5a1f029e33073760f641fbae8fdb677285960a;Path=/;HttpOnly;Secure;Domain=dnd-initiative-prod.scm.azurewebsites.net; ARRAffinitySameSite=e173888f2e6cd428dbbbd21dde5a1f029e33073760f641fbae8fdb677285960a;Path=/;HttpOnly;SameSite=None;Secure;Domain=dnd-initiative-prod.scm.azurewebsites.net" Content-Length="0" X-ARR-LOG-ID="7beb9a43-e2ea-45df-b90e-853460272408" CLIENT-IP="52.225.25.49:22529" X-SITE-DEPLOYMENT-ID="dnd-initiative-prod" WAS-DEFAULT-HOSTNAME="dnd-initiative-prod.scm.azurewebsites.net" X-Forwarded-Proto="https" X-AppService-Proto="https" X-Forwarded-TlsVersion="1.3" X-WAWS-Unencoded-URL="/api/deployments/latest?deployer=GITHUB_ZIP_DEPLOY&amp;time=2025-11-30_10-45-20Z" X-Client-IP="52.225.25.49" X-Client-Port="22529" >
  <step title="Cleanup Xml Logs" date="2025-11-30T10:45:27.132" >
    <step title="Cleanup Infos" date="2025-11-30T10:45:27.163" totalFiles="438" totalCleanup="278" /><!-- duration: 14ms -->
  </step><!-- duration: 48ms -->
  <step title="DeploymentService.GetResult" date="2025-11-30T10:45:27.189" >
    <step title="DeploymentService.GetLatestDeployment" date="2025-11-30T10:45:27.192" >
      <step title="DeploymentManager.GetResults" date="2025-11-30T10:45:27.197" /><!-- duration: 643ms -->
    </step><!-- duration: 650ms -->
  </step><!-- duration: 654ms -->
  <step title="Outgoing response" date="2025-11-30T10:45:27.846" type="response" statusCode="202" statusText="Accepted" /><!-- duration: 5ms -->
</step><!-- duration: 725ms -->
