<step title="BackgroundTrace" date="2025-11-30T12:28:25.829" instance="e17388" url="/api/zipdeploy" method="POST" >
  <step title="Creating temporary deployment - FetchDeploymentManager" date="2025-11-30T12:28:25.891" /><!-- duration: 1ms -->
  <step title="Creating temporary deployment" date="2025-11-30T12:28:25.895" /><!-- duration: 35ms -->
  <step title="Performing fetch based deployment" date="2025-11-30T12:28:25.952" >
    <step title="Cleaning up temp folders from previous zip deployments and extracting pushed zip file /tmp/zipdeploy/5bc5d97a-2ea4-4b6a-b7ab-9382083cf020.zip (0.05 MB) to /tmp/zipdeploy/extracted" date="2025-11-30T12:28:27.069" >
      <step title="ChmodRecursive Process exited with total time taken in ms: 19" date="2025-11-30T12:28:27.127" /><!-- duration: 3ms -->
    </step><!-- duration: 66ms -->
    <step title="Deployment timer started" date="2025-11-30T12:28:29.140" >
      <step title="DeploymentManager.Deploy(id:fe6468ec-cbd1-478a-977c-ad4748c89dda)" date="2025-11-30T12:28:29.144" >
        <step title="Collecting changeset information" date="2025-11-30T12:28:29.153" /><!-- duration: 69ms -->
        <step title="Updating submodules" date="2025-11-30T12:28:29.225" /><!-- duration: 1135ms -->
        <step title="Determining deployment builder" date="2025-11-30T12:28:30.528" >
          <step title="Builder is BasicBuilder" date="2025-11-30T12:28:30.534" /><!-- duration: 2ms -->
        </step><!-- duration: 9ms -->
        <step title="PreDeployment: context.CleanOutputPath False" date="2025-11-30T12:28:30.584" >
          <step title="PreDeployment: context.OutputPath /home/site/wwwroot" date="2025-11-30T12:28:30.708" >
            <step title="Building" date="2025-11-30T12:28:30.824" >
              <step title="Executing external process" date="2025-11-30T12:28:31.083" type="process" path="starter.sh" arguments="/opt/Kudu/Scripts/parallel_rsync.sh /tmp/zipdeploy/extracted /home/site/wwwroot 8 /tmp/ False True  " /><!-- duration: 1395ms -->
              <step title="Triggering recycle (preview mode disabled)." date="2025-11-30T12:28:32.708" /><!-- duration: 4ms -->
              <step title="Modified file to trigger a restart of the app container." date="2025-11-30T12:28:32.732" /><!-- duration: 2ms -->
              <step title="Skip function trigger and logicapp sync because function is not enabled." date="2025-11-30T12:28:32.737" /><!-- duration: 1ms -->
              <step title="Purge deployment items" date="2025-11-30T12:28:34.275" >
                <step title="Remove 3539547e-, Success, received at 11/28/2025 09:30:41" date="2025-11-30T12:28:34.318" /><!-- duration: 2ms -->
              </step><!-- duration: 46ms -->
            </step><!-- duration: 3565ms -->
          </step><!-- duration: 3683ms -->
          <step title="Cleaning up temp files" date="2025-11-30T12:28:34.393" /><!-- duration: 2ms -->
          <step title="Cleaning up temp files" date="2025-11-30T12:28:34.401" /><!-- duration: 502ms -->
          <step title="Reloading status file with latest updates" date="2025-11-30T12:28:34.945" >
            <step title="WebHooksManager.PublishEventAsync: PostDeployment" date="2025-11-30T12:28:34.948" /><!-- duration: 44ms -->
          </step><!-- duration: 48ms -->
          <step title="Cleaning up temporary deployment - fetch deployment was successful" date="2025-11-30T12:28:34.996" /><!-- duration: 1ms -->
        </step><!-- duration: 4471ms -->
      </step><!-- duration: 5919ms -->
