<step title="Incoming Request" date="2025-11-27T22:51:56.152" instance="e17388" url="/api/deployments/latest?deployer=GITHUB_ZIP_DEPLOY&amp;time=2025-11-27_22-51-49Z" method="GET" type="request" pid="769,1,3" Host="dnd-initiative-prod.scm.azurewebsites.net" User-Agent="GITHUBACTIONS_DeployWebAppToAzure_d8ba7f0e74ab0e5d77dc87dc029177abee8253c2c7da9cd65d79dc2913806d42" Authorization="Bea..." Content-Type="application/json; charset=utf-8" Cookie="ARRAffinity=e173888f2e6cd428dbbbd21dde5a1f029e33073760f641fbae8fdb677285960a;Path=/;HttpOnly;Secure;Domain=dnd-initiative-prod.scm.azurewebsites.net; ARRAffinitySameSite=e173888f2e6cd428dbbbd21dde5a1f029e33073760f641fbae8fdb677285960a;Path=/;HttpOnly;SameSite=None;Secure;Domain=dnd-initiative-prod.scm.azurewebsites.net" Content-Length="0" X-ARR-LOG-ID="86be20af-50a1-4ea0-9c89-ee7704298106" CLIENT-IP="52.238.26.245:24449" X-SITE-DEPLOYMENT-ID="dnd-initiative-prod" WAS-DEFAULT-HOSTNAME="dnd-initiative-prod.scm.azurewebsites.net" X-Forwarded-Proto="https" X-AppService-Proto="https" X-Forwarded-TlsVersion="1.3" X-WAWS-Unencoded-URL="/api/deployments/latest?deployer=GITHUB_ZIP_DEPLOY&amp;time=2025-11-27_22-51-49Z" X-Client-IP="52.238.26.245" X-Client-Port="24449" >
  <step title="Cleanup Xml Logs" date="2025-11-27T22:51:56.154" >
    <step title="Cleanup Infos" date="2025-11-27T22:51:56.170" totalFiles="388" totalCleanup="228" /><!-- duration: 3ms -->
  </step><!-- duration: 21ms -->
  <step title="DeploymentService.GetResult" date="2025-11-27T22:51:56.190" >
    <step title="DeploymentService.GetLatestDeployment" date="2025-11-27T22:51:56.193" >
      <step title="DeploymentManager.GetResults" date="2025-11-27T22:51:56.195" /><!-- duration: 1258ms -->
    </step><!-- duration: 1267ms -->
  </step><!-- duration: 1272ms -->
  <step title="Outgoing response" date="2025-11-27T22:51:57.486" type="response" statusCode="202" statusText="Accepted" /><!-- duration: 12ms -->
</step><!-- duration: 1347ms -->
