<step title="BackgroundTrace" date="2025-11-27T22:51:49.803" instance="e17388" url="/api/zipdeploy" method="POST" >
  <step title="Creating temporary deployment - FetchDeploymentManager" date="2025-11-27T22:51:49.866" /><!-- duration: 1ms -->
  <step title="Creating temporary deployment" date="2025-11-27T22:51:49.869" /><!-- duration: 31ms -->
  <step title="Performing fetch based deployment" date="2025-11-27T22:51:49.921" >
    <step title="Cleaning up temp folders from previous zip deployments and extracting pushed zip file /tmp/zipdeploy/f533f3e7-79dd-43d6-99bc-3c4b9818a223.zip (0.03 MB) to /tmp/zipdeploy/extracted" date="2025-11-27T22:51:51.072" >
      <step title="ChmodRecursive Process exited with total time taken in ms: 12" date="2025-11-27T22:51:51.111" /><!-- duration: 2ms -->
    </step><!-- duration: 43ms -->
    <step title="Deployment timer started" date="2025-11-27T22:51:53.124" >
      <step title="DeploymentManager.Deploy(id:97ad1022-5429-48e9-b74e-fb8fbec40416)" date="2025-11-27T22:51:53.129" >
        <step title="Collecting changeset information" date="2025-11-27T22:51:53.136" /><!-- duration: 62ms -->
        <step title="Updating submodules" date="2025-11-27T22:51:53.202" /><!-- duration: 1110ms -->
        <step title="Determining deployment builder" date="2025-11-27T22:51:54.488" >
          <step title="Builder is BasicBuilder" date="2025-11-27T22:51:54.493" /><!-- duration: 1ms -->
        </step><!-- duration: 9ms -->
        <step title="PreDeployment: context.CleanOutputPath False" date="2025-11-27T22:51:54.539" >
          <step title="PreDeployment: context.OutputPath /home/site/wwwroot" date="2025-11-27T22:51:54.669" >
            <step title="Building" date="2025-11-27T22:51:54.793" >
              <step title="Executing external process" date="2025-11-27T22:51:55.063" type="process" path="starter.sh" arguments="/opt/Kudu/Scripts/parallel_rsync.sh /tmp/zipdeploy/extracted /home/site/wwwroot 8 /tmp/ False True  " /><!-- duration: 1531ms -->
              <step title="Triggering recycle (preview mode disabled)." date="2025-11-27T22:51:56.800" /><!-- duration: 1ms -->
              <step title="Modified file to trigger a restart of the app container." date="2025-11-27T22:51:56.818" /><!-- duration: 2ms -->
              <step title="Skip function trigger and logicapp sync because function is not enabled." date="2025-11-27T22:51:56.822" /><!-- duration: 7ms -->
              <step title="Purge deployment items" date="2025-11-27T22:51:58.469" >
                <step title="Remove 2ed92907-, Success, received at 11/27/2025 22:14:22" date="2025-11-27T22:51:58.520" /><!-- duration: 2ms -->
              </step><!-- duration: 54ms -->
            </step><!-- duration: 3799ms -->
          </step><!-- duration: 3931ms -->
          <step title="Cleaning up temp files" date="2025-11-27T22:51:58.602" /><!-- duration: 4ms -->
          <step title="Cleaning up temp files" date="2025-11-27T22:51:58.608" /><!-- duration: 503ms -->
          <step title="Reloading status file with latest updates" date="2025-11-27T22:51:59.152" >
            <step title="WebHooksManager.PublishEventAsync: PostDeployment" date="2025-11-27T22:51:59.156" /><!-- duration: 103ms -->
          </step><!-- duration: 111ms -->
          <step title="Cleaning up temporary deployment - fetch deployment was successful" date="2025-11-27T22:51:59.267" /><!-- duration: 2ms -->
        </step><!-- duration: 4791ms -->
      </step><!-- duration: 6215ms -->
