<step title="Incoming Request" date="2025-11-27T22:32:47.263" instance="e17388" url="/api/zipdeploy?isAsync=true&amp;deployer=GITHUB_ZIP_DEPLOY&amp;message=%7B%22type%22%3A%22deployment%22%2C%22sha%22%3A%2263b9a407d18e6be5ec0b3f39c82f08852ad96bd9%22%2C%22repoName%22%3A%22L96Expanded%2FD-D-Initiative%22%2C%22actor%22%3A%22L96Expanded%22%2C%22slotName%22%3A%22production%22%2C%22commitMessage%22%3A%22Trigger%20frontend%20deployment%20workflow%22%7D" method="POST" type="request" pid="768,1,3" Host="dnd-initiative-prod.scm.azurewebsites.net" User-Agent="GITHUBACTIONS_DeployWebAppToAzure_d8ba7f0e74ab0e5d77dc87dc029177abee8253c2c7da9cd65d79dc2913806d42" Authorization="Bea..." Content-Type="application/octet-stream" Cookie="ARRAffinity=e173888f2e6cd428dbbbd21dde5a1f029e33073760f641fbae8fdb677285960a;Path=/;HttpOnly;Secure;Domain=dnd-initiative-prod.scm.azurewebsites.net; ARRAffinitySameSite=e173888f2e6cd428dbbbd21dde5a1f029e33073760f641fbae8fdb677285960a;Path=/;HttpOnly;SameSite=None;Secure;Domain=dnd-initiative-prod.scm.azurewebsites.net" Transfer-Encoding="chunked" X-ARR-LOG-ID="9f955941-517d-4616-89d4-1a8f44fc963b" CLIENT-IP="40.116.93.52:30784" X-SITE-DEPLOYMENT-ID="dnd-initiative-prod" WAS-DEFAULT-HOSTNAME="dnd-initiative-prod.scm.azurewebsites.net" X-Forwarded-Proto="https" X-AppService-Proto="https" X-Forwarded-TlsVersion="1.3" X-WAWS-Unencoded-URL="/api/zipdeploy?isAsync=true&amp;deployer=GITHUB_ZIP_DEPLOY&amp;message=%7B%22type%22%3A%22deployment%22%2C%22sha%22%3A%2263b9a407d18e6be5ec0b3f39c82f08852ad96bd9%22%2C%22repoName%22%3A%22L96Expanded%2FD-D-Initiative%22%2C%22actor%22%3A%22L96Expanded%22%2C%22slotName%22%3A%22production%22%2C%22commitMessage%22%3A%22Trigger%20frontend%20deployment%20workflow%22%7D" X-Client-IP="40.116.93.52" X-Client-Port="30784" >
  <step title="ZipPushDeploy" date="2025-11-27T22:32:47.281" >
    <step title="ZipDeploy. Extract zip." date="2025-11-27T22:32:47.284" /><!-- duration: 2ms -->
    <step title="None repository commit" date="2025-11-27T22:32:47.289" >
      <step title="Commit id: edb349b7-91bf-48b5-a66f-a199e970b1a1" date="2025-11-27T22:32:47.291" Message="N/A" AuthorName="N/A" AuthorEmail="N/A" /><!-- duration: 2ms -->
    </step><!-- duration: 5ms -->
    <step title="Starting PushDeployAsync" date="2025-11-27T22:32:47.296" /><!-- duration: 2ms -->
    <step title="Writing artifact to /tmp/zipdeploy/d2e8c2c8-5e99-4f56-ad18-91ccabe00c84.zip" date="2025-11-27T22:32:47.304" >
      <step title="Writing multipart request body to /tmp/zipdeploy/d2e8c2c8-5e99-4f56-ad18-91ccabe00c84.zip" date="2025-11-27T22:32:47.307" /><!-- duration: 2ms -->
    </step><!-- duration: 17ms -->
    <step title="Start deployment in the background" date="2025-11-27T22:32:47.326" >
      <step title="Acquiring Deployment Lock" date="2025-11-27T22:32:47.337" /><!-- duration: 2ms -->
      <step title="Acquired Deployment Lock" date="2025-11-27T22:32:47.371" /><!-- duration: 2ms -->
    </step><!-- duration: 94ms -->
  </step><!-- duration: 143ms -->
  <step title="Outgoing response" date="2025-11-27T22:32:47.428" type="response" statusCode="202" statusText="Accepted" /><!-- duration: 2ms -->
</step><!-- duration: 168ms -->
