<step title="BackgroundTrace" date="2025-11-27T19:16:05.693" instance="e17388" url="/api/zipdeploy" method="POST" >
  <step title="Creating temporary deployment - FetchDeploymentManager" date="2025-11-27T19:16:05.852" /><!-- duration: 13ms -->
  <step title="Creating temporary deployment" date="2025-11-27T19:16:05.869" /><!-- duration: 67ms -->
  <step title="Performing fetch based deployment" date="2025-11-27T19:16:05.997" >
    <step title="Cleaning up temp folders from previous zip deployments and extracting pushed zip file /tmp/zipdeploy/b3292241-851d-40b3-a978-bac8b2059cd4.zip (0.03 MB) to /tmp/zipdeploy/extracted" date="2025-11-27T19:16:07.184" >
      <step title="ChmodRecursive Process exited with total time taken in ms: 42" date="2025-11-27T19:16:07.263" /><!-- duration: 2ms -->
    </step><!-- duration: 83ms -->
    <step title="Deployment timer started" date="2025-11-27T19:16:09.272" >
      <step title="DeploymentManager.Deploy(id:daa2ecd3-7d0d-4980-a679-47f21c6865a2)" date="2025-11-27T19:16:09.275" >
        <step title="Collecting changeset information" date="2025-11-27T19:16:09.288" /><!-- duration: 67ms -->
        <step title="Updating submodules" date="2025-11-27T19:16:09.358" /><!-- duration: 1130ms -->
        <step title="Determining deployment builder" date="2025-11-27T19:16:10.699" >
          <step title="Builder is BasicBuilder" date="2025-11-27T19:16:10.704" /><!-- duration: 2ms -->
        </step><!-- duration: 8ms -->
        <step title="PreDeployment: context.CleanOutputPath False" date="2025-11-27T19:16:10.748" >
          <step title="PreDeployment: context.OutputPath /home/site/wwwroot" date="2025-11-27T19:16:10.880" >
            <step title="Building" date="2025-11-27T19:16:11.011" >
              <step title="Executing external process" date="2025-11-27T19:16:11.263" type="process" path="starter.sh" arguments="/opt/Kudu/Scripts/parallel_rsync.sh /tmp/zipdeploy/extracted /home/site/wwwroot 8 /tmp/ False True  " /><!-- duration: 1428ms -->
              <step title="Triggering recycle (preview mode disabled)." date="2025-11-27T19:16:12.888" /><!-- duration: 4ms -->
              <step title="Modified file to trigger a restart of the app container." date="2025-11-27T19:16:12.909" /><!-- duration: 2ms -->
              <step title="Skip function trigger and logicapp sync because function is not enabled." date="2025-11-27T19:16:12.913" /><!-- duration: 2ms -->
              <step title="Purge deployment items" date="2025-11-27T19:16:14.725" >
                <step title="Remove b7e71cb3-, Success, received at 11/27/2025 10:17:56" date="2025-11-27T19:16:14.773" /><!-- duration: 14ms -->
              </step><!-- duration: 63ms -->
            </step><!-- duration: 3840ms -->
          </step><!-- duration: 3973ms -->
          <step title="Cleaning up temp files" date="2025-11-27T19:16:14.855" /><!-- duration: 3ms -->
          <step title="Cleaning up temp files" date="2025-11-27T19:16:14.860" /><!-- duration: 502ms -->
          <step title="Reloading status file with latest updates" date="2025-11-27T19:16:15.389" >
            <step title="WebHooksManager.PublishEventAsync: PostDeployment" date="2025-11-27T19:16:15.393" /><!-- duration: 28ms -->
          </step><!-- duration: 33ms -->
          <step title="Cleaning up temporary deployment - fetch deployment was successful" date="2025-11-27T19:16:15.425" /><!-- duration: 2ms -->
        </step><!-- duration: 4729ms -->
      </step><!-- duration: 6211ms -->
