<step title="Incoming Request" date="2025-11-27T10:02:26.237" instance="e17388" url="/api/zipdeploy?isAsync=true&amp;deployer=GITHUB_ZIP_DEPLOY&amp;message=%7B%22type%22%3A%22deployment%22%2C%22sha%22%3A%2214d972f9b1d030f8b4a01ebacbe1df6bec3c3bf2%22%2C%22repoName%22%3A%22L96Expanded%2FD-D-Initiative%22%2C%22actor%22%3A%22L96Expanded%22%2C%22slotName%22%3A%22production%22%2C%22commitMessage%22%3A%22Separate%20frontend%20(Static%20Web%20App)%20and%20backend%20(App%20Service)%20deployments%22%7D" method="POST" type="request" pid="768,1,18" Host="dnd-initiative-prod.scm.azurewebsites.net" User-Agent="GITHUBACTIONS_DeployWebAppToAzure_d8ba7f0e74ab0e5d77dc87dc029177abee8253c2c7da9cd65d79dc2913806d42" Authorization="Bea..." Content-Type="application/octet-stream" Cookie="ARRAffinity=e173888f2e6cd428dbbbd21dde5a1f029e33073760f641fbae8fdb677285960a;Path=/;HttpOnly;Secure;Domain=dnd-initiative-prod.scm.azurewebsites.net; ARRAffinitySameSite=e173888f2e6cd428dbbbd21dde5a1f029e33073760f641fbae8fdb677285960a;Path=/;HttpOnly;SameSite=None;Secure;Domain=dnd-initiative-prod.scm.azurewebsites.net" Transfer-Encoding="chunked" X-ARR-LOG-ID="e6b277e6-860b-41f5-bb3c-eb1d89846a42" CLIENT-IP="64.236.142.146:46096" X-SITE-DEPLOYMENT-ID="dnd-initiative-prod" WAS-DEFAULT-HOSTNAME="dnd-initiative-prod.scm.azurewebsites.net" X-Forwarded-Proto="https" X-AppService-Proto="https" X-Forwarded-TlsVersion="1.3" X-WAWS-Unencoded-URL="/api/zipdeploy?isAsync=true&amp;deployer=GITHUB_ZIP_DEPLOY&amp;message=%7B%22type%22%3A%22deployment%22%2C%22sha%22%3A%2214d972f9b1d030f8b4a01ebacbe1df6bec3c3bf2%22%2C%22repoName%22%3A%22L96Expanded%2FD-D-Initiative%22%2C%22actor%22%3A%22L96Expanded%22%2C%22slotName%22%3A%22production%22%2C%22commitMessage%22%3A%22Separate%20frontend%20(Static%20Web%20App)%20and%20backend%20(App%20Service)%20deployments%22%7D" X-Client-IP="64.236.142.146" X-Client-Port="46096" >
  <step title="ZipPushDeploy" date="2025-11-27T10:02:26.254" >
    <step title="ZipDeploy. Extract zip." date="2025-11-27T10:02:26.263" /><!-- duration: 2ms -->
    <step title="None repository commit" date="2025-11-27T10:02:26.269" >
      <step title="Commit id: a5c0ddf6-4be0-49ef-9945-f8c001a76f90" date="2025-11-27T10:02:26.270" Message="N/A" AuthorName="N/A" AuthorEmail="N/A" /><!-- duration: 2ms -->
    </step><!-- duration: 5ms -->
    <step title="Starting PushDeployAsync" date="2025-11-27T10:02:26.275" /><!-- duration: 2ms -->
    <step title="Writing artifact to /tmp/zipdeploy/89a6d4c7-8791-447f-828d-a6280fe9c788.zip" date="2025-11-27T10:02:26.283" >
      <step title="Writing multipart request body to /tmp/zipdeploy/89a6d4c7-8791-447f-828d-a6280fe9c788.zip" date="2025-11-27T10:02:26.286" /><!-- duration: 2ms -->
    </step><!-- duration: 24ms -->
    <step title="Start deployment in the background" date="2025-11-27T10:02:26.313" >
      <step title="Acquiring Deployment Lock" date="2025-11-27T10:02:26.324" /><!-- duration: 3ms -->
      <step title="Acquired Deployment Lock" date="2025-11-27T10:02:26.409" /><!-- duration: 2ms -->
    </step><!-- duration: 147ms -->
  </step><!-- duration: 211ms -->
  <step title="Outgoing response" date="2025-11-27T10:02:26.469" type="response" statusCode="202" statusText="Accepted" /><!-- duration: 2ms -->
</step><!-- duration: 235ms -->
