<step title="Incoming Request" date="2025-11-30T12:06:33.024" instance="e17388" url="/api/deployments/latest?deployer=GITHUB_ZIP_DEPLOY&amp;time=2025-11-30_12-06-26Z" method="GET" type="request" pid="768,1,14" Host="dnd-initiative-prod.scm.azurewebsites.net" User-Agent="GITHUBACTIONS_DeployWebAppToAzure_d8ba7f0e74ab0e5d77dc87dc029177abee8253c2c7da9cd65d79dc2913806d42" Authorization="Bea..." Content-Type="application/json; charset=utf-8" Cookie="ARRAffinity=e173888f2e6cd428dbbbd21dde5a1f029e33073760f641fbae8fdb677285960a;Path=/;HttpOnly;Secure;Domain=dnd-initiative-prod.scm.azurewebsites.net; ARRAffinitySameSite=e173888f2e6cd428dbbbd21dde5a1f029e33073760f641fbae8fdb677285960a;Path=/;HttpOnly;SameSite=None;Secure;Domain=dnd-initiative-prod.scm.azurewebsites.net" Content-Length="0" X-ARR-LOG-ID="c9ea4c77-4b08-4db7-bbd8-0272de378108" CLIENT-IP="20.168.111.80:56336" X-SITE-DEPLOYMENT-ID="dnd-initiative-prod" WAS-DEFAULT-HOSTNAME="dnd-initiative-prod.scm.azurewebsites.net" X-Forwarded-Proto="https" X-AppService-Proto="https" X-Forwarded-TlsVersion="1.3" X-WAWS-Unencoded-URL="/api/deployments/latest?deployer=GITHUB_ZIP_DEPLOY&amp;time=2025-11-30_12-06-26Z" X-Client-IP="20.168.111.80" X-Client-Port="56336" >
  <step title="Cleanup Xml Logs" date="2025-11-30T12:06:33.026" >
    <step title="Cleanup Infos" date="2025-11-30T12:06:33.037" totalFiles="455" totalCleanup="295" /><!-- duration: 9ms -->
  </step><!-- duration: 22ms -->
  <step title="DeploymentService.GetResult" date="2025-11-30T12:06:33.056" >
    <step title="DeploymentService.GetLatestDeployment" date="2025-11-30T12:06:33.059" >
      <step title="DeploymentManager.GetResults" date="2025-11-30T12:06:33.062" /><!-- duration: 583ms -->
    </step><!-- duration: 592ms -->
  </step><!-- duration: 599ms -->
  <step title="Outgoing response" date="2025-11-30T12:06:33.660" type="response" statusCode="202" statusText="Accepted" /><!-- duration: 4ms -->
</step><!-- duration: 646ms -->
