<step title="Incoming Request" date="2025-11-30T12:21:02.587" instance="e17388" url="/api/zipdeploy?isAsync=true&amp;deployer=GITHUB_ZIP_DEPLOY&amp;message=%7B%22type%22%3A%22deployment%22%2C%22sha%22%3A%22db7b0a1dcad365761e1cd185d2cbfbcd801eaa07%22%2C%22repoName%22%3A%22L96Expanded%2FD-D-Initiative%22%2C%22actor%22%3A%22L96Expanded%22%2C%22slotName%22%3A%22production%22%2C%22commitMessage%22%3A%22Fix%20SQLite%20compatibility%3A%20Add%20custom%20UUID%20type%20for%20cross-database%20support%22%7D" method="POST" type="request" pid="767,1,19" Host="dnd-initiative-prod.scm.azurewebsites.net" User-Agent="GITHUBACTIONS_DeployWebAppToAzure_d8ba7f0e74ab0e5d77dc87dc029177abee8253c2c7da9cd65d79dc2913806d42" Authorization="Bea..." Content-Type="application/octet-stream" Cookie="ARRAffinity=e173888f2e6cd428dbbbd21dde5a1f029e33073760f641fbae8fdb677285960a;Path=/;HttpOnly;Secure;Domain=dnd-initiative-prod.scm.azurewebsites.net; ARRAffinitySameSite=e173888f2e6cd428dbbbd21dde5a1f029e33073760f641fbae8fdb677285960a;Path=/;HttpOnly;SameSite=None;Secure;Domain=dnd-initiative-prod.scm.azurewebsites.net" Transfer-Encoding="chunked" X-ARR-LOG-ID="13b5d386-9ce5-4c58-b2b7-df32abaadbea" CLIENT-IP="172.184.174.144:25600" X-SITE-DEPLOYMENT-ID="dnd-initiative-prod" WAS-DEFAULT-HOSTNAME="dnd-initiative-prod.scm.azurewebsites.net" X-Forwarded-Proto="https" X-AppService-Proto="https" X-Forwarded-TlsVersion="1.3" X-WAWS-Unencoded-URL="/api/zipdeploy?isAsync=true&amp;deployer=GITHUB_ZIP_DEPLOY&amp;message=%7B%22type%22%3A%22deployment%22%2C%22sha%22%3A%22db7b0a1dcad365761e1cd185d2cbfbcd801eaa07%22%2C%22repoName%22%3A%22L96Expanded%2FD-D-Initiative%22%2C%22actor%22%3A%22L96Expanded%22%2C%22slotName%22%3A%22production%22%2C%22commitMessage%22%3A%22Fix%20SQLite%20compatibility%3A%20Add%20custom%20UUID%20type%20for%20cross-database%20support%22%7D" X-Client-IP="172.184.174.144" X-Client-Port="25600" >
  <step title="ZipPushDeploy" date="2025-11-30T12:21:02.602" >
    <step title="ZipDeploy. Extract zip." date="2025-11-30T12:21:02.606" /><!-- duration: 2ms -->
    <step title="None repository commit" date="2025-11-30T12:21:02.610" >
      <step title="Commit id: 3f04a2ad-5069-4cb6-889e-3b578df3cb94" date="2025-11-30T12:21:02.612" Message="N/A" AuthorName="N/A" AuthorEmail="N/A" /><!-- duration: 1ms -->
    </step><!-- duration: 4ms -->
    <step title="Starting PushDeployAsync" date="2025-11-30T12:21:02.616" /><!-- duration: 1ms -->
    <step title="Writing artifact to /tmp/zipdeploy/f49ad38e-d40e-4179-8442-47896d69c4ac.zip" date="2025-11-30T12:21:02.624" >
      <step title="Writing multipart request body to /tmp/zipdeploy/f49ad38e-d40e-4179-8442-47896d69c4ac.zip" date="2025-11-30T12:21:02.626" /><!-- duration: 4ms -->
    </step><!-- duration: 23ms -->
    <step title="Start deployment in the background" date="2025-11-30T12:21:02.653" >
      <step title="Acquiring Deployment Lock" date="2025-11-30T12:21:02.682" /><!-- duration: 6ms -->
      <step title="Acquired Deployment Lock" date="2025-11-30T12:21:02.709" /><!-- duration: 2ms -->
    </step><!-- duration: 95ms -->
  </step><!-- duration: 151ms -->
  <step title="Outgoing response" date="2025-11-30T12:21:02.764" type="response" statusCode="202" statusText="Accepted" /><!-- duration: 2ms -->
</step><!-- duration: 180ms -->
