<step title="BackgroundTrace" date="2025-11-27T09:32:06.421" instance="e17388" url="/api/zipdeploy" method="POST" >
  <step title="Creating temporary deployment - FetchDeploymentManager" date="2025-11-27T09:32:06.477" /><!-- duration: 1ms -->
  <step title="Creating temporary deployment" date="2025-11-27T09:32:06.481" /><!-- duration: 91ms -->
  <step title="Performing fetch based deployment" date="2025-11-27T09:32:06.595" >
    <step title="Cleaning up temp folders from previous zip deployments and extracting pushed zip file /tmp/zipdeploy/da1cba72-aed3-416f-9de3-aecbdd776437.zip (3.61 MB) to /tmp/zipdeploy/extracted" date="2025-11-27T09:32:07.764" >
      <step title="ChmodRecursive Process exited with total time taken in ms: 22" date="2025-11-27T09:32:07.824" /><!-- duration: 2ms -->
    </step><!-- duration: 66ms -->
    <step title="Deployment timer started" date="2025-11-27T09:32:09.840" >
      <step title="DeploymentManager.Deploy(id:44eb4da7-cd01-4f0e-b7de-e681ee033b6f)" date="2025-11-27T09:32:09.843" >
        <step title="Collecting changeset information" date="2025-11-27T09:32:09.862" /><!-- duration: 83ms -->
        <step title="Updating submodules" date="2025-11-27T09:32:09.949" /><!-- duration: 1125ms -->
        <step title="Determining deployment builder" date="2025-11-27T09:32:11.284" >
          <step title="Builder is OryxBuilder" date="2025-11-27T09:32:11.295" /><!-- duration: 2ms -->
        </step><!-- duration: 39ms -->
        <step title="PreDeployment: context.CleanOutputPath False" date="2025-11-27T09:32:11.374" >
          <step title="PreDeployment: context.OutputPath /home/site/wwwroot" date="2025-11-27T09:32:11.503" >
            <step title="Building" date="2025-11-27T09:32:11.666" >
              <step title="Executing external process" date="2025-11-27T09:32:11.939" type="process" path="bash" arguments="-c &quot;oryx build /tmp/zipdeploy/extracted -o /home/site/wwwroot --platform python --platform-version 3.11 -p virtualenv_name=antenv --log-file /tmp/build-debug.log  -i /tmp/8de2d97d793e83f --compress-destination-dir | tee /tmp/oryx-build.log ; exit $PIPESTATUS &quot;" /><!-- duration: 33449ms -->
              <step title="Using PythonDeploymentLogParser" date="2025-11-27T09:32:45.725" /><!-- duration: 2ms -->
              <step title="Triggering recycle (preview mode disabled)." date="2025-11-27T09:32:46.887" /><!-- duration: 5ms -->
              <step title="Modified file to trigger a restart of the app container." date="2025-11-27T09:32:46.920" /><!-- duration: 2ms -->
              <step title="Skip function trigger and logicapp sync because function is not enabled." date="2025-11-27T09:32:46.924" /><!-- duration: 2ms -->
            </step><!-- duration: 36238ms -->
          </step><!-- duration: 36406ms -->
          <step title="Cleaning up temp files" date="2025-11-27T09:32:47.911" /><!-- duration: 1999ms -->
          <step title="Cleaning up temp files" date="2025-11-27T09:32:49.923" /><!-- duration: 507ms -->
          <step title="Reloading status file with latest updates" date="2025-11-27T09:32:50.456" >
            <step title="WebHooksManager.PublishEventAsync: PostDeployment" date="2025-11-27T09:32:50.461" /><!-- duration: 50ms -->
          </step><!-- duration: 58ms -->
          <step title="Cleaning up temporary deployment - fetch deployment was successful" date="2025-11-27T09:32:50.520" /><!-- duration: 2ms -->
        </step><!-- duration: 39193ms -->
      </step><!-- duration: 40740ms -->
