<step title="Incoming Request" date="2025-11-30T10:45:20.754" instance="e17388" url="/api/zipdeploy?isAsync=true&amp;deployer=GITHUB_ZIP_DEPLOY&amp;message=%7B%22type%22%3A%22deployment%22%2C%22sha%22%3A%22af01295ae2f06d00d5f37acc893d9aeb92760b2e%22%2C%22repoName%22%3A%22L96Expanded%2FD-D-Initiative%22%2C%22actor%22%3A%22L96Expanded%22%2C%22slotName%22%3A%22production%22%2C%22commitMessage%22%3A%22Remove%20Ko-fi%20widget%20completely%22%7D" method="POST" type="request" pid="768,1,14" Host="dnd-initiative-prod.scm.azurewebsites.net" User-Agent="GITHUBACTIONS_DeployWebAppToAzure_d8ba7f0e74ab0e5d77dc87dc029177abee8253c2c7da9cd65d79dc2913806d42" Authorization="Bea..." Content-Type="application/octet-stream" Cookie="ARRAffinity=e173888f2e6cd428dbbbd21dde5a1f029e33073760f641fbae8fdb677285960a;Path=/;HttpOnly;Secure;Domain=dnd-initiative-prod.scm.azurewebsites.net; ARRAffinitySameSite=e173888f2e6cd428dbbbd21dde5a1f029e33073760f641fbae8fdb677285960a;Path=/;HttpOnly;SameSite=None;Secure;Domain=dnd-initiative-prod.scm.azurewebsites.net" Transfer-Encoding="chunked" X-ARR-LOG-ID="fdf79aae-eafa-4856-a533-c600b1cf54b5" CLIENT-IP="52.225.25.49:22528" X-SITE-DEPLOYMENT-ID="dnd-initiative-prod" WAS-DEFAULT-HOSTNAME="dnd-initiative-prod.scm.azurewebsites.net" X-Forwarded-Proto="https" X-AppService-Proto="https" X-Forwarded-TlsVersion="1.3" X-WAWS-Unencoded-URL="/api/zipdeploy?isAsync=true&amp;deployer=GITHUB_ZIP_DEPLOY&amp;message=%7B%22type%22%3A%22deployment%22%2C%22sha%22%3A%22af01295ae2f06d00d5f37acc893d9aeb92760b2e%22%2C%22repoName%22%3A%22L96Expanded%2FD-D-Initiative%22%2C%22actor%22%3A%22L96Expanded%22%2C%22slotName%22%3A%22production%22%2C%22commitMessage%22%3A%22Remove%20Ko-fi%20widget%20completely%22%7D" X-Client-IP="52.225.25.49" X-Client-Port="22528" >
  <step title="ZipPushDeploy" date="2025-11-30T10:45:20.772" >
    <step title="ZipDeploy. Extract zip." date="2025-11-30T10:45:20.776" /><!-- duration: 2ms -->
    <step title="None repository commit" date="2025-11-30T10:45:20.780" >
      <step title="Commit id: 43ee2039-731e-4c18-a19b-7217436539b7" date="2025-11-30T10:45:20.782" Message="N/A" AuthorName="N/A" AuthorEmail="N/A" /><!-- duration: 2ms -->
    </step><!-- duration: 4ms -->
    <step title="Starting PushDeployAsync" date="2025-11-30T10:45:20.786" /><!-- duration: 1ms -->
    <step title="Writing artifact to /tmp/zipdeploy/58fceb88-af3b-4e3a-82d1-694842791ca7.zip" date="2025-11-30T10:45:20.794" >
      <step title="Writing multipart request body to /tmp/zipdeploy/58fceb88-af3b-4e3a-82d1-694842791ca7.zip" date="2025-11-30T10:45:20.797" /><!-- duration: 3ms -->
    </step><!-- duration: 20ms -->
    <step title="Start deployment in the background" date="2025-11-30T10:45:20.821" >
      <step title="Acquiring Deployment Lock" date="2025-11-30T10:45:20.829" /><!-- duration: 2ms -->
      <step title="Acquired Deployment Lock" date="2025-11-30T10:45:20.882" /><!-- duration: 2ms -->
    </step><!-- duration: 107ms -->
  </step><!-- duration: 158ms -->
  <step title="Outgoing response" date="2025-11-30T10:45:20.936" type="response" statusCode="202" statusText="Accepted" /><!-- duration: 2ms -->
</step><!-- duration: 185ms -->
