<step title="BackgroundTrace" date="2025-11-27T22:17:55.167" instance="e17388" url="/api/zipdeploy" method="POST" >
  <step title="Creating temporary deployment - FetchDeploymentManager" date="2025-11-27T22:17:55.208" /><!-- duration: 1ms -->
  <step title="Creating temporary deployment" date="2025-11-27T22:17:55.214" /><!-- duration: 55ms -->
  <step title="Performing fetch based deployment" date="2025-11-27T22:17:55.288" >
    <step title="Cleaning up temp folders from previous zip deployments and extracting pushed zip file /tmp/zipdeploy/864328d3-8dc2-40d8-be31-a326cf3d2420.zip (0.03 MB) to /tmp/zipdeploy/extracted" date="2025-11-27T22:17:56.437" >
      <step title="ChmodRecursive Process exited with total time taken in ms: 24" date="2025-11-27T22:17:56.502" /><!-- duration: 5ms -->
    </step><!-- duration: 73ms -->
    <step title="Deployment timer started" date="2025-11-27T22:17:58.534" >
      <step title="DeploymentManager.Deploy(id:f7cb1a3d-30a2-467d-9024-f933bb6f5dd1)" date="2025-11-27T22:17:58.555" >
        <step title="Collecting changeset information" date="2025-11-27T22:17:58.598" /><!-- duration: 222ms -->
        <step title="Updating submodules" date="2025-11-27T22:17:58.831" /><!-- duration: 1206ms -->
        <step title="Determining deployment builder" date="2025-11-27T22:18:00.284" >
          <step title="Builder is BasicBuilder" date="2025-11-27T22:18:00.312" /><!-- duration: 4ms -->
        </step><!-- duration: 58ms -->
        <step title="PreDeployment: context.CleanOutputPath False" date="2025-11-27T22:18:00.441" >
          <step title="PreDeployment: context.OutputPath /home/site/wwwroot" date="2025-11-27T22:18:00.585" >
            <step title="Building" date="2025-11-27T22:18:00.772" >
              <step title="Executing external process" date="2025-11-27T22:18:01.088" type="process" path="starter.sh" arguments="/opt/Kudu/Scripts/parallel_rsync.sh /tmp/zipdeploy/extracted /home/site/wwwroot 8 /tmp/ False True  " /><!-- duration: 3411ms -->
              <step title="Triggering recycle (preview mode disabled)." date="2025-11-27T22:18:04.753" /><!-- duration: 5ms -->
              <step title="Modified file to trigger a restart of the app container." date="2025-11-27T22:18:04.787" /><!-- duration: 2ms -->
              <step title="Skip function trigger and logicapp sync because function is not enabled." date="2025-11-27T22:18:04.791" /><!-- duration: 9ms -->
              <step title="Purge deployment items" date="2025-11-27T22:18:05.701" >
                <step title="Remove 260fbfb7-, Success, received at 11/27/2025 19:08:06" date="2025-11-27T22:18:05.743" /><!-- duration: 2ms -->
              </step><!-- duration: 50ms -->
            </step><!-- duration: 5029ms -->
          </step><!-- duration: 5219ms -->
          <step title="Cleaning up temp files" date="2025-11-27T22:18:05.811" /><!-- duration: 2ms -->
          <step title="Cleaning up temp files" date="2025-11-27T22:18:05.816" /><!-- duration: 503ms -->
          <step title="Reloading status file with latest updates" date="2025-11-27T22:18:06.359" >
            <step title="WebHooksManager.PublishEventAsync: PostDeployment" date="2025-11-27T22:18:06.366" /><!-- duration: 29ms -->
          </step><!-- duration: 39ms -->
          <step title="Cleaning up temporary deployment - fetch deployment was successful" date="2025-11-27T22:18:06.406" /><!-- duration: 2ms -->
        </step><!-- duration: 6046ms -->
      </step><!-- duration: 7954ms -->
