<step title="Incoming Request" date="2025-11-27T21:59:42.361" instance="e17388" url="/api/zipdeploy?isAsync=true&amp;deployer=GITHUB_ZIP_DEPLOY&amp;message=%7B%22type%22%3A%22deployment%22%2C%22sha%22%3A%22a619e728de43279bce8d162ee952843c4750637b%22%2C%22repoName%22%3A%22L96Expanded%2FD-D-Initiative%22%2C%22actor%22%3A%22L96Expanded%22%2C%22slotName%22%3A%22production%22%2C%22commitMessage%22%3A%22Trigger%20rebuild%20without%20.env.production%20file%22%7D" method="POST" type="request" pid="768,1,7" Host="dnd-initiative-prod.scm.azurewebsites.net" User-Agent="GITHUBACTIONS_DeployWebAppToAzure_d8ba7f0e74ab0e5d77dc87dc029177abee8253c2c7da9cd65d79dc2913806d42" Authorization="Bea..." Content-Type="application/octet-stream" Cookie="ARRAffinity=e173888f2e6cd428dbbbd21dde5a1f029e33073760f641fbae8fdb677285960a;Path=/;HttpOnly;Secure;Domain=dnd-initiative-prod.scm.azurewebsites.net; ARRAffinitySameSite=e173888f2e6cd428dbbbd21dde5a1f029e33073760f641fbae8fdb677285960a;Path=/;HttpOnly;SameSite=None;Secure;Domain=dnd-initiative-prod.scm.azurewebsites.net" Transfer-Encoding="chunked" X-ARR-LOG-ID="e2cdd5f4-0d08-40cb-bd44-ac80e8496984" CLIENT-IP="52.176.125.116:17408" X-SITE-DEPLOYMENT-ID="dnd-initiative-prod" WAS-DEFAULT-HOSTNAME="dnd-initiative-prod.scm.azurewebsites.net" X-Forwarded-Proto="https" X-AppService-Proto="https" X-Forwarded-TlsVersion="1.3" X-WAWS-Unencoded-URL="/api/zipdeploy?isAsync=true&amp;deployer=GITHUB_ZIP_DEPLOY&amp;message=%7B%22type%22%3A%22deployment%22%2C%22sha%22%3A%22a619e728de43279bce8d162ee952843c4750637b%22%2C%22repoName%22%3A%22L96Expanded%2FD-D-Initiative%22%2C%22actor%22%3A%22L96Expanded%22%2C%22slotName%22%3A%22production%22%2C%22commitMessage%22%3A%22Trigger%20rebuild%20without%20.env.production%20file%22%7D" X-Client-IP="52.176.125.116" X-Client-Port="17408" >
  <step title="ZipPushDeploy" date="2025-11-27T21:59:42.377" >
    <step title="ZipDeploy. Extract zip." date="2025-11-27T21:59:42.387" /><!-- duration: 2ms -->
    <step title="None repository commit" date="2025-11-27T21:59:42.392" >
      <step title="Commit id: 2fa6a144-f638-4430-a2c8-a42ec7b8a765" date="2025-11-27T21:59:42.394" Message="N/A" AuthorName="N/A" AuthorEmail="N/A" /><!-- duration: 2ms -->
    </step><!-- duration: 5ms -->
    <step title="Starting PushDeployAsync" date="2025-11-27T21:59:42.398" /><!-- duration: 2ms -->
    <step title="Writing artifact to /tmp/zipdeploy/2a08bf9f-cdee-47d5-9bf6-239f9a6780b3.zip" date="2025-11-27T21:59:42.407" >
      <step title="Writing multipart request body to /tmp/zipdeploy/2a08bf9f-cdee-47d5-9bf6-239f9a6780b3.zip" date="2025-11-27T21:59:42.409" /><!-- duration: 4ms -->
    </step><!-- duration: 22ms -->
    <step title="Start deployment in the background" date="2025-11-27T21:59:42.434" >
      <step title="Acquiring Deployment Lock" date="2025-11-27T21:59:42.442" /><!-- duration: 1ms -->
      <step title="Acquired Deployment Lock" date="2025-11-27T21:59:42.492" /><!-- duration: 4ms -->
    </step><!-- duration: 111ms -->
  </step><!-- duration: 171ms -->
  <step title="Outgoing response" date="2025-11-27T21:59:42.553" type="response" statusCode="202" statusText="Accepted" /><!-- duration: 2ms -->
</step><!-- duration: 195ms -->
