<step title="BackgroundTrace" date="2025-11-27T08:35:01.107" instance="e17388" url="/api/zipdeploy" method="POST" >
  <step title="Creating temporary deployment - FetchDeploymentManager" date="2025-11-27T08:35:01.187" /><!-- duration: 1ms -->
  <step title="Creating temporary deployment" date="2025-11-27T08:35:01.191" /><!-- duration: 40ms -->
  <step title="Performing fetch based deployment" date="2025-11-27T08:35:01.251" >
    <step title="Cleaning up temp folders from previous zip deployments and extracting pushed zip file /tmp/zipdeploy/54799458-453f-4bc4-a3c2-b3adaed66434.zip (0.03 MB) to /tmp/zipdeploy/extracted" date="2025-11-27T08:35:02.415" >
      <step title="ChmodRecursive Process exited with total time taken in ms: 17" date="2025-11-27T08:35:02.463" /><!-- duration: 2ms -->
    </step><!-- duration: 53ms -->
    <step title="Deployment timer started" date="2025-11-27T08:35:04.472" >
      <step title="DeploymentManager.Deploy(id:f54eb1e2-89fc-442c-ae42-1b3b7fc703b7)" date="2025-11-27T08:35:04.475" >
        <step title="Collecting changeset information" date="2025-11-27T08:35:04.484" /><!-- duration: 81ms -->
        <step title="Updating submodules" date="2025-11-27T08:35:04.568" /><!-- duration: 1140ms -->
        <step title="Determining deployment builder" date="2025-11-27T08:35:05.939" >
          <step title="Builder is OryxBuilder" date="2025-11-27T08:35:05.945" /><!-- duration: 1ms -->
        </step><!-- duration: 9ms -->
        <step title="PreDeployment: context.CleanOutputPath False" date="2025-11-27T08:35:05.994" >
          <step title="PreDeployment: context.OutputPath /home/site/wwwroot" date="2025-11-27T08:35:06.113" >
            <step title="Building" date="2025-11-27T08:35:06.249" >
              <step title="Executing external process" date="2025-11-27T08:35:06.552" type="process" path="bash" arguments="-c &quot;oryx build /tmp/zipdeploy/extracted -o /home/site/wwwroot --platform python --platform-version 3.11 -p virtualenv_name=antenv --log-file /tmp/build-debug.log  -i /tmp/8de2d8fdde48ca9 --compress-destination-dir | tee /tmp/oryx-build.log ; exit $PIPESTATUS &quot;" /><!-- duration: 35284ms -->
              <step title="Using PythonDeploymentLogParser" date="2025-11-27T08:35:42.173" /><!-- duration: 4ms -->
              <step title="Triggering recycle (preview mode disabled)." date="2025-11-27T08:35:43.275" /><!-- duration: 5ms -->
              <step title="Modified file to trigger a restart of the app container." date="2025-11-27T08:35:43.296" /><!-- duration: 1ms -->
              <step title="Skip function trigger and logicapp sync because function is not enabled." date="2025-11-27T08:35:43.302" /><!-- duration: 2ms -->
            </step><!-- duration: 38059ms -->
          </step><!-- duration: 38197ms -->
          <step title="Cleaning up temp files" date="2025-11-27T08:35:44.312" /><!-- duration: 2141ms -->
          <step title="Cleaning up temp files" date="2025-11-27T08:35:46.457" /><!-- duration: 503ms -->
          <step title="Reloading status file with latest updates" date="2025-11-27T08:35:47.012" >
            <step title="WebHooksManager.PublishEventAsync: PostDeployment" date="2025-11-27T08:35:47.022" /><!-- duration: 54ms -->
          </step><!-- duration: 67ms -->
          <step title="Cleaning up temporary deployment - fetch deployment was successful" date="2025-11-27T08:35:47.083" /><!-- duration: 2ms -->
        </step><!-- duration: 41660ms -->
      </step><!-- duration: 43194ms -->
