<step title="BackgroundTrace" date="2025-11-27T07:59:15.266" instance="e17388" url="/api/zipdeploy" method="POST" >
  <step title="Creating temporary deployment - FetchDeploymentManager" date="2025-11-27T07:59:15.304" /><!-- duration: 1ms -->
  <step title="Creating temporary deployment" date="2025-11-27T07:59:15.308" /><!-- duration: 49ms -->
  <step title="Performing fetch based deployment" date="2025-11-27T07:59:15.382" >
    <step title="Cleaning up temp folders from previous zip deployments and extracting pushed zip file /tmp/zipdeploy/23be8804-9269-4dff-b9f0-574c791a487b.zip (0.03 MB) to /tmp/zipdeploy/extracted" date="2025-11-27T07:59:16.551" >
      <step title="ChmodRecursive Process exited with total time taken in ms: 16" date="2025-11-27T07:59:16.594" /><!-- duration: 4ms -->
    </step><!-- duration: 49ms -->
    <step title="Deployment timer started" date="2025-11-27T07:59:18.606" >
      <step title="DeploymentManager.Deploy(id:04d6ccbd-3154-4bef-8d26-83d5da851854)" date="2025-11-27T07:59:18.610" >
        <step title="Collecting changeset information" date="2025-11-27T07:59:18.624" /><!-- duration: 72ms -->
        <step title="Updating submodules" date="2025-11-27T07:59:18.698" /><!-- duration: 1116ms -->
        <step title="Determining deployment builder" date="2025-11-27T07:59:20.053" >
          <step title="Builder is BasicBuilder" date="2025-11-27T07:59:20.059" /><!-- duration: 2ms -->
        </step><!-- duration: 10ms -->
        <step title="PreDeployment: context.CleanOutputPath False" date="2025-11-27T07:59:20.110" >
          <step title="PreDeployment: context.OutputPath /home/site/wwwroot" date="2025-11-27T07:59:20.216" >
            <step title="Building" date="2025-11-27T07:59:20.369" >
              <step title="Executing external process" date="2025-11-27T07:59:20.603" type="process" path="starter.sh" arguments="/opt/Kudu/Scripts/parallel_rsync.sh /tmp/zipdeploy/extracted /home/site/wwwroot 8 /tmp/ False True  " /><!-- duration: 1539ms -->
              <step title="Triggering recycle (preview mode disabled)." date="2025-11-27T07:59:22.404" /><!-- duration: 2ms -->
              <step title="Modified file to trigger a restart of the app container." date="2025-11-27T07:59:22.437" /><!-- duration: 1ms -->
              <step title="Skip function trigger and logicapp sync because function is not enabled." date="2025-11-27T07:59:22.441" /><!-- duration: 2ms -->
            </step><!-- duration: 2677ms -->
          </step><!-- duration: 2832ms -->
          <step title="Cleaning up temp files" date="2025-11-27T07:59:23.049" /><!-- duration: 3ms -->
          <step title="Cleaning up temp files" date="2025-11-27T07:59:23.055" /><!-- duration: 504ms -->
          <step title="Reloading status file with latest updates" date="2025-11-27T07:59:23.603" >
            <step title="WebHooksManager.PublishEventAsync: PostDeployment" date="2025-11-27T07:59:23.606" /><!-- duration: 32ms -->
          </step><!-- duration: 37ms -->
          <step title="Cleaning up temporary deployment - fetch deployment was successful" date="2025-11-27T07:59:23.642" /><!-- duration: 1ms -->
        </step><!-- duration: 3601ms -->
      </step><!-- duration: 5107ms -->
