<step title="BackgroundTrace" date="2025-11-27T22:32:47.329" instance="e17388" url="/api/zipdeploy" method="POST" >
  <step title="Creating temporary deployment - FetchDeploymentManager" date="2025-11-27T22:32:47.374" /><!-- duration: 1ms -->
  <step title="Creating temporary deployment" date="2025-11-27T22:32:47.378" /><!-- duration: 39ms -->
  <step title="Performing fetch based deployment" date="2025-11-27T22:32:47.438" >
    <step title="Cleaning up temp folders from previous zip deployments and extracting pushed zip file /tmp/zipdeploy/d2e8c2c8-5e99-4f56-ad18-91ccabe00c84.zip (0.03 MB) to /tmp/zipdeploy/extracted" date="2025-11-27T22:32:48.565" >
      <step title="ChmodRecursive Process exited with total time taken in ms: 19" date="2025-11-27T22:32:48.611" /><!-- duration: 2ms -->
    </step><!-- duration: 50ms -->
    <step title="Deployment timer started" date="2025-11-27T22:32:50.621" >
      <step title="DeploymentManager.Deploy(id:edb349b7-91bf-48b5-a66f-a199e970b1a1)" date="2025-11-27T22:32:50.625" >
        <step title="Collecting changeset information" date="2025-11-27T22:32:50.631" /><!-- duration: 81ms -->
        <step title="Updating submodules" date="2025-11-27T22:32:50.715" /><!-- duration: 1106ms -->
        <step title="Determining deployment builder" date="2025-11-27T22:32:51.989" >
          <step title="Builder is BasicBuilder" date="2025-11-27T22:32:51.994" /><!-- duration: 2ms -->
        </step><!-- duration: 8ms -->
        <step title="PreDeployment: context.CleanOutputPath False" date="2025-11-27T22:32:52.036" >
          <step title="PreDeployment: context.OutputPath /home/site/wwwroot" date="2025-11-27T22:32:52.131" >
            <step title="Building" date="2025-11-27T22:32:52.250" >
              <step title="Executing external process" date="2025-11-27T22:32:52.501" type="process" path="starter.sh" arguments="/opt/Kudu/Scripts/parallel_rsync.sh /tmp/zipdeploy/extracted /home/site/wwwroot 8 /tmp/ False True  " /><!-- duration: 1329ms -->
              <step title="Triggering recycle (preview mode disabled)." date="2025-11-27T22:32:54.020" /><!-- duration: 3ms -->
              <step title="Modified file to trigger a restart of the app container." date="2025-11-27T22:32:54.042" /><!-- duration: 2ms -->
              <step title="Skip function trigger and logicapp sync because function is not enabled." date="2025-11-27T22:32:54.047" /><!-- duration: 1ms -->
              <step title="Purge deployment items" date="2025-11-27T22:32:55.006" >
                <step title="Remove daa2ecd3-, Success, received at 11/27/2025 19:16:09" date="2025-11-27T22:32:55.066" /><!-- duration: 2ms -->
              </step><!-- duration: 64ms -->
            </step><!-- duration: 2880ms -->
          </step><!-- duration: 3002ms -->
          <step title="Cleaning up temp files" date="2025-11-27T22:32:55.134" /><!-- duration: 2ms -->
          <step title="Cleaning up temp files" date="2025-11-27T22:32:55.138" /><!-- duration: 503ms -->
          <step title="Reloading status file with latest updates" date="2025-11-27T22:32:55.667" >
            <step title="WebHooksManager.PublishEventAsync: PostDeployment" date="2025-11-27T22:32:55.669" /><!-- duration: 29ms -->
          </step><!-- duration: 33ms -->
          <step title="Cleaning up temporary deployment - fetch deployment was successful" date="2025-11-27T22:32:55.703" /><!-- duration: 1ms -->
        </step><!-- duration: 3716ms -->
      </step><!-- duration: 5134ms -->
