<step title="Incoming Request" date="2025-11-27T19:25:45.008" instance="e17388" url="/api/zipdeploy?isAsync=true&amp;deployer=GITHUB_ZIP_DEPLOY&amp;message=%7B%22type%22%3A%22deployment%22%2C%22sha%22%3A%225ec7fcd9be6a5d4f0a7cc2e46c2819280ed13e58%22%2C%22repoName%22%3A%22L96Expanded%2FD-D-Initiative%22%2C%22actor%22%3A%22L96Expanded%22%2C%22slotName%22%3A%22production%22%2C%22commitMessage%22%3A%22Trigger%20deployment%20with%20updated%20GitHub%20Secrets%22%7D" method="POST" type="request" pid="769,1,14" Host="dnd-initiative-prod.scm.azurewebsites.net" User-Agent="GITHUBACTIONS_DeployWebAppToAzure_d8ba7f0e74ab0e5d77dc87dc029177abee8253c2c7da9cd65d79dc2913806d42" Authorization="Bea..." Content-Type="application/octet-stream" Cookie="ARRAffinity=e173888f2e6cd428dbbbd21dde5a1f029e33073760f641fbae8fdb677285960a;Path=/;HttpOnly;Secure;Domain=dnd-initiative-prod.scm.azurewebsites.net; ARRAffinitySameSite=e173888f2e6cd428dbbbd21dde5a1f029e33073760f641fbae8fdb677285960a;Path=/;HttpOnly;SameSite=None;Secure;Domain=dnd-initiative-prod.scm.azurewebsites.net" Transfer-Encoding="chunked" X-ARR-LOG-ID="97f42f33-d0de-46f6-9330-01b40c6d7693" CLIENT-IP="74.235.151.1:57352" X-SITE-DEPLOYMENT-ID="dnd-initiative-prod" WAS-DEFAULT-HOSTNAME="dnd-initiative-prod.scm.azurewebsites.net" X-Forwarded-Proto="https" X-AppService-Proto="https" X-Forwarded-TlsVersion="1.3" X-WAWS-Unencoded-URL="/api/zipdeploy?isAsync=true&amp;deployer=GITHUB_ZIP_DEPLOY&amp;message=%7B%22type%22%3A%22deployment%22%2C%22sha%22%3A%225ec7fcd9be6a5d4f0a7cc2e46c2819280ed13e58%22%2C%22repoName%22%3A%22L96Expanded%2FD-D-Initiative%22%2C%22actor%22%3A%22L96Expanded%22%2C%22slotName%22%3A%22production%22%2C%22commitMessage%22%3A%22Trigger%20deployment%20with%20updated%20GitHub%20Secrets%22%7D" X-Client-IP="74.235.151.1" X-Client-Port="57352" >
  <step title="ZipPushDeploy" date="2025-11-27T19:25:45.038" >
    <step title="ZipDeploy. Extract zip." date="2025-11-27T19:25:45.041" /><!-- duration: 2ms -->
    <step title="None repository commit" date="2025-11-27T19:25:45.046" >
      <step title="Commit id: d05c4133-2a38-46c0-9532-056f16a78e3d" date="2025-11-27T19:25:45.048" Message="N/A" AuthorName="N/A" AuthorEmail="N/A" /><!-- duration: 1ms -->
    </step><!-- duration: 5ms -->
    <step title="Starting PushDeployAsync" date="2025-11-27T19:25:45.053" /><!-- duration: 2ms -->
    <step title="Writing artifact to /tmp/zipdeploy/97c17eb0-bb58-4c44-b013-3c0832a3b2fb.zip" date="2025-11-27T19:25:45.064" >
      <step title="Writing multipart request body to /tmp/zipdeploy/97c17eb0-bb58-4c44-b013-3c0832a3b2fb.zip" date="2025-11-27T19:25:45.066" /><!-- duration: 2ms -->
    </step><!-- duration: 18ms -->
    <step title="Start deployment in the background" date="2025-11-27T19:25:45.096" >
      <step title="Acquiring Deployment Lock" date="2025-11-27T19:25:45.104" /><!-- duration: 2ms -->
      <step title="Acquired Deployment Lock" date="2025-11-27T19:25:45.159" /><!-- duration: 2ms -->
    </step><!-- duration: 134ms -->
  </step><!-- duration: 195ms -->
  <step title="Outgoing response" date="2025-11-27T19:25:45.238" type="response" statusCode="202" statusText="Accepted" /><!-- duration: 2ms -->
</step><!-- duration: 233ms -->
