<step title="BackgroundTrace" date="2025-11-27T19:03:14.495" instance="e17388" url="/api/zipdeploy" method="POST" >
  <step title="Creating temporary deployment - FetchDeploymentManager" date="2025-11-27T19:03:14.549" /><!-- duration: 2ms -->
  <step title="Creating temporary deployment" date="2025-11-27T19:03:14.554" /><!-- duration: 47ms -->
  <step title="Performing fetch based deployment" date="2025-11-27T19:03:14.648" >
    <step title="Cleaning up temp folders from previous zip deployments and extracting pushed zip file /tmp/zipdeploy/8e8d6c95-92ca-44ac-ae8e-d9eb86e25995.zip (0.03 MB) to /tmp/zipdeploy/extracted" date="2025-11-27T19:03:15.742" >
      <step title="ChmodRecursive Process exited with total time taken in ms: 13" date="2025-11-27T19:03:15.782" /><!-- duration: 4ms -->
    </step><!-- duration: 47ms -->
    <step title="Deployment timer started" date="2025-11-27T19:03:17.795" >
      <step title="DeploymentManager.Deploy(id:54d69e55-aff2-4dfe-8f2d-07764d95feca)" date="2025-11-27T19:03:17.799" >
        <step title="Collecting changeset information" date="2025-11-27T19:03:17.804" /><!-- duration: 75ms -->
        <step title="Updating submodules" date="2025-11-27T19:03:17.882" /><!-- duration: 1108ms -->
        <step title="Determining deployment builder" date="2025-11-27T19:03:19.166" >
          <step title="Builder is BasicBuilder" date="2025-11-27T19:03:19.171" /><!-- duration: 2ms -->
        </step><!-- duration: 9ms -->
        <step title="PreDeployment: context.CleanOutputPath False" date="2025-11-27T19:03:19.213" >
          <step title="PreDeployment: context.OutputPath /home/site/wwwroot" date="2025-11-27T19:03:19.323" >
            <step title="Building" date="2025-11-27T19:03:19.450" >
              <step title="Executing external process" date="2025-11-27T19:03:19.697" type="process" path="starter.sh" arguments="/opt/Kudu/Scripts/parallel_rsync.sh /tmp/zipdeploy/extracted /home/site/wwwroot 8 /tmp/ False True  " /><!-- duration: 1292ms -->
              <step title="Triggering recycle (preview mode disabled)." date="2025-11-27T19:03:21.202" /><!-- duration: 4ms -->
              <step title="Modified file to trigger a restart of the app container." date="2025-11-27T19:03:21.225" /><!-- duration: 2ms -->
              <step title="Skip function trigger and logicapp sync because function is not enabled." date="2025-11-27T19:03:21.229" /><!-- duration: 2ms -->
              <step title="Purge deployment items" date="2025-11-27T19:03:22.210" >
                <step title="Remove 3eb01c6a-, Success, received at 11/27/2025 09:52:51" date="2025-11-27T19:03:22.258" /><!-- duration: 2ms -->
              </step><!-- duration: 51ms -->
            </step><!-- duration: 2874ms -->
          </step><!-- duration: 3003ms -->
          <step title="Cleaning up temp files" date="2025-11-27T19:03:22.327" /><!-- duration: 2ms -->
          <step title="Cleaning up temp files" date="2025-11-27T19:03:22.331" /><!-- duration: 502ms -->
          <step title="Reloading status file with latest updates" date="2025-11-27T19:03:23.423" >
            <step title="WebHooksManager.PublishEventAsync: PostDeployment" date="2025-11-27T19:03:23.427" /><!-- duration: 32ms -->
          </step><!-- duration: 38ms -->
          <step title="Cleaning up temporary deployment - fetch deployment was successful" date="2025-11-27T19:03:23.464" /><!-- duration: 2ms -->
        </step><!-- duration: 4310ms -->
      </step><!-- duration: 5740ms -->
