<step title="Incoming Request" date="2025-11-27T19:08:10.082" instance="e17388" url="/api/deployments/latest?deployer=GITHUB_ZIP_DEPLOY&amp;time=2025-11-27_19-08-03Z" method="GET" type="request" pid="767,1,16" Host="dnd-initiative-prod.scm.azurewebsites.net" User-Agent="GITHUBACTIONS_DeployWebAppToAzure_d8ba7f0e74ab0e5d77dc87dc029177abee8253c2c7da9cd65d79dc2913806d42" Authorization="Bea..." Content-Type="application/json; charset=utf-8" Cookie="ARRAffinity=e173888f2e6cd428dbbbd21dde5a1f029e33073760f641fbae8fdb677285960a;Path=/;HttpOnly;Secure;Domain=dnd-initiative-prod.scm.azurewebsites.net; ARRAffinitySameSite=e173888f2e6cd428dbbbd21dde5a1f029e33073760f641fbae8fdb677285960a;Path=/;HttpOnly;SameSite=None;Secure;Domain=dnd-initiative-prod.scm.azurewebsites.net" Content-Length="0" X-ARR-LOG-ID="9e1021df-93ab-4ce0-8757-1e9d8debdb04" CLIENT-IP="48.211.210.116:31745" X-SITE-DEPLOYMENT-ID="dnd-initiative-prod" WAS-DEFAULT-HOSTNAME="dnd-initiative-prod.scm.azurewebsites.net" X-Forwarded-Proto="https" X-AppService-Proto="https" X-Forwarded-TlsVersion="1.3" X-WAWS-Unencoded-URL="/api/deployments/latest?deployer=GITHUB_ZIP_DEPLOY&amp;time=2025-11-27_19-08-03Z" X-Client-IP="48.211.210.116" X-Client-Port="31745" >
  <step title="Cleanup Xml Logs" date="2025-11-27T19:08:10.093" >
    <step title="Cleanup Infos" date="2025-11-27T19:08:10.099" totalFiles="229" totalCleanup="69" /><!-- duration: 3ms -->
  </step><!-- duration: 10ms -->
  <step title="DeploymentService.GetResult" date="2025-11-27T19:08:10.108" >
    <step title="DeploymentService.GetLatestDeployment" date="2025-11-27T19:08:10.109" >
      <step title="DeploymentManager.GetResults" date="2025-11-27T19:08:10.111" /><!-- duration: 540ms -->
    </step><!-- duration: 544ms -->
  </step><!-- duration: 547ms -->
  <step title="Outgoing response" date="2025-11-27T19:08:10.659" type="response" statusCode="202" statusText="Accepted" /><!-- duration: 2ms -->
</step><!-- duration: 580ms -->
