<step title="BackgroundTrace" date="2025-11-27T13:04:21.703" instance="e17388" url="/api/zipdeploy" method="POST" >
  <step title="Creating temporary deployment - FetchDeploymentManager" date="2025-11-27T13:04:21.789" /><!-- duration: 1ms -->
  <step title="Creating temporary deployment" date="2025-11-27T13:04:21.793" /><!-- duration: 57ms -->
  <step title="Performing fetch based deployment" date="2025-11-27T13:04:21.885" >
    <step title="Cleaning up temp folders from previous zip deployments and extracting pushed zip file /tmp/zipdeploy/e5e06a51-30cf-42a5-a18f-7407acd78516.zip (0.03 MB) to /tmp/zipdeploy/extracted" date="2025-11-27T13:04:23.027" >
      <step title="ChmodRecursive Process exited with total time taken in ms: 16" date="2025-11-27T13:04:23.073" /><!-- duration: 2ms -->
    </step><!-- duration: 50ms -->
    <step title="Deployment timer started" date="2025-11-27T13:04:25.083" >
      <step title="DeploymentManager.Deploy(id:bcfc0ad0-396a-4428-949b-8f72ca8962b8)" date="2025-11-27T13:04:25.089" >
        <step title="Collecting changeset information" date="2025-11-27T13:04:25.109" /><!-- duration: 67ms -->
        <step title="Updating submodules" date="2025-11-27T13:04:25.179" /><!-- duration: 1141ms -->
        <step title="Determining deployment builder" date="2025-11-27T13:04:26.520" >
          <step title="Builder is BasicBuilder" date="2025-11-27T13:04:26.527" /><!-- duration: 5ms -->
        </step><!-- duration: 15ms -->
        <step title="PreDeployment: context.CleanOutputPath False" date="2025-11-27T13:04:26.578" >
          <step title="PreDeployment: context.OutputPath /home/site/wwwroot" date="2025-11-27T13:04:26.689" >
            <step title="Building" date="2025-11-27T13:04:26.807" >
              <step title="Executing external process" date="2025-11-27T13:04:27.040" type="process" path="starter.sh" arguments="/opt/Kudu/Scripts/parallel_rsync.sh /tmp/zipdeploy/extracted /home/site/wwwroot 8 /tmp/ False True  " /><!-- duration: 1332ms -->
              <step title="Triggering recycle (preview mode disabled)." date="2025-11-27T13:04:28.600" /><!-- duration: 3ms -->
              <step title="Modified file to trigger a restart of the app container." date="2025-11-27T13:04:28.626" /><!-- duration: 2ms -->
              <step title="Skip function trigger and logicapp sync because function is not enabled." date="2025-11-27T13:04:28.647" /><!-- duration: 2ms -->
              <step title="Purge deployment items" date="2025-11-27T13:04:30.147" >
                <step title="Remove 80a13193-, Success, received at 11/27/2025 09:23:11" date="2025-11-27T13:04:30.191" /><!-- duration: 2ms -->
              </step><!-- duration: 47ms -->
            </step><!-- duration: 3449ms -->
          </step><!-- duration: 3569ms -->
          <step title="Cleaning up temp files" date="2025-11-27T13:04:30.260" /><!-- duration: 3ms -->
          <step title="Cleaning up temp files" date="2025-11-27T13:04:30.266" /><!-- duration: 503ms -->
          <step title="Reloading status file with latest updates" date="2025-11-27T13:04:30.786" >
            <step title="WebHooksManager.PublishEventAsync: PostDeployment" date="2025-11-27T13:04:30.791" /><!-- duration: 31ms -->
          </step><!-- duration: 37ms -->
          <step title="Cleaning up temporary deployment - fetch deployment was successful" date="2025-11-27T13:04:30.826" /><!-- duration: 1ms -->
        </step><!-- duration: 4334ms -->
      </step><!-- duration: 5832ms -->
