<step title="BackgroundTrace" date="2025-11-27T22:48:02.279" instance="e17388" url="/api/zipdeploy" method="POST" >
  <step title="Creating temporary deployment - FetchDeploymentManager" date="2025-11-27T22:48:02.343" /><!-- duration: 1ms -->
  <step title="Creating temporary deployment" date="2025-11-27T22:48:02.347" /><!-- duration: 32ms -->
  <step title="Performing fetch based deployment" date="2025-11-27T22:48:02.400" >
    <step title="Cleaning up temp folders from previous zip deployments and extracting pushed zip file /tmp/zipdeploy/7afe52c9-8e47-4c3a-b8ca-19fa84c987cf.zip (0.03 MB) to /tmp/zipdeploy/extracted" date="2025-11-27T22:48:03.521" >
      <step title="ChmodRecursive Process exited with total time taken in ms: 12" date="2025-11-27T22:48:03.561" /><!-- duration: 4ms -->
    </step><!-- duration: 48ms -->
    <step title="Deployment timer started" date="2025-11-27T22:48:05.574" >
      <step title="DeploymentManager.Deploy(id:b32c9b46-7856-4775-ae46-e3d6140f6bf1)" date="2025-11-27T22:48:05.578" >
        <step title="Collecting changeset information" date="2025-11-27T22:48:05.658" /><!-- duration: 71ms -->
        <step title="Updating submodules" date="2025-11-27T22:48:05.732" /><!-- duration: 1115ms -->
        <step title="Determining deployment builder" date="2025-11-27T22:48:07.030" >
          <step title="Builder is BasicBuilder" date="2025-11-27T22:48:07.037" /><!-- duration: 2ms -->
        </step><!-- duration: 10ms -->
        <step title="PreDeployment: context.CleanOutputPath False" date="2025-11-27T22:48:07.082" >
          <step title="PreDeployment: context.OutputPath /home/site/wwwroot" date="2025-11-27T22:48:07.201" >
            <step title="Building" date="2025-11-27T22:48:07.322" >
              <step title="Executing external process" date="2025-11-27T22:48:07.557" type="process" path="starter.sh" arguments="/opt/Kudu/Scripts/parallel_rsync.sh /tmp/zipdeploy/extracted /home/site/wwwroot 8 /tmp/ False True  " /><!-- duration: 1629ms -->
              <step title="Triggering recycle (preview mode disabled)." date="2025-11-27T22:48:09.380" /><!-- duration: 2ms -->
              <step title="Modified file to trigger a restart of the app container." date="2025-11-27T22:48:09.407" /><!-- duration: 2ms -->
              <step title="Skip function trigger and logicapp sync because function is not enabled." date="2025-11-27T22:48:09.411" /><!-- duration: 4ms -->
              <step title="Purge deployment items" date="2025-11-27T22:48:11.024" >
                <step title="Remove 2fa6a144-, Success, received at 11/27/2025 21:59:45" date="2025-11-27T22:48:11.080" /><!-- duration: 3ms -->
              </step><!-- duration: 62ms -->
            </step><!-- duration: 3831ms -->
          </step><!-- duration: 3964ms -->
          <step title="Cleaning up temp files" date="2025-11-27T22:48:11.169" /><!-- duration: 3ms -->
          <step title="Cleaning up temp files" date="2025-11-27T22:48:11.177" /><!-- duration: 508ms -->
          <step title="Reloading status file with latest updates" date="2025-11-27T22:48:11.768" >
            <step title="WebHooksManager.PublishEventAsync: PostDeployment" date="2025-11-27T22:48:11.771" /><!-- duration: 69ms -->
          </step><!-- duration: 73ms -->
          <step title="Cleaning up temporary deployment - fetch deployment was successful" date="2025-11-27T22:48:11.845" /><!-- duration: 2ms -->
        </step><!-- duration: 4908ms -->
      </step><!-- duration: 6421ms -->
