<step title="Incoming Request" date="2025-11-27T19:10:34.330" instance="e17388" url="/api/zipdeploy?isAsync=true&amp;deployer=GITHUB_ZIP_DEPLOY&amp;message=%7B%22type%22%3A%22deployment%22%2C%22sha%22%3A%22df9d4c4d0adff57ac33b4905d388e78731d9a325%22%2C%22repoName%22%3A%22L96Expanded%2FD-D-Initiative%22%2C%22actor%22%3A%22L96Expanded%22%2C%22slotName%22%3A%22production%22%2C%22commitMessage%22%3A%22Add%20.gitattributes%20to%20preserve%20Unix%20line%20endings%20in%20shell%20scripts%22%7D" method="POST" type="request" pid="769,1,16" Host="dnd-initiative-prod.scm.azurewebsites.net" User-Agent="GITHUBACTIONS_DeployWebAppToAzure_d8ba7f0e74ab0e5d77dc87dc029177abee8253c2c7da9cd65d79dc2913806d42" Authorization="Bea..." Content-Type="application/octet-stream" Cookie="ARRAffinity=e173888f2e6cd428dbbbd21dde5a1f029e33073760f641fbae8fdb677285960a;Path=/;HttpOnly;Secure;Domain=dnd-initiative-prod.scm.azurewebsites.net; ARRAffinitySameSite=e173888f2e6cd428dbbbd21dde5a1f029e33073760f641fbae8fdb677285960a;Path=/;HttpOnly;SameSite=None;Secure;Domain=dnd-initiative-prod.scm.azurewebsites.net" Transfer-Encoding="chunked" X-ARR-LOG-ID="fcf2958c-9775-4df6-b014-36e49dff494d" CLIENT-IP="52.176.139.86:7168" X-SITE-DEPLOYMENT-ID="dnd-initiative-prod" WAS-DEFAULT-HOSTNAME="dnd-initiative-prod.scm.azurewebsites.net" X-Forwarded-Proto="https" X-AppService-Proto="https" X-Forwarded-TlsVersion="1.3" X-WAWS-Unencoded-URL="/api/zipdeploy?isAsync=true&amp;deployer=GITHUB_ZIP_DEPLOY&amp;message=%7B%22type%22%3A%22deployment%22%2C%22sha%22%3A%22df9d4c4d0adff57ac33b4905d388e78731d9a325%22%2C%22repoName%22%3A%22L96Expanded%2FD-D-Initiative%22%2C%22actor%22%3A%22L96Expanded%22%2C%22slotName%22%3A%22production%22%2C%22commitMessage%22%3A%22Add%20.gitattributes%20to%20preserve%20Unix%20line%20endings%20in%20shell%20scripts%22%7D" X-Client-IP="52.176.139.86" X-Client-Port="7168" >
  <step title="ZipPushDeploy" date="2025-11-27T19:10:34.347" >
    <step title="ZipDeploy. Extract zip." date="2025-11-27T19:10:34.351" /><!-- duration: 11ms -->
    <step title="None repository commit" date="2025-11-27T19:10:34.369" >
      <step title="Commit id: 2a8b37eb-2379-4a6a-a23b-4831692b58d9" date="2025-11-27T19:10:34.370" Message="N/A" AuthorName="N/A" AuthorEmail="N/A" /><!-- duration: 1ms -->
    </step><!-- duration: 5ms -->
    <step title="Starting PushDeployAsync" date="2025-11-27T19:10:34.375" /><!-- duration: 2ms -->
    <step title="Writing artifact to /tmp/zipdeploy/516c1958-d7be-4cc0-84b7-4f32d0fc1366.zip" date="2025-11-27T19:10:34.384" >
      <step title="Writing multipart request body to /tmp/zipdeploy/516c1958-d7be-4cc0-84b7-4f32d0fc1366.zip" date="2025-11-27T19:10:34.386" /><!-- duration: 2ms -->
    </step><!-- duration: 22ms -->
    <step title="Start deployment in the background" date="2025-11-27T19:10:34.411" >
      <step title="Acquiring Deployment Lock" date="2025-11-27T19:10:34.420" /><!-- duration: 2ms -->
      <step title="Acquired Deployment Lock" date="2025-11-27T19:10:34.476" /><!-- duration: 2ms -->
    </step><!-- duration: 108ms -->
  </step><!-- duration: 175ms -->
  <step title="Outgoing response" date="2025-11-27T19:10:34.527" type="response" statusCode="202" statusText="Accepted" /><!-- duration: 2ms -->
</step><!-- duration: 200ms -->
