<step title="Incoming Request" date="2025-11-27T09:06:24.101" instance="e17388" url="/api/zipdeploy?isAsync=true&amp;deployer=GITHUB_ZIP_DEPLOY&amp;message=%7B%22type%22%3A%22deployment%22%2C%22sha%22%3A%228b494f289482d85981514224c6de0b40b20cb58a%22%2C%22repoName%22%3A%22L96Expanded%2FD-D-Initiative%22%2C%22actor%22%3A%22L96Expanded%22%2C%22slotName%22%3A%22production%22%2C%22commitMessage%22%3A%22Fix%3A%20Use%20Linux%20commands%20for%20copying%20frontend%20build%22%7D" method="POST" type="request" pid="768,1,36" Host="dnd-initiative-prod.scm.azurewebsites.net" User-Agent="GITHUBACTIONS_DeployWebAppToAzure_d8ba7f0e74ab0e5d77dc87dc029177abee8253c2c7da9cd65d79dc2913806d42" Authorization="Bea..." Content-Type="application/octet-stream" Cookie="ARRAffinity=e173888f2e6cd428dbbbd21dde5a1f029e33073760f641fbae8fdb677285960a;Path=/;HttpOnly;Secure;Domain=dnd-initiative-prod.scm.azurewebsites.net; ARRAffinitySameSite=e173888f2e6cd428dbbbd21dde5a1f029e33073760f641fbae8fdb677285960a;Path=/;HttpOnly;SameSite=None;Secure;Domain=dnd-initiative-prod.scm.azurewebsites.net" Transfer-Encoding="chunked" X-ARR-LOG-ID="548c5796-7ae0-40a8-853e-dfb60394feaa" CLIENT-IP="74.235.151.0:3008" X-SITE-DEPLOYMENT-ID="dnd-initiative-prod" WAS-DEFAULT-HOSTNAME="dnd-initiative-prod.scm.azurewebsites.net" X-Forwarded-Proto="https" X-AppService-Proto="https" X-Forwarded-TlsVersion="1.3" X-WAWS-Unencoded-URL="/api/zipdeploy?isAsync=true&amp;deployer=GITHUB_ZIP_DEPLOY&amp;message=%7B%22type%22%3A%22deployment%22%2C%22sha%22%3A%228b494f289482d85981514224c6de0b40b20cb58a%22%2C%22repoName%22%3A%22L96Expanded%2FD-D-Initiative%22%2C%22actor%22%3A%22L96Expanded%22%2C%22slotName%22%3A%22production%22%2C%22commitMessage%22%3A%22Fix%3A%20Use%20Linux%20commands%20for%20copying%20frontend%20build%22%7D" X-Client-IP="74.235.151.0" X-Client-Port="3008" >
  <step title="ZipPushDeploy" date="2025-11-27T09:06:24.121" >
    <step title="ZipDeploy. Extract zip. Remote build." date="2025-11-27T09:06:24.125" /><!-- duration: 2ms -->
    <step title="None repository commit" date="2025-11-27T09:06:24.132" >
      <step title="Commit id: 843c9d9b-42d3-43bb-a544-0066e714e6a5" date="2025-11-27T09:06:24.134" Message="N/A" AuthorName="N/A" AuthorEmail="N/A" /><!-- duration: 1ms -->
    </step><!-- duration: 5ms -->
    <step title="Starting PushDeployAsync" date="2025-11-27T09:06:24.139" /><!-- duration: 1ms -->
    <step title="Writing artifact to /tmp/zipdeploy/0ec0f03a-88ed-4e5c-a323-3b2b67334cd8.zip" date="2025-11-27T09:06:24.151" >
      <step title="Writing multipart request body to /tmp/zipdeploy/0ec0f03a-88ed-4e5c-a323-3b2b67334cd8.zip" date="2025-11-27T09:06:24.153" /><!-- duration: 1ms -->
    </step><!-- duration: 58ms -->
    <step title="Removing previous build artifact&apos;s manifest file" date="2025-11-27T09:06:24.211" >
      <step title="Start deployment in the background" date="2025-11-27T09:06:24.219" >
        <step title="Acquiring Deployment Lock" date="2025-11-27T09:06:24.227" /><!-- duration: 2ms -->
        <step title="Acquired Deployment Lock" date="2025-11-27T09:06:24.345" /><!-- duration: 2ms -->
      </step><!-- duration: 216ms -->
    </step><!-- duration: 227ms -->
    <step title="Outgoing response" date="2025-11-27T09:06:24.442" type="response" statusCode="202" statusText="Accepted" /><!-- duration: 2ms -->
  </step><!-- duration: 324ms -->
