<step title="BackgroundTrace" date="2025-11-27T19:16:29.509" instance="e17388" url="/api/zipdeploy" method="POST" >
  <step title="Creating temporary deployment - FetchDeploymentManager" date="2025-11-27T19:16:29.535" /><!-- duration: 1ms -->
  <step title="Creating temporary deployment" date="2025-11-27T19:16:29.539" /><!-- duration: 44ms -->
  <step title="Performing fetch based deployment" date="2025-11-27T19:16:29.598" >
    <step title="Cleaning up temp folders from previous zip deployments and extracting pushed zip file /tmp/zipdeploy/d4798a40-9e2f-4f85-b07e-1d7ed535fd49.zip (0.03 MB) to /tmp/zipdeploy/extracted" date="2025-11-27T19:16:30.717" >
      <step title="ChmodRecursive Process exited with total time taken in ms: 15" date="2025-11-27T19:16:30.761" /><!-- duration: 2ms -->
    </step><!-- duration: 48ms -->
    <step title="Deployment timer started" date="2025-11-27T19:16:32.769" >
      <step title="DeploymentManager.Deploy(id:1ca28230-152a-4386-982f-80d7ae7de07f)" date="2025-11-27T19:16:32.773" >
        <step title="Collecting changeset information" date="2025-11-27T19:16:32.793" /><!-- duration: 67ms -->
        <step title="Updating submodules" date="2025-11-27T19:16:32.863" /><!-- duration: 1111ms -->
        <step title="Determining deployment builder" date="2025-11-27T19:16:34.146" >
          <step title="Builder is BasicBuilder" date="2025-11-27T19:16:34.154" /><!-- duration: 2ms -->
        </step><!-- duration: 11ms -->
        <step title="PreDeployment: context.CleanOutputPath False" date="2025-11-27T19:16:34.199" >
          <step title="PreDeployment: context.OutputPath /home/site/wwwroot" date="2025-11-27T19:16:34.300" >
            <step title="Building" date="2025-11-27T19:16:34.427" >
              <step title="Executing external process" date="2025-11-27T19:16:34.649" type="process" path="starter.sh" arguments="/opt/Kudu/Scripts/parallel_rsync.sh /tmp/zipdeploy/extracted /home/site/wwwroot 8 /tmp/ False True  " /><!-- duration: 1328ms -->
              <step title="Triggering recycle (preview mode disabled)." date="2025-11-27T19:16:36.159" /><!-- duration: 2ms -->
              <step title="Modified file to trigger a restart of the app container." date="2025-11-27T19:16:36.180" /><!-- duration: 2ms -->
              <step title="Skip function trigger and logicapp sync because function is not enabled." date="2025-11-27T19:16:36.184" /><!-- duration: 2ms -->
              <step title="Purge deployment items" date="2025-11-27T19:16:37.123" >
                <step title="Remove bcfc0ad0-, Success, received at 11/27/2025 13:04:25" date="2025-11-27T19:16:37.170" /><!-- duration: 2ms -->
              </step><!-- duration: 51ms -->
            </step><!-- duration: 2817ms -->
          </step><!-- duration: 2947ms -->
          <step title="Cleaning up temp files" date="2025-11-27T19:16:37.248" /><!-- duration: 6ms -->
          <step title="Cleaning up temp files" date="2025-11-27T19:16:37.261" /><!-- duration: 506ms -->
          <step title="Reloading status file with latest updates" date="2025-11-27T19:16:37.787" >
            <step title="WebHooksManager.PublishEventAsync: PostDeployment" date="2025-11-27T19:16:37.789" /><!-- duration: 24ms -->
          </step><!-- duration: 28ms -->
          <step title="Cleaning up temporary deployment - fetch deployment was successful" date="2025-11-27T19:16:37.817" /><!-- duration: 1ms -->
        </step><!-- duration: 3653ms -->
      </step><!-- duration: 5087ms -->
