<step title="Incoming Request" date="2025-11-27T22:17:29.671" instance="e17388" url="/api/zipdeploy?isAsync=true&amp;deployer=GITHUB_ZIP_DEPLOY&amp;message=%7B%22type%22%3A%22deployment%22%2C%22sha%22%3A%226c1a523e2ed66bf6eeda0c9fd2881cf2e4265e5e%22%2C%22repoName%22%3A%22L96Expanded%2FD-D-Initiative%22%2C%22actor%22%3A%22L96Expanded%22%2C%22slotName%22%3A%22production%22%2C%22commitMessage%22%3A%22Fix%3A%20Update%20staticwebapp.config.json%20to%20properly%20handle%20SPA%20routing%20on%20refresh%22%7D" method="POST" type="request" pid="768,1,16" Host="dnd-initiative-prod.scm.azurewebsites.net" User-Agent="GITHUBACTIONS_DeployWebAppToAzure_d8ba7f0e74ab0e5d77dc87dc029177abee8253c2c7da9cd65d79dc2913806d42" Authorization="Bea..." Content-Type="application/octet-stream" Cookie="ARRAffinity=e173888f2e6cd428dbbbd21dde5a1f029e33073760f641fbae8fdb677285960a;Path=/;HttpOnly;Secure;Domain=dnd-initiative-prod.scm.azurewebsites.net; ARRAffinitySameSite=e173888f2e6cd428dbbbd21dde5a1f029e33073760f641fbae8fdb677285960a;Path=/;HttpOnly;SameSite=None;Secure;Domain=dnd-initiative-prod.scm.azurewebsites.net" Transfer-Encoding="chunked" X-ARR-LOG-ID="2bef2296-d18f-4dc0-b478-b02a66d46b72" CLIENT-IP="172.184.175.148:25632" X-SITE-DEPLOYMENT-ID="dnd-initiative-prod" WAS-DEFAULT-HOSTNAME="dnd-initiative-prod.scm.azurewebsites.net" X-Forwarded-Proto="https" X-AppService-Proto="https" X-Forwarded-TlsVersion="1.3" X-WAWS-Unencoded-URL="/api/zipdeploy?isAsync=true&amp;deployer=GITHUB_ZIP_DEPLOY&amp;message=%7B%22type%22%3A%22deployment%22%2C%22sha%22%3A%226c1a523e2ed66bf6eeda0c9fd2881cf2e4265e5e%22%2C%22repoName%22%3A%22L96Expanded%2FD-D-Initiative%22%2C%22actor%22%3A%22L96Expanded%22%2C%22slotName%22%3A%22production%22%2C%22commitMessage%22%3A%22Fix%3A%20Update%20staticwebapp.config.json%20to%20properly%20handle%20SPA%20routing%20on%20refresh%22%7D" X-Client-IP="172.184.175.148" X-Client-Port="25632" >
  <step title="ZipPushDeploy" date="2025-11-27T22:17:29.687" >
    <step title="ZipDeploy. Extract zip." date="2025-11-27T22:17:29.690" /><!-- duration: 2ms -->
    <step title="None repository commit" date="2025-11-27T22:17:29.695" >
      <step title="Commit id: 0004bf6d-3d5d-4e42-a026-a648358e6ed2" date="2025-11-27T22:17:29.697" Message="N/A" AuthorName="N/A" AuthorEmail="N/A" /><!-- duration: 1ms -->
    </step><!-- duration: 5ms -->
    <step title="Starting PushDeployAsync" date="2025-11-27T22:17:29.701" /><!-- duration: 2ms -->
    <step title="Writing artifact to /tmp/zipdeploy/e2858172-f860-4e05-99ae-d3bcddfb2e7c.zip" date="2025-11-27T22:17:29.710" >
      <step title="Writing multipart request body to /tmp/zipdeploy/e2858172-f860-4e05-99ae-d3bcddfb2e7c.zip" date="2025-11-27T22:17:29.712" /><!-- duration: 4ms -->
    </step><!-- duration: 21ms -->
    <step title="Start deployment in the background" date="2025-11-27T22:17:29.736" >
      <step title="Acquiring Deployment Lock" date="2025-11-27T22:17:29.745" /><!-- duration: 2ms -->
      <step title="Acquired Deployment Lock" date="2025-11-27T22:17:29.796" /><!-- duration: 2ms -->
    </step><!-- duration: 105ms -->
  </step><!-- duration: 158ms -->
  <step title="Outgoing response" date="2025-11-27T22:17:29.850" type="response" statusCode="202" statusText="Accepted" /><!-- duration: 1ms -->
</step><!-- duration: 182ms -->
