<step title="Incoming Request" date="2025-11-27T19:03:14.421" instance="e17388" url="/api/zipdeploy?isAsync=true&amp;deployer=GITHUB_ZIP_DEPLOY&amp;message=%7B%22type%22%3A%22deployment%22%2C%22sha%22%3A%228791c8dc7522b485248adc6645c8d15dfdab4a05%22%2C%22repoName%22%3A%22L96Expanded%2FD-D-Initiative%22%2C%22actor%22%3A%22L96Expanded%22%2C%22slotName%22%3A%22production%22%2C%22commitMessage%22%3A%22%22%7D" method="POST" type="request" pid="768,1,23" Host="dnd-initiative-prod.scm.azurewebsites.net" User-Agent="GITHUBACTIONS_DeployWebAppToAzure_d8ba7f0e74ab0e5d77dc87dc029177abee8253c2c7da9cd65d79dc2913806d42" Authorization="Bea..." Content-Type="application/octet-stream" Cookie="ARRAffinity=e173888f2e6cd428dbbbd21dde5a1f029e33073760f641fbae8fdb677285960a;Path=/;HttpOnly;Secure;Domain=dnd-initiative-prod.scm.azurewebsites.net; ARRAffinitySameSite=e173888f2e6cd428dbbbd21dde5a1f029e33073760f641fbae8fdb677285960a;Path=/;HttpOnly;SameSite=None;Secure;Domain=dnd-initiative-prod.scm.azurewebsites.net" Transfer-Encoding="chunked" X-ARR-LOG-ID="627d162e-d06c-4467-8e53-e92b88da5158" CLIENT-IP="52.176.138.183:5120" X-SITE-DEPLOYMENT-ID="dnd-initiative-prod" WAS-DEFAULT-HOSTNAME="dnd-initiative-prod.scm.azurewebsites.net" X-Forwarded-Proto="https" X-AppService-Proto="https" X-Forwarded-TlsVersion="1.3" X-WAWS-Unencoded-URL="/api/zipdeploy?isAsync=true&amp;deployer=GITHUB_ZIP_DEPLOY&amp;message=%7B%22type%22%3A%22deployment%22%2C%22sha%22%3A%228791c8dc7522b485248adc6645c8d15dfdab4a05%22%2C%22repoName%22%3A%22L96Expanded%2FD-D-Initiative%22%2C%22actor%22%3A%22L96Expanded%22%2C%22slotName%22%3A%22production%22%2C%22commitMessage%22%3A%22%22%7D" X-Client-IP="52.176.138.183" X-Client-Port="5120" >
  <step title="ZipPushDeploy" date="2025-11-27T19:03:14.438" >
    <step title="ZipDeploy. Extract zip." date="2025-11-27T19:03:14.441" /><!-- duration: 2ms -->
    <step title="None repository commit" date="2025-11-27T19:03:14.447" >
      <step title="Commit id: 54d69e55-aff2-4dfe-8f2d-07764d95feca" date="2025-11-27T19:03:14.448" Message="N/A" AuthorName="N/A" AuthorEmail="N/A" /><!-- duration: 1ms -->
    </step><!-- duration: 4ms -->
    <step title="Starting PushDeployAsync" date="2025-11-27T19:03:14.453" /><!-- duration: 2ms -->
    <step title="Writing artifact to /tmp/zipdeploy/8e8d6c95-92ca-44ac-ae8e-d9eb86e25995.zip" date="2025-11-27T19:03:14.463" >
      <step title="Writing multipart request body to /tmp/zipdeploy/8e8d6c95-92ca-44ac-ae8e-d9eb86e25995.zip" date="2025-11-27T19:03:14.466" /><!-- duration: 2ms -->
    </step><!-- duration: 21ms -->
    <step title="Start deployment in the background" date="2025-11-27T19:03:14.491" >
      <step title="Acquiring Deployment Lock" date="2025-11-27T19:03:14.503" /><!-- duration: 3ms -->
      <step title="Acquired Deployment Lock" date="2025-11-27T19:03:14.541" /><!-- duration: 3ms -->
    </step><!-- duration: 113ms -->
  </step><!-- duration: 170ms -->
  <step title="Outgoing response" date="2025-11-27T19:03:14.634" type="response" statusCode="202" statusText="Accepted" /><!-- duration: 2ms -->
</step><!-- duration: 219ms -->
