<step title="Incoming Request" date="2025-11-27T19:03:23.494" instance="e17388" url="/api/zipdeploy?isAsync=true&amp;deployer=GITHUB_ZIP_DEPLOY&amp;message=%7B%22type%22%3A%22deployment%22%2C%22sha%22%3A%228791c8dc7522b485248adc6645c8d15dfdab4a05%22%2C%22repoName%22%3A%22L96Expanded%2FD-D-Initiative%22%2C%22actor%22%3A%22L96Expanded%22%2C%22slotName%22%3A%22production%22%2C%22commitMessage%22%3A%22%22%7D" method="POST" type="request" pid="768,1,22" Host="dnd-initiative-prod.scm.azurewebsites.net" User-Agent="GITHUBACTIONS_DeployWebAppToAzure_d8ba7f0e74ab0e5d77dc87dc029177abee8253c2c7da9cd65d79dc2913806d42" Authorization="Bea..." Content-Type="application/octet-stream" Cookie="ARRAffinity=e173888f2e6cd428dbbbd21dde5a1f029e33073760f641fbae8fdb677285960a;Path=/;HttpOnly;Secure;Domain=dnd-initiative-prod.scm.azurewebsites.net; ARRAffinitySameSite=e173888f2e6cd428dbbbd21dde5a1f029e33073760f641fbae8fdb677285960a;Path=/;HttpOnly;SameSite=None;Secure;Domain=dnd-initiative-prod.scm.azurewebsites.net" Transfer-Encoding="chunked" X-ARR-LOG-ID="1231d99c-eda3-44bc-9fc4-8a42f06ea5f5" CLIENT-IP="68.220.61.1:1025" X-SITE-DEPLOYMENT-ID="dnd-initiative-prod" WAS-DEFAULT-HOSTNAME="dnd-initiative-prod.scm.azurewebsites.net" X-Forwarded-Proto="https" X-AppService-Proto="https" X-Forwarded-TlsVersion="1.3" X-WAWS-Unencoded-URL="/api/zipdeploy?isAsync=true&amp;deployer=GITHUB_ZIP_DEPLOY&amp;message=%7B%22type%22%3A%22deployment%22%2C%22sha%22%3A%228791c8dc7522b485248adc6645c8d15dfdab4a05%22%2C%22repoName%22%3A%22L96Expanded%2FD-D-Initiative%22%2C%22actor%22%3A%22L96Expanded%22%2C%22slotName%22%3A%22production%22%2C%22commitMessage%22%3A%22%22%7D" X-Client-IP="68.220.61.1" X-Client-Port="1025" >
  <step title="ZipPushDeploy" date="2025-11-27T19:03:23.498" >
    <step title="ZipDeploy. Extract zip." date="2025-11-27T19:03:23.502" /><!-- duration: 2ms -->
    <step title="Starting PushDeployAsync" date="2025-11-27T19:03:23.506" /><!-- duration: 4ms -->
    <step title="Writing artifact to /tmp/zipdeploy/f26ac1e6-c5ee-4219-93b4-337e47809770.zip" date="2025-11-27T19:03:23.516" >
      <step title="Writing multipart request body to /tmp/zipdeploy/f26ac1e6-c5ee-4219-93b4-337e47809770.zip" date="2025-11-27T19:03:23.519" /><!-- duration: 3ms -->
    </step><!-- duration: 10ms -->
    <step title="Start deployment in the background" date="2025-11-27T19:03:23.530" >
      <step title="Acquiring Deployment Lock" date="2025-11-27T19:03:23.537" /><!-- duration: 3ms -->
      <step title="Acquired Deployment Lock" date="2025-11-27T19:03:23.572" /><!-- duration: 2ms -->
    </step><!-- duration: 115ms -->
  </step><!-- duration: 148ms -->
  <step title="Outgoing response" date="2025-11-27T19:03:23.649" type="response" statusCode="202" statusText="Accepted" /><!-- duration: 1ms -->
</step><!-- duration: 158ms -->
