<step title="Incoming Request" date="2025-11-27T18:55:57.949" instance="e17388" url="/api/zipdeploy?isAsync=true&amp;deployer=GITHUB_ZIP_DEPLOY&amp;message=%7B%22type%22%3A%22deployment%22%2C%22sha%22%3A%228791c8dc7522b485248adc6645c8d15dfdab4a05%22%2C%22repoName%22%3A%22L96Expanded%2FD-D-Initiative%22%2C%22actor%22%3A%22L96Expanded%22%2C%22slotName%22%3A%22production%22%2C%22commitMessage%22%3A%22Fix%20circular%20import%20by%20using%20lazy%20loading%20for%20config%22%7D" method="POST" type="request" pid="768,1,5" Host="dnd-initiative-prod.scm.azurewebsites.net" User-Agent="GITHUBACTIONS_DeployWebAppToAzure_d8ba7f0e74ab0e5d77dc87dc029177abee8253c2c7da9cd65d79dc2913806d42" Authorization="Bea..." Content-Type="application/octet-stream" Cookie="ARRAffinity=e173888f2e6cd428dbbbd21dde5a1f029e33073760f641fbae8fdb677285960a;Path=/;HttpOnly;Secure;Domain=dnd-initiative-prod.scm.azurewebsites.net; ARRAffinitySameSite=e173888f2e6cd428dbbbd21dde5a1f029e33073760f641fbae8fdb677285960a;Path=/;HttpOnly;SameSite=None;Secure;Domain=dnd-initiative-prod.scm.azurewebsites.net" Transfer-Encoding="chunked" X-ARR-LOG-ID="f120016b-f789-484f-b7da-5689db620bf4" CLIENT-IP="128.24.160.162:44032" X-SITE-DEPLOYMENT-ID="dnd-initiative-prod" WAS-DEFAULT-HOSTNAME="dnd-initiative-prod.scm.azurewebsites.net" X-Forwarded-Proto="https" X-AppService-Proto="https" X-Forwarded-TlsVersion="1.3" X-WAWS-Unencoded-URL="/api/zipdeploy?isAsync=true&amp;deployer=GITHUB_ZIP_DEPLOY&amp;message=%7B%22type%22%3A%22deployment%22%2C%22sha%22%3A%228791c8dc7522b485248adc6645c8d15dfdab4a05%22%2C%22repoName%22%3A%22L96Expanded%2FD-D-Initiative%22%2C%22actor%22%3A%22L96Expanded%22%2C%22slotName%22%3A%22production%22%2C%22commitMessage%22%3A%22Fix%20circular%20import%20by%20using%20lazy%20loading%20for%20config%22%7D" X-Client-IP="128.24.160.162" X-Client-Port="44032" >
  <step title="ZipPushDeploy" date="2025-11-27T18:55:57.971" >
    <step title="ZipDeploy. Extract zip." date="2025-11-27T18:55:57.975" /><!-- duration: 2ms -->
    <step title="None repository commit" date="2025-11-27T18:55:57.980" >
      <step title="Commit id: 258d6996-2ba1-45a7-9590-951c57bab804" date="2025-11-27T18:55:57.982" Message="N/A" AuthorName="N/A" AuthorEmail="N/A" /><!-- duration: 2ms -->
    </step><!-- duration: 5ms -->
    <step title="Starting PushDeployAsync" date="2025-11-27T18:55:57.987" /><!-- duration: 2ms -->
    <step title="Writing artifact to /tmp/zipdeploy/bcd2dbcf-eea9-4799-88cd-36febc3dba57.zip" date="2025-11-27T18:55:57.998" >
      <step title="Writing multipart request body to /tmp/zipdeploy/bcd2dbcf-eea9-4799-88cd-36febc3dba57.zip" date="2025-11-27T18:55:58.000" /><!-- duration: 2ms -->
    </step><!-- duration: 18ms -->
    <step title="Start deployment in the background" date="2025-11-27T18:55:58.023" >
      <step title="Acquiring Deployment Lock" date="2025-11-27T18:55:58.031" /><!-- duration: 2ms -->
      <step title="Acquired Deployment Lock" date="2025-11-27T18:55:58.086" /><!-- duration: 2ms -->
    </step><!-- duration: 113ms -->
  </step><!-- duration: 169ms -->
  <step title="Outgoing response" date="2025-11-27T18:55:58.145" type="response" statusCode="202" statusText="Accepted" /><!-- duration: 2ms -->
</step><!-- duration: 199ms -->
