<step title="BackgroundTrace" date="2025-11-27T09:58:22.673" instance="e17388" url="/api/zipdeploy" method="POST" >
  <step title="Creating temporary deployment - FetchDeploymentManager" date="2025-11-27T09:58:22.751" /><!-- duration: 1ms -->
  <step title="Creating temporary deployment" date="2025-11-27T09:58:22.755" /><!-- duration: 35ms -->
  <step title="Performing fetch based deployment" date="2025-11-27T09:58:22.815" >
    <step title="Cleaning up temp folders from previous zip deployments and extracting pushed zip file /tmp/zipdeploy/17a58910-b697-427f-8cc0-dffd4045fcde.zip (3.61 MB) to /tmp/zipdeploy/extracted" date="2025-11-27T09:58:23.949" >
      <step title="ChmodRecursive Process exited with total time taken in ms: 18" date="2025-11-27T09:58:24.006" /><!-- duration: 41ms -->
    </step><!-- duration: 101ms -->
    <step title="Deployment timer started" date="2025-11-27T09:58:26.055" >
      <step title="DeploymentManager.Deploy(id:d62a86cd-5e42-4358-a799-15fe2ca0b33a)" date="2025-11-27T09:58:26.060" >
        <step title="Collecting changeset information" date="2025-11-27T09:58:26.066" /><!-- duration: 98ms -->
        <step title="Updating submodules" date="2025-11-27T09:58:26.167" /><!-- duration: 1123ms -->
        <step title="Determining deployment builder" date="2025-11-27T09:58:27.508" >
          <step title="Builder is BasicBuilder" date="2025-11-27T09:58:27.516" /><!-- duration: 2ms -->
        </step><!-- duration: 12ms -->
        <step title="PreDeployment: context.CleanOutputPath False" date="2025-11-27T09:58:27.566" >
          <step title="PreDeployment: context.OutputPath /home/site/wwwroot" date="2025-11-27T09:58:27.671" >
            <step title="Building" date="2025-11-27T09:58:27.853" >
              <step title="Executing external process" date="2025-11-27T09:58:28.102" type="process" path="starter.sh" arguments="/opt/Kudu/Scripts/parallel_rsync.sh /tmp/zipdeploy/extracted /home/site/wwwroot 8 /tmp/ False True  " /><!-- duration: 1466ms -->
              <step title="Triggering recycle (preview mode disabled)." date="2025-11-27T09:58:29.850" /><!-- duration: 4ms -->
              <step title="Modified file to trigger a restart of the app container." date="2025-11-27T09:58:29.874" /><!-- duration: 2ms -->
              <step title="Skip function trigger and logicapp sync because function is not enabled." date="2025-11-27T09:58:29.878" /><!-- duration: 2ms -->
              <step title="Purge deployment items" date="2025-11-27T09:58:31.086" >
                <step title="Remove d8fac1e6-, Success, received at 11/27/2025 08:10:27" date="2025-11-27T09:58:31.137" /><!-- duration: 1ms -->
              </step><!-- duration: 55ms -->
            </step><!-- duration: 3359ms -->
          </step><!-- duration: 3545ms -->
          <step title="Cleaning up temp files" date="2025-11-27T09:58:31.217" /><!-- duration: 2ms -->
          <step title="Cleaning up temp files" date="2025-11-27T09:58:31.224" /><!-- duration: 502ms -->
          <step title="Reloading status file with latest updates" date="2025-11-27T09:58:32.304" >
            <step title="WebHooksManager.PublishEventAsync: PostDeployment" date="2025-11-27T09:58:32.320" /><!-- duration: 31ms -->
          </step><!-- duration: 48ms -->
          <step title="Cleaning up temporary deployment - fetch deployment was successful" date="2025-11-27T09:58:32.355" /><!-- duration: 2ms -->
        </step><!-- duration: 4828ms -->
      </step><!-- duration: 6345ms -->
