<step title="BackgroundTrace" date="2025-11-30T12:02:46.272" instance="e17388" url="/api/zipdeploy" method="POST" >
  <step title="Creating temporary deployment - FetchDeploymentManager" date="2025-11-30T12:02:46.330" /><!-- duration: 1ms -->
  <step title="Creating temporary deployment" date="2025-11-30T12:02:46.333" /><!-- duration: 44ms -->
  <step title="Performing fetch based deployment" date="2025-11-30T12:02:46.401" >
    <step title="Cleaning up temp folders from previous zip deployments and extracting pushed zip file /tmp/zipdeploy/cc7c1abd-a793-491d-a6b9-64388fd14d09.zip (0.05 MB) to /tmp/zipdeploy/extracted" date="2025-11-30T12:02:47.522" >
      <step title="ChmodRecursive Process exited with total time taken in ms: 14" date="2025-11-30T12:02:47.569" /><!-- duration: 3ms -->
    </step><!-- duration: 52ms -->
    <step title="Deployment timer started" date="2025-11-30T12:02:49.579" >
      <step title="DeploymentManager.Deploy(id:0a733c84-50a3-4fa1-952f-45444ee506f2)" date="2025-11-30T12:02:49.583" >
        <step title="Collecting changeset information" date="2025-11-30T12:02:49.591" /><!-- duration: 62ms -->
        <step title="Updating submodules" date="2025-11-30T12:02:49.656" /><!-- duration: 1124ms -->
        <step title="Determining deployment builder" date="2025-11-30T12:02:50.953" >
          <step title="Builder is BasicBuilder" date="2025-11-30T12:02:50.958" /><!-- duration: 2ms -->
        </step><!-- duration: 9ms -->
        <step title="PreDeployment: context.CleanOutputPath False" date="2025-11-30T12:02:51.000" >
          <step title="PreDeployment: context.OutputPath /home/site/wwwroot" date="2025-11-30T12:02:51.116" >
            <step title="Building" date="2025-11-30T12:02:51.235" >
              <step title="Executing external process" date="2025-11-30T12:02:51.458" type="process" path="starter.sh" arguments="/opt/Kudu/Scripts/parallel_rsync.sh /tmp/zipdeploy/extracted /home/site/wwwroot 8 /tmp/ False True  " /><!-- duration: 1555ms -->
              <step title="Triggering recycle (preview mode disabled)." date="2025-11-30T12:02:53.807" /><!-- duration: 2ms -->
              <step title="Modified file to trigger a restart of the app container." date="2025-11-30T12:02:53.825" /><!-- duration: 3ms -->
              <step title="Skip function trigger and logicapp sync because function is not enabled." date="2025-11-30T12:02:53.831" /><!-- duration: 2ms -->
              <step title="Purge deployment items" date="2025-11-30T12:02:54.833" >
                <step title="Remove b32c9b46-, Success, received at 11/27/2025 22:48:05" date="2025-11-30T12:02:54.877" /><!-- duration: 4ms -->
              </step><!-- duration: 50ms -->
            </step><!-- duration: 3707ms -->
          </step><!-- duration: 3828ms -->
          <step title="Cleaning up temp files" date="2025-11-30T12:02:54.946" /><!-- duration: 4ms -->
          <step title="Cleaning up temp files" date="2025-11-30T12:02:54.953" /><!-- duration: 502ms -->
          <step title="Reloading status file with latest updates" date="2025-11-30T12:02:55.496" >
            <step title="WebHooksManager.PublishEventAsync: PostDeployment" date="2025-11-30T12:02:55.498" /><!-- duration: 47ms -->
          </step><!-- duration: 50ms -->
          <step title="Cleaning up temporary deployment - fetch deployment was successful" date="2025-11-30T12:02:55.549" /><!-- duration: 1ms -->
        </step><!-- duration: 4599ms -->
      </step><!-- duration: 6024ms -->
