<step title="BackgroundTrace" date="2025-11-27T22:38:34.349" instance="e17388" url="/api/zipdeploy" method="POST" >
  <step title="Creating temporary deployment - FetchDeploymentManager" date="2025-11-27T22:38:34.398" /><!-- duration: 1ms -->
  <step title="Creating temporary deployment" date="2025-11-27T22:38:34.402" /><!-- duration: 43ms -->
  <step title="Performing fetch based deployment" date="2025-11-27T22:38:34.466" >
    <step title="Cleaning up temp folders from previous zip deployments and extracting pushed zip file /tmp/zipdeploy/a72f2b17-18e7-4f00-9c1f-3501310abb7f.zip (0.03 MB) to /tmp/zipdeploy/extracted" date="2025-11-27T22:38:35.582" >
      <step title="ChmodRecursive Process exited with total time taken in ms: 28" date="2025-11-27T22:38:35.653" /><!-- duration: 2ms -->
    </step><!-- duration: 76ms -->
    <step title="Deployment timer started" date="2025-11-27T22:38:37.666" >
      <step title="DeploymentManager.Deploy(id:3136bb8f-7e15-4d60-bb50-a3640c13ad9f)" date="2025-11-27T22:38:37.678" >
        <step title="Collecting changeset information" date="2025-11-27T22:38:37.703" /><!-- duration: 134ms -->
        <step title="Updating submodules" date="2025-11-27T22:38:37.839" /><!-- duration: 1136ms -->
        <step title="Determining deployment builder" date="2025-11-27T22:38:39.197" >
          <step title="Builder is BasicBuilder" date="2025-11-27T22:38:39.202" /><!-- duration: 2ms -->
        </step><!-- duration: 14ms -->
        <step title="PreDeployment: context.CleanOutputPath False" date="2025-11-27T22:38:39.256" >
          <step title="PreDeployment: context.OutputPath /home/site/wwwroot" date="2025-11-27T22:38:39.455" >
            <step title="Building" date="2025-11-27T22:38:39.630" >
              <step title="Executing external process" date="2025-11-27T22:38:40.076" type="process" path="starter.sh" arguments="/opt/Kudu/Scripts/parallel_rsync.sh /tmp/zipdeploy/extracted /home/site/wwwroot 8 /tmp/ False True  " /><!-- duration: 3663ms -->
              <step title="Triggering recycle (preview mode disabled)." date="2025-11-27T22:38:43.983" /><!-- duration: 12ms -->
              <step title="Modified file to trigger a restart of the app container." date="2025-11-27T22:38:44.048" /><!-- duration: 3ms -->
              <step title="Skip function trigger and logicapp sync because function is not enabled." date="2025-11-27T22:38:44.055" /><!-- duration: 12ms -->
              <step title="Purge deployment items" date="2025-11-27T22:38:45.316" >
                <step title="Remove d05c4133-, Success, received at 11/27/2025 19:25:48" date="2025-11-27T22:38:45.368" /><!-- duration: 5ms -->
              </step><!-- duration: 60ms -->
            </step><!-- duration: 5792ms -->
          </step><!-- duration: 5969ms -->
          <step title="Cleaning up temp files" date="2025-11-27T22:38:45.426" /><!-- duration: 2ms -->
          <step title="Cleaning up temp files" date="2025-11-27T22:38:45.430" /><!-- duration: 506ms -->
          <step title="Reloading status file with latest updates" date="2025-11-27T22:38:45.954" >
            <step title="WebHooksManager.PublishEventAsync: PostDeployment" date="2025-11-27T22:38:45.956" /><!-- duration: 20ms -->
          </step><!-- duration: 23ms -->
          <step title="Cleaning up temporary deployment - fetch deployment was successful" date="2025-11-27T22:38:45.981" /><!-- duration: 2ms -->
        </step><!-- duration: 6779ms -->
      </step><!-- duration: 8366ms -->
