<step title="Incoming Request" date="2025-11-30T12:02:46.199" instance="e17388" url="/api/zipdeploy?isAsync=true&amp;deployer=GITHUB_ZIP_DEPLOY&amp;message=%7B%22type%22%3A%22deployment%22%2C%22sha%22%3A%228f8046ada5b0817b440e0918e5c16b7cfc9a3f99%22%2C%22repoName%22%3A%22L96Expanded%2FD-D-Initiative%22%2C%22actor%22%3A%22L96Expanded%22%2C%22slotName%22%3A%22production%22%2C%22commitMessage%22%3A%22Updated%20actions%22%7D" method="POST" type="request" pid="767,1,19" Host="dnd-initiative-prod.scm.azurewebsites.net" User-Agent="GITHUBACTIONS_DeployWebAppToAzure_d8ba7f0e74ab0e5d77dc87dc029177abee8253c2c7da9cd65d79dc2913806d42" Authorization="Bea..." Content-Type="application/octet-stream" Cookie="ARRAffinity=e173888f2e6cd428dbbbd21dde5a1f029e33073760f641fbae8fdb677285960a;Path=/;HttpOnly;Secure;Domain=dnd-initiative-prod.scm.azurewebsites.net; ARRAffinitySameSite=e173888f2e6cd428dbbbd21dde5a1f029e33073760f641fbae8fdb677285960a;Path=/;HttpOnly;SameSite=None;Secure;Domain=dnd-initiative-prod.scm.azurewebsites.net" Transfer-Encoding="chunked" X-ARR-LOG-ID="e610f625-e446-4e03-9f71-889f36ae2198" CLIENT-IP="172.178.119.17:55232" X-SITE-DEPLOYMENT-ID="dnd-initiative-prod" WAS-DEFAULT-HOSTNAME="dnd-initiative-prod.scm.azurewebsites.net" X-Forwarded-Proto="https" X-AppService-Proto="https" X-Forwarded-TlsVersion="1.3" X-WAWS-Unencoded-URL="/api/zipdeploy?isAsync=true&amp;deployer=GITHUB_ZIP_DEPLOY&amp;message=%7B%22type%22%3A%22deployment%22%2C%22sha%22%3A%228f8046ada5b0817b440e0918e5c16b7cfc9a3f99%22%2C%22repoName%22%3A%22L96Expanded%2FD-D-Initiative%22%2C%22actor%22%3A%22L96Expanded%22%2C%22slotName%22%3A%22production%22%2C%22commitMessage%22%3A%22Updated%20actions%22%7D" X-Client-IP="172.178.119.17" X-Client-Port="55232" >
  <step title="ZipPushDeploy" date="2025-11-30T12:02:46.217" >
    <step title="ZipDeploy. Extract zip." date="2025-11-30T12:02:46.221" /><!-- duration: 2ms -->
    <step title="None repository commit" date="2025-11-30T12:02:46.226" >
      <step title="Commit id: 0a733c84-50a3-4fa1-952f-45444ee506f2" date="2025-11-30T12:02:46.228" Message="N/A" AuthorName="N/A" AuthorEmail="N/A" /><!-- duration: 2ms -->
    </step><!-- duration: 5ms -->
    <step title="Starting PushDeployAsync" date="2025-11-30T12:02:46.232" /><!-- duration: 1ms -->
    <step title="Writing artifact to /tmp/zipdeploy/cc7c1abd-a793-491d-a6b9-64388fd14d09.zip" date="2025-11-30T12:02:46.243" >
      <step title="Writing multipart request body to /tmp/zipdeploy/cc7c1abd-a793-491d-a6b9-64388fd14d09.zip" date="2025-11-30T12:02:46.245" /><!-- duration: 4ms -->
    </step><!-- duration: 22ms -->
    <step title="Start deployment in the background" date="2025-11-30T12:02:46.270" >
      <step title="Acquiring Deployment Lock" date="2025-11-30T12:02:46.293" /><!-- duration: 2ms -->
      <step title="Acquired Deployment Lock" date="2025-11-30T12:02:46.327" /><!-- duration: 2ms -->
    </step><!-- duration: 109ms -->
  </step><!-- duration: 166ms -->
  <step title="Outgoing response" date="2025-11-30T12:02:46.387" type="response" statusCode="202" statusText="Accepted" /><!-- duration: 2ms -->
</step><!-- duration: 194ms -->
