<step title="Incoming Request" date="2025-11-30T12:06:26.695" instance="e17388" url="/api/zipdeploy?isAsync=true&amp;deployer=GITHUB_ZIP_DEPLOY&amp;message=%7B%22type%22%3A%22deployment%22%2C%22sha%22%3A%22586e827ba6af2851a4125a1abbb89e03ed4564e3%22%2C%22repoName%22%3A%22L96Expanded%2FD-D-Initiative%22%2C%22actor%22%3A%22L96Expanded%22%2C%22slotName%22%3A%22production%22%2C%22commitMessage%22%3A%22Updated%20requirements%20AGAIN%22%7D" method="POST" type="request" pid="768,1,18" Host="dnd-initiative-prod.scm.azurewebsites.net" User-Agent="GITHUBACTIONS_DeployWebAppToAzure_d8ba7f0e74ab0e5d77dc87dc029177abee8253c2c7da9cd65d79dc2913806d42" Authorization="Bea..." Content-Type="application/octet-stream" Cookie="ARRAffinity=e173888f2e6cd428dbbbd21dde5a1f029e33073760f641fbae8fdb677285960a;Path=/;HttpOnly;Secure;Domain=dnd-initiative-prod.scm.azurewebsites.net; ARRAffinitySameSite=e173888f2e6cd428dbbbd21dde5a1f029e33073760f641fbae8fdb677285960a;Path=/;HttpOnly;SameSite=None;Secure;Domain=dnd-initiative-prod.scm.azurewebsites.net" Transfer-Encoding="chunked" X-ARR-LOG-ID="0f3a756e-37c8-4a27-9c62-e29b55c9c697" CLIENT-IP="20.168.111.80:56338" X-SITE-DEPLOYMENT-ID="dnd-initiative-prod" WAS-DEFAULT-HOSTNAME="dnd-initiative-prod.scm.azurewebsites.net" X-Forwarded-Proto="https" X-AppService-Proto="https" X-Forwarded-TlsVersion="1.3" X-WAWS-Unencoded-URL="/api/zipdeploy?isAsync=true&amp;deployer=GITHUB_ZIP_DEPLOY&amp;message=%7B%22type%22%3A%22deployment%22%2C%22sha%22%3A%22586e827ba6af2851a4125a1abbb89e03ed4564e3%22%2C%22repoName%22%3A%22L96Expanded%2FD-D-Initiative%22%2C%22actor%22%3A%22L96Expanded%22%2C%22slotName%22%3A%22production%22%2C%22commitMessage%22%3A%22Updated%20requirements%20AGAIN%22%7D" X-Client-IP="20.168.111.80" X-Client-Port="56338" >
  <step title="ZipPushDeploy" date="2025-11-30T12:06:26.713" >
    <step title="ZipDeploy. Extract zip." date="2025-11-30T12:06:26.717" /><!-- duration: 2ms -->
    <step title="None repository commit" date="2025-11-30T12:06:26.722" >
      <step title="Commit id: f3332d81-b6a8-4ddf-ac6a-b4435f3c96aa" date="2025-11-30T12:06:26.723" Message="N/A" AuthorName="N/A" AuthorEmail="N/A" /><!-- duration: 1ms -->
    </step><!-- duration: 4ms -->
    <step title="Starting PushDeployAsync" date="2025-11-30T12:06:26.728" /><!-- duration: 2ms -->
    <step title="Writing artifact to /tmp/zipdeploy/06a64a1a-9f89-4e13-aaf5-f5d35aab9e15.zip" date="2025-11-30T12:06:26.736" >
      <step title="Writing multipart request body to /tmp/zipdeploy/06a64a1a-9f89-4e13-aaf5-f5d35aab9e15.zip" date="2025-11-30T12:06:26.739" /><!-- duration: 5ms -->
    </step><!-- duration: 24ms -->
    <step title="Start deployment in the background" date="2025-11-30T12:06:26.765" >
      <step title="Acquiring Deployment Lock" date="2025-11-30T12:06:26.773" /><!-- duration: 19ms -->
      <step title="Acquired Deployment Lock" date="2025-11-30T12:06:26.826" /><!-- duration: 2ms -->
    </step><!-- duration: 113ms -->
  </step><!-- duration: 169ms -->
  <step title="Outgoing response" date="2025-11-30T12:06:26.887" type="response" statusCode="202" statusText="Accepted" /><!-- duration: 2ms -->
</step><!-- duration: 196ms -->
