<step title="Incoming Request" date="2025-11-27T18:56:04.631" instance="e17388" url="/api/deployments/latest?deployer=GITHUB_ZIP_DEPLOY&amp;time=2025-11-27_18-55-58Z" method="GET" type="request" pid="768,1,7" Host="dnd-initiative-prod.scm.azurewebsites.net" User-Agent="GITHUBACTIONS_DeployWebAppToAzure_d8ba7f0e74ab0e5d77dc87dc029177abee8253c2c7da9cd65d79dc2913806d42" Authorization="Bea..." Content-Type="application/json; charset=utf-8" Cookie="ARRAffinity=e173888f2e6cd428dbbbd21dde5a1f029e33073760f641fbae8fdb677285960a;Path=/;HttpOnly;Secure;Domain=dnd-initiative-prod.scm.azurewebsites.net; ARRAffinitySameSite=e173888f2e6cd428dbbbd21dde5a1f029e33073760f641fbae8fdb677285960a;Path=/;HttpOnly;SameSite=None;Secure;Domain=dnd-initiative-prod.scm.azurewebsites.net" Content-Length="0" X-ARR-LOG-ID="63c1180a-df11-4d34-b9d0-261d1602f67d" CLIENT-IP="128.24.160.162:44033" X-SITE-DEPLOYMENT-ID="dnd-initiative-prod" WAS-DEFAULT-HOSTNAME="dnd-initiative-prod.scm.azurewebsites.net" X-Forwarded-Proto="https" X-AppService-Proto="https" X-Forwarded-TlsVersion="1.3" X-WAWS-Unencoded-URL="/api/deployments/latest?deployer=GITHUB_ZIP_DEPLOY&amp;time=2025-11-27_18-55-58Z" X-Client-IP="128.24.160.162" X-Client-Port="44033" >
  <step title="Cleanup Xml Logs" date="2025-11-27T18:56:04.633" >
    <step title="Cleanup Infos" date="2025-11-27T18:56:04.647" totalFiles="206" totalCleanup="46" /><!-- duration: 9ms -->
  </step><!-- duration: 26ms -->
  <step title="DeploymentService.GetResult" date="2025-11-27T18:56:04.666" >
    <step title="DeploymentService.GetLatestDeployment" date="2025-11-27T18:56:04.669" >
      <step title="DeploymentManager.GetResults" date="2025-11-27T18:56:04.672" /><!-- duration: 678ms -->
    </step><!-- duration: 684ms -->
  </step><!-- duration: 689ms -->
  <step title="Outgoing response" date="2025-11-27T18:56:05.357" type="response" statusCode="202" statusText="Accepted" /><!-- duration: 2ms -->
</step><!-- duration: 729ms -->
