<step title="Incoming Request" date="2025-11-27T19:08:02.810" instance="e17388" url="/api/zipdeploy?isAsync=true&amp;deployer=GITHUB_ZIP_DEPLOY&amp;message=%7B%22type%22%3A%22deployment%22%2C%22sha%22%3A%22164bfb5776d61bd82cc02ff57ae211cb6bfc33f8%22%2C%22repoName%22%3A%22L96Expanded%2FD-D-Initiative%22%2C%22actor%22%3A%22L96Expanded%22%2C%22slotName%22%3A%22production%22%2C%22commitMessage%22%3A%22Add%20error%20handling%20and%20logging%20for%20database%20initialization%22%7D" method="POST" type="request" pid="767,1,19" Host="dnd-initiative-prod.scm.azurewebsites.net" User-Agent="GITHUBACTIONS_DeployWebAppToAzure_d8ba7f0e74ab0e5d77dc87dc029177abee8253c2c7da9cd65d79dc2913806d42" Authorization="Bea..." Content-Type="application/octet-stream" Cookie="ARRAffinity=e173888f2e6cd428dbbbd21dde5a1f029e33073760f641fbae8fdb677285960a;Path=/;HttpOnly;Secure;Domain=dnd-initiative-prod.scm.azurewebsites.net; ARRAffinitySameSite=e173888f2e6cd428dbbbd21dde5a1f029e33073760f641fbae8fdb677285960a;Path=/;HttpOnly;SameSite=None;Secure;Domain=dnd-initiative-prod.scm.azurewebsites.net" Transfer-Encoding="chunked" X-ARR-LOG-ID="910778e9-eab4-44ab-acb5-900fda047d5f" CLIENT-IP="48.211.210.116:31744" X-SITE-DEPLOYMENT-ID="dnd-initiative-prod" WAS-DEFAULT-HOSTNAME="dnd-initiative-prod.scm.azurewebsites.net" X-Forwarded-Proto="https" X-AppService-Proto="https" X-Forwarded-TlsVersion="1.3" X-WAWS-Unencoded-URL="/api/zipdeploy?isAsync=true&amp;deployer=GITHUB_ZIP_DEPLOY&amp;message=%7B%22type%22%3A%22deployment%22%2C%22sha%22%3A%22164bfb5776d61bd82cc02ff57ae211cb6bfc33f8%22%2C%22repoName%22%3A%22L96Expanded%2FD-D-Initiative%22%2C%22actor%22%3A%22L96Expanded%22%2C%22slotName%22%3A%22production%22%2C%22commitMessage%22%3A%22Add%20error%20handling%20and%20logging%20for%20database%20initialization%22%7D" X-Client-IP="48.211.210.116" X-Client-Port="31744" >
  <step title="ZipPushDeploy" date="2025-11-27T19:08:02.825" >
    <step title="ZipDeploy. Extract zip." date="2025-11-27T19:08:02.834" /><!-- duration: 2ms -->
    <step title="None repository commit" date="2025-11-27T19:08:02.838" >
      <step title="Commit id: 260fbfb7-7ae2-4b68-aac3-eaa9b17684cb" date="2025-11-27T19:08:02.840" Message="N/A" AuthorName="N/A" AuthorEmail="N/A" /><!-- duration: 7ms -->
    </step><!-- duration: 10ms -->
    <step title="Starting PushDeployAsync" date="2025-11-27T19:08:02.850" /><!-- duration: 2ms -->
    <step title="Writing artifact to /tmp/zipdeploy/4e0b1667-6b6a-4226-b77c-5b31cf6e47d7.zip" date="2025-11-27T19:08:02.864" >
      <step title="Writing multipart request body to /tmp/zipdeploy/4e0b1667-6b6a-4226-b77c-5b31cf6e47d7.zip" date="2025-11-27T19:08:02.868" /><!-- duration: 3ms -->
    </step><!-- duration: 28ms -->
    <step title="Start deployment in the background" date="2025-11-27T19:08:02.898" >
      <step title="Acquiring Deployment Lock" date="2025-11-27T19:08:02.906" /><!-- duration: 2ms -->
      <step title="Acquired Deployment Lock" date="2025-11-27T19:08:02.956" /><!-- duration: 1ms -->
    </step><!-- duration: 114ms -->
  </step><!-- duration: 190ms -->
  <step title="Outgoing response" date="2025-11-27T19:08:03.020" type="response" statusCode="202" statusText="Accepted" /><!-- duration: 2ms -->
</step><!-- duration: 214ms -->
