<step title="Incoming Request" date="2025-11-27T22:38:14.845" instance="e17388" url="/api/deployments/latest?deployer=GITHUB_ZIP_DEPLOY&amp;time=2025-11-27_22-38-08Z" method="GET" type="request" pid="768,1,14" Host="dnd-initiative-prod.scm.azurewebsites.net" User-Agent="GITHUBACTIONS_DeployWebAppToAzure_d8ba7f0e74ab0e5d77dc87dc029177abee8253c2c7da9cd65d79dc2913806d42" Authorization="Bea..." Content-Type="application/json; charset=utf-8" Cookie="ARRAffinity=e173888f2e6cd428dbbbd21dde5a1f029e33073760f641fbae8fdb677285960a;Path=/;HttpOnly;Secure;Domain=dnd-initiative-prod.scm.azurewebsites.net; ARRAffinitySameSite=e173888f2e6cd428dbbbd21dde5a1f029e33073760f641fbae8fdb677285960a;Path=/;HttpOnly;SameSite=None;Secure;Domain=dnd-initiative-prod.scm.azurewebsites.net" Content-Length="0" X-ARR-LOG-ID="4726e6b9-968f-4b67-9a34-0fbe2a6106ab" CLIENT-IP="128.24.160.226:25601" X-SITE-DEPLOYMENT-ID="dnd-initiative-prod" WAS-DEFAULT-HOSTNAME="dnd-initiative-prod.scm.azurewebsites.net" X-Forwarded-Proto="https" X-AppService-Proto="https" X-Forwarded-TlsVersion="1.3" X-WAWS-Unencoded-URL="/api/deployments/latest?deployer=GITHUB_ZIP_DEPLOY&amp;time=2025-11-27_22-38-08Z" X-Client-IP="128.24.160.226" X-Client-Port="25601" >
  <step title="Cleanup Xml Logs" date="2025-11-27T22:38:14.847" >
    <step title="Cleanup Infos" date="2025-11-27T22:38:14.861" totalFiles="361" totalCleanup="201" /><!-- duration: 4ms -->
  </step><!-- duration: 21ms -->
  <step title="DeploymentService.GetResult" date="2025-11-27T22:38:14.875" >
    <step title="DeploymentService.GetLatestDeployment" date="2025-11-27T22:38:14.877" >
      <step title="DeploymentManager.GetResults" date="2025-11-27T22:38:14.882" /><!-- duration: 621ms -->
    </step><!-- duration: 632ms -->
  </step><!-- duration: 637ms -->
  <step title="Outgoing response" date="2025-11-27T22:38:15.514" type="response" statusCode="202" statusText="Accepted" /><!-- duration: 21ms -->
</step><!-- duration: 696ms -->
