<step title="BackgroundTrace" date="2025-11-27T22:38:08.692" instance="e17388" url="/api/zipdeploy" method="POST" >
  <step title="Creating temporary deployment - FetchDeploymentManager" date="2025-11-27T22:38:08.757" /><!-- duration: 1ms -->
  <step title="Creating temporary deployment" date="2025-11-27T22:38:08.761" /><!-- duration: 57ms -->
  <step title="Performing fetch based deployment" date="2025-11-27T22:38:08.845" >
    <step title="Cleaning up temp folders from previous zip deployments and extracting pushed zip file /tmp/zipdeploy/7e066642-87b7-480a-a365-5e1b8d8060b9.zip (0.03 MB) to /tmp/zipdeploy/extracted" date="2025-11-27T22:38:09.977" >
      <step title="ChmodRecursive Process exited with total time taken in ms: 22" date="2025-11-27T22:38:10.026" /><!-- duration: 2ms -->
    </step><!-- duration: 54ms -->
    <step title="Deployment timer started" date="2025-11-27T22:38:12.037" >
      <step title="DeploymentManager.Deploy(id:bc7a2ffa-204f-47ce-ba1b-afdd61562128)" date="2025-11-27T22:38:12.042" >
        <step title="Collecting changeset information" date="2025-11-27T22:38:12.061" /><!-- duration: 60ms -->
        <step title="Updating submodules" date="2025-11-27T22:38:12.123" /><!-- duration: 1104ms -->
        <step title="Determining deployment builder" date="2025-11-27T22:38:13.394" >
          <step title="Builder is BasicBuilder" date="2025-11-27T22:38:13.399" /><!-- duration: 2ms -->
        </step><!-- duration: 9ms -->
        <step title="PreDeployment: context.CleanOutputPath False" date="2025-11-27T22:38:13.442" >
          <step title="PreDeployment: context.OutputPath /home/site/wwwroot" date="2025-11-27T22:38:13.543" >
            <step title="Building" date="2025-11-27T22:38:13.653" >
              <step title="Executing external process" date="2025-11-27T22:38:13.876" type="process" path="starter.sh" arguments="/opt/Kudu/Scripts/parallel_rsync.sh /tmp/zipdeploy/extracted /home/site/wwwroot 8 /tmp/ False True  " /><!-- duration: 1626ms -->
              <step title="Triggering recycle (preview mode disabled)." date="2025-11-27T22:38:15.695" /><!-- duration: 2ms -->
              <step title="Modified file to trigger a restart of the app container." date="2025-11-27T22:38:15.712" /><!-- duration: 1ms -->
              <step title="Skip function trigger and logicapp sync because function is not enabled." date="2025-11-27T22:38:15.717" /><!-- duration: 1ms -->
              <step title="Purge deployment items" date="2025-11-27T22:38:16.678" >
                <step title="Remove 235c9ad0-, Success, received at 11/27/2025 19:21:53" date="2025-11-27T22:38:16.723" /><!-- duration: 2ms -->
              </step><!-- duration: 49ms -->
            </step><!-- duration: 3137ms -->
          </step><!-- duration: 3249ms -->
          <step title="Cleaning up temp files" date="2025-11-27T22:38:16.794" /><!-- duration: 2ms -->
          <step title="Cleaning up temp files" date="2025-11-27T22:38:16.798" /><!-- duration: 503ms -->
          <step title="Reloading status file with latest updates" date="2025-11-27T22:38:17.317" >
            <step title="WebHooksManager.PublishEventAsync: PostDeployment" date="2025-11-27T22:38:17.319" /><!-- duration: 46ms -->
          </step><!-- duration: 50ms -->
          <step title="Cleaning up temporary deployment - fetch deployment was successful" date="2025-11-27T22:38:17.370" /><!-- duration: 1ms -->
        </step><!-- duration: 3982ms -->
      </step><!-- duration: 5397ms -->
