<step title="Incoming Request" date="2025-11-30T12:25:41.895" instance="e17388" url="/api/deployments/latest?deployer=GITHUB_ZIP_DEPLOY&amp;time=2025-11-30_12-25-35Z" method="GET" type="request" pid="767,1,21" Host="dnd-initiative-prod.scm.azurewebsites.net" User-Agent="GITHUBACTIONS_DeployWebAppToAzure_d8ba7f0e74ab0e5d77dc87dc029177abee8253c2c7da9cd65d79dc2913806d42" Authorization="Bea..." Content-Type="application/json; charset=utf-8" Cookie="ARRAffinity=e173888f2e6cd428dbbbd21dde5a1f029e33073760f641fbae8fdb677285960a;Path=/;HttpOnly;Secure;Domain=dnd-initiative-prod.scm.azurewebsites.net; ARRAffinitySameSite=e173888f2e6cd428dbbbd21dde5a1f029e33073760f641fbae8fdb677285960a;Path=/;HttpOnly;SameSite=None;Secure;Domain=dnd-initiative-prod.scm.azurewebsites.net" Content-Length="0" X-ARR-LOG-ID="7b27e2ca-d7c0-429b-b933-d846df1ca49d" CLIENT-IP="172.208.62.163:63489" X-SITE-DEPLOYMENT-ID="dnd-initiative-prod" WAS-DEFAULT-HOSTNAME="dnd-initiative-prod.scm.azurewebsites.net" X-Forwarded-Proto="https" X-AppService-Proto="https" X-Forwarded-TlsVersion="1.3" X-WAWS-Unencoded-URL="/api/deployments/latest?deployer=GITHUB_ZIP_DEPLOY&amp;time=2025-11-30_12-25-35Z" X-Client-IP="172.208.62.163" X-Client-Port="63489" >
  <step title="Cleanup Xml Logs" date="2025-11-30T12:25:41.898" >
    <step title="Cleanup Infos" date="2025-11-30T12:25:41.915" totalFiles="476" totalCleanup="316" /><!-- duration: 6ms -->
  </step><!-- duration: 30ms -->
  <step title="DeploymentService.GetResult" date="2025-11-30T12:25:41.939" >
    <step title="DeploymentService.GetLatestDeployment" date="2025-11-30T12:25:41.942" >
      <step title="DeploymentManager.GetResults" date="2025-11-30T12:25:41.947" /><!-- duration: 660ms -->
    </step><!-- duration: 669ms -->
  </step><!-- duration: 674ms -->
  <step title="Outgoing response" date="2025-11-30T12:25:42.616" type="response" statusCode="202" statusText="Accepted" /><!-- duration: 4ms -->
</step><!-- duration: 726ms -->
