<step title="BackgroundTrace" date="2025-11-27T21:59:42.436" instance="e17388" url="/api/zipdeploy" method="POST" >
  <step title="Creating temporary deployment - FetchDeploymentManager" date="2025-11-27T21:59:42.498" /><!-- duration: 1ms -->
  <step title="Creating temporary deployment" date="2025-11-27T21:59:42.502" /><!-- duration: 40ms -->
  <step title="Performing fetch based deployment" date="2025-11-27T21:59:42.563" >
    <step title="Cleaning up temp folders from previous zip deployments and extracting pushed zip file /tmp/zipdeploy/2a08bf9f-cdee-47d5-9bf6-239f9a6780b3.zip (0.03 MB) to /tmp/zipdeploy/extracted" date="2025-11-27T21:59:43.687" >
      <step title="ChmodRecursive Process exited with total time taken in ms: 12" date="2025-11-27T21:59:43.737" /><!-- duration: 5ms -->
    </step><!-- duration: 57ms -->
    <step title="Deployment timer started" date="2025-11-27T21:59:45.749" >
      <step title="DeploymentManager.Deploy(id:2fa6a144-f638-4430-a2c8-a42ec7b8a765)" date="2025-11-27T21:59:45.753" >
        <step title="Collecting changeset information" date="2025-11-27T21:59:45.759" /><!-- duration: 74ms -->
        <step title="Updating submodules" date="2025-11-27T21:59:45.836" /><!-- duration: 1108ms -->
        <step title="Determining deployment builder" date="2025-11-27T21:59:47.131" >
          <step title="Builder is BasicBuilder" date="2025-11-27T21:59:47.139" /><!-- duration: 2ms -->
        </step><!-- duration: 12ms -->
        <step title="PreDeployment: context.CleanOutputPath False" date="2025-11-27T21:59:47.184" >
          <step title="PreDeployment: context.OutputPath /home/site/wwwroot" date="2025-11-27T21:59:47.306" >
            <step title="Building" date="2025-11-27T21:59:47.424" >
              <step title="Executing external process" date="2025-11-27T21:59:47.666" type="process" path="starter.sh" arguments="/opt/Kudu/Scripts/parallel_rsync.sh /tmp/zipdeploy/extracted /home/site/wwwroot 8 /tmp/ False True  " /><!-- duration: 1327ms -->
              <step title="Triggering recycle (preview mode disabled)." date="2025-11-27T21:59:49.196" /><!-- duration: 3ms -->
              <step title="Modified file to trigger a restart of the app container." date="2025-11-27T21:59:49.218" /><!-- duration: 2ms -->
              <step title="Skip function trigger and logicapp sync because function is not enabled." date="2025-11-27T21:59:49.223" /><!-- duration: 5ms -->
              <step title="Purge deployment items" date="2025-11-27T21:59:50.848" >
                <step title="Remove 258d6996-, Success, received at 11/27/2025 18:56:01" date="2025-11-27T21:59:50.901" /><!-- duration: 1ms -->
              </step><!-- duration: 56ms -->
            </step><!-- duration: 3550ms -->
          </step><!-- duration: 3669ms -->
          <step title="Cleaning up temp files" date="2025-11-27T21:59:50.977" /><!-- duration: 4ms -->
          <step title="Cleaning up temp files" date="2025-11-27T21:59:50.983" /><!-- duration: 507ms -->
          <step title="Reloading status file with latest updates" date="2025-11-27T21:59:51.532" >
            <step title="WebHooksManager.PublishEventAsync: PostDeployment" date="2025-11-27T21:59:51.537" /><!-- duration: 38ms -->
          </step><!-- duration: 45ms -->
          <step title="Cleaning up temporary deployment - fetch deployment was successful" date="2025-11-27T21:59:51.581" /><!-- duration: 2ms -->
        </step><!-- duration: 4491ms -->
      </step><!-- duration: 5941ms -->
