<step title="BackgroundTrace" date="2025-11-27T10:17:53.049" instance="e17388" url="/api/zipdeploy" method="POST" >
  <step title="Creating temporary deployment - FetchDeploymentManager" date="2025-11-27T10:17:53.130" /><!-- duration: 1ms -->
  <step title="Creating temporary deployment" date="2025-11-27T10:17:53.134" /><!-- duration: 51ms -->
  <step title="Performing fetch based deployment" date="2025-11-27T10:17:53.210" >
    <step title="Cleaning up temp folders from previous zip deployments and extracting pushed zip file /tmp/zipdeploy/d9658b02-0abe-424d-852b-7c0c45803ff8.zip (0.03 MB) to /tmp/zipdeploy/extracted" date="2025-11-27T10:17:54.376" >
      <step title="ChmodRecursive Process exited with total time taken in ms: 16" date="2025-11-27T10:17:54.422" /><!-- duration: 2ms -->
    </step><!-- duration: 50ms -->
    <step title="Deployment timer started" date="2025-11-27T10:17:56.432" >
      <step title="DeploymentManager.Deploy(id:b7e71cb3-79c4-4b53-8827-e8e13dfc2506)" date="2025-11-27T10:17:56.435" >
        <step title="Collecting changeset information" date="2025-11-27T10:17:56.441" /><!-- duration: 94ms -->
        <step title="Updating submodules" date="2025-11-27T10:17:56.539" /><!-- duration: 1151ms -->
        <step title="Determining deployment builder" date="2025-11-27T10:17:57.912" >
          <step title="Builder is BasicBuilder" date="2025-11-27T10:17:57.919" /><!-- duration: 1ms -->
        </step><!-- duration: 11ms -->
        <step title="PreDeployment: context.CleanOutputPath False" date="2025-11-27T10:17:57.968" >
          <step title="PreDeployment: context.OutputPath /home/site/wwwroot" date="2025-11-27T10:17:58.107" >
            <step title="Building" date="2025-11-27T10:17:58.237" >
              <step title="Executing external process" date="2025-11-27T10:17:58.519" type="process" path="starter.sh" arguments="/opt/Kudu/Scripts/parallel_rsync.sh /tmp/zipdeploy/extracted /home/site/wwwroot 8 /tmp/ False True  " /><!-- duration: 1400ms -->
              <step title="Triggering recycle (preview mode disabled)." date="2025-11-27T10:18:00.158" /><!-- duration: 4ms -->
              <step title="Modified file to trigger a restart of the app container." date="2025-11-27T10:18:00.180" /><!-- duration: 1ms -->
              <step title="Skip function trigger and logicapp sync because function is not enabled." date="2025-11-27T10:18:00.183" /><!-- duration: 2ms -->
              <step title="Purge deployment items" date="2025-11-27T10:18:01.811" >
                <step title="Remove 843c9d9b-, Success, received at 11/27/2025 09:06:27" date="2025-11-27T10:18:01.875" /><!-- duration: 2ms -->
              </step><!-- duration: 72ms -->
            </step><!-- duration: 3718ms -->
          </step><!-- duration: 3851ms -->
          <step title="Cleaning up temp files" date="2025-11-27T10:18:01.962" /><!-- duration: 3ms -->
          <step title="Cleaning up temp files" date="2025-11-27T10:18:01.968" /><!-- duration: 503ms -->
          <step title="Reloading status file with latest updates" date="2025-11-27T10:18:02.513" >
            <step title="WebHooksManager.PublishEventAsync: PostDeployment" date="2025-11-27T10:18:02.516" /><!-- duration: 30ms -->
          </step><!-- duration: 35ms -->
          <step title="Cleaning up temporary deployment - fetch deployment was successful" date="2025-11-27T10:18:02.551" /><!-- duration: 2ms -->
        </step><!-- duration: 4657ms -->
      </step><!-- duration: 6197ms -->
