<step title="Incoming Request" date="2025-11-30T11:58:06.365" instance="e17388" url="/api/zipdeploy?isAsync=true&amp;deployer=GITHUB_ZIP_DEPLOY&amp;message=%7B%22type%22%3A%22deployment%22%2C%22sha%22%3A%22f40a988d21e5c3e5324f4041b1c5250bd200ec69%22%2C%22repoName%22%3A%22L96Expanded%2FD-D-Initiative%22%2C%22actor%22%3A%22L96Expanded%22%2C%22slotName%22%3A%22production%22%2C%22commitMessage%22%3A%22Refactor%20CI%2FCD%20pipeline%3A%20consolidate%20workflows%2C%20enhance%20backend%20testing%2C%20and%20improve%20frontend%20security%20checks%22%7D" method="POST" type="request" pid="768,1,20" Host="dnd-initiative-prod.scm.azurewebsites.net" User-Agent="GITHUBACTIONS_DeployWebAppToAzure_d8ba7f0e74ab0e5d77dc87dc029177abee8253c2c7da9cd65d79dc2913806d42" Authorization="Bea..." Content-Type="application/octet-stream" Cookie="ARRAffinity=e173888f2e6cd428dbbbd21dde5a1f029e33073760f641fbae8fdb677285960a;Path=/;HttpOnly;Secure;Domain=dnd-initiative-prod.scm.azurewebsites.net; ARRAffinitySameSite=e173888f2e6cd428dbbbd21dde5a1f029e33073760f641fbae8fdb677285960a;Path=/;HttpOnly;SameSite=None;Secure;Domain=dnd-initiative-prod.scm.azurewebsites.net" Transfer-Encoding="chunked" X-ARR-LOG-ID="a67a84ca-7240-4ed5-8464-392cf506b177" CLIENT-IP="172.183.94.162:19472" X-SITE-DEPLOYMENT-ID="dnd-initiative-prod" WAS-DEFAULT-HOSTNAME="dnd-initiative-prod.scm.azurewebsites.net" X-Forwarded-Proto="https" X-AppService-Proto="https" X-Forwarded-TlsVersion="1.3" X-WAWS-Unencoded-URL="/api/zipdeploy?isAsync=true&amp;deployer=GITHUB_ZIP_DEPLOY&amp;message=%7B%22type%22%3A%22deployment%22%2C%22sha%22%3A%22f40a988d21e5c3e5324f4041b1c5250bd200ec69%22%2C%22repoName%22%3A%22L96Expanded%2FD-D-Initiative%22%2C%22actor%22%3A%22L96Expanded%22%2C%22slotName%22%3A%22production%22%2C%22commitMessage%22%3A%22Refactor%20CI%2FCD%20pipeline%3A%20consolidate%20workflows%2C%20enhance%20backend%20testing%2C%20and%20improve%20frontend%20security%20checks%22%7D" X-Client-IP="172.183.94.162" X-Client-Port="19472" >
  <step title="ZipPushDeploy" date="2025-11-30T11:58:06.382" >
    <step title="ZipDeploy. Extract zip." date="2025-11-30T11:58:06.385" /><!-- duration: 2ms -->
    <step title="None repository commit" date="2025-11-30T11:58:06.391" >
      <step title="Commit id: e7f6f266-9f5d-4f90-a685-c1760b35d65b" date="2025-11-30T11:58:06.392" Message="N/A" AuthorName="N/A" AuthorEmail="N/A" /><!-- duration: 1ms -->
    </step><!-- duration: 5ms -->
    <step title="Starting PushDeployAsync" date="2025-11-30T11:58:06.397" /><!-- duration: 1ms -->
    <step title="Writing artifact to /tmp/zipdeploy/24365d2c-146f-446e-88a2-575bd6bed198.zip" date="2025-11-30T11:58:06.405" >
      <step title="Writing multipart request body to /tmp/zipdeploy/24365d2c-146f-446e-88a2-575bd6bed198.zip" date="2025-11-30T11:58:06.408" /><!-- duration: 4ms -->
    </step><!-- duration: 19ms -->
    <step title="Start deployment in the background" date="2025-11-30T11:58:06.432" >
      <step title="Acquiring Deployment Lock" date="2025-11-30T11:58:06.457" /><!-- duration: 3ms -->
      <step title="Acquired Deployment Lock" date="2025-11-30T11:58:06.499" /><!-- duration: 2ms -->
    </step><!-- duration: 114ms -->
  </step><!-- duration: 168ms -->
  <step title="Outgoing response" date="2025-11-30T11:58:06.554" type="response" statusCode="202" statusText="Accepted" /><!-- duration: 2ms -->
</step><!-- duration: 192ms -->
