<step title="BackgroundTrace" date="2025-11-30T12:16:26.095" instance="e17388" url="/api/zipdeploy" method="POST" >
  <step title="Creating temporary deployment - FetchDeploymentManager" date="2025-11-30T12:16:26.140" /><!-- duration: 1ms -->
  <step title="Creating temporary deployment" date="2025-11-30T12:16:26.143" /><!-- duration: 36ms -->
  <step title="Performing fetch based deployment" date="2025-11-30T12:16:26.200" >
    <step title="Cleaning up temp folders from previous zip deployments and extracting pushed zip file /tmp/zipdeploy/81369440-61bf-4a51-9f58-3e2b67b480ac.zip (0.05 MB) to /tmp/zipdeploy/extracted" date="2025-11-30T12:16:27.315" >
      <step title="ChmodRecursive Process exited with total time taken in ms: 17" date="2025-11-30T12:16:27.360" /><!-- duration: 2ms -->
    </step><!-- duration: 50ms -->
    <step title="Deployment timer started" date="2025-11-30T12:16:29.370" >
      <step title="DeploymentManager.Deploy(id:9880da69-1480-4af8-a90d-b14eda6c911d)" date="2025-11-30T12:16:29.376" >
        <step title="Collecting changeset information" date="2025-11-30T12:16:29.385" /><!-- duration: 63ms -->
        <step title="Updating submodules" date="2025-11-30T12:16:29.451" /><!-- duration: 1110ms -->
        <step title="Determining deployment builder" date="2025-11-30T12:16:30.729" >
          <step title="Builder is BasicBuilder" date="2025-11-30T12:16:30.736" /><!-- duration: 2ms -->
        </step><!-- duration: 11ms -->
        <step title="PreDeployment: context.CleanOutputPath False" date="2025-11-30T12:16:30.778" >
          <step title="PreDeployment: context.OutputPath /home/site/wwwroot" date="2025-11-30T12:16:30.876" >
            <step title="Building" date="2025-11-30T12:16:30.989" >
              <step title="Executing external process" date="2025-11-30T12:16:31.224" type="process" path="starter.sh" arguments="/opt/Kudu/Scripts/parallel_rsync.sh /tmp/zipdeploy/extracted /home/site/wwwroot 8 /tmp/ False True  " /><!-- duration: 1447ms -->
              <step title="Triggering recycle (preview mode disabled)." date="2025-11-30T12:16:32.902" /><!-- duration: 10ms -->
              <step title="Modified file to trigger a restart of the app container." date="2025-11-30T12:16:32.933" /><!-- duration: 3ms -->
              <step title="Skip function trigger and logicapp sync because function is not enabled." date="2025-11-30T12:16:32.941" /><!-- duration: 6ms -->
              <step title="Purge deployment items" date="2025-11-30T12:16:34.557" >
                <step title="Remove a1f1aaa3-, Success, received at 11/27/2025 22:58:31" date="2025-11-30T12:16:34.600" /><!-- duration: 1ms -->
              </step><!-- duration: 46ms -->
            </step><!-- duration: 3673ms -->
          </step><!-- duration: 3788ms -->
          <step title="Cleaning up temp files" date="2025-11-30T12:16:34.666" /><!-- duration: 2ms -->
          <step title="Cleaning up temp files" date="2025-11-30T12:16:34.671" /><!-- duration: 503ms -->
          <step title="Reloading status file with latest updates" date="2025-11-30T12:16:35.227" >
            <step title="WebHooksManager.PublishEventAsync: PostDeployment" date="2025-11-30T12:16:35.231" /><!-- duration: 34ms -->
          </step><!-- duration: 40ms -->
          <step title="Cleaning up temporary deployment - fetch deployment was successful" date="2025-11-30T12:16:35.269" /><!-- duration: 2ms -->
        </step><!-- duration: 4557ms -->
      </step><!-- duration: 5966ms -->
