<step title="Incoming Request" date="2025-11-30T12:21:08.937" instance="e17388" url="/api/deployments/latest?deployer=GITHUB_ZIP_DEPLOY&amp;time=2025-11-30_12-21-02Z" method="GET" type="request" pid="767,1,18" Host="dnd-initiative-prod.scm.azurewebsites.net" User-Agent="GITHUBACTIONS_DeployWebAppToAzure_d8ba7f0e74ab0e5d77dc87dc029177abee8253c2c7da9cd65d79dc2913806d42" Authorization="Bea..." Content-Type="application/json; charset=utf-8" Cookie="ARRAffinity=e173888f2e6cd428dbbbd21dde5a1f029e33073760f641fbae8fdb677285960a;Path=/;HttpOnly;Secure;Domain=dnd-initiative-prod.scm.azurewebsites.net; ARRAffinitySameSite=e173888f2e6cd428dbbbd21dde5a1f029e33073760f641fbae8fdb677285960a;Path=/;HttpOnly;SameSite=None;Secure;Domain=dnd-initiative-prod.scm.azurewebsites.net" Content-Length="0" X-ARR-LOG-ID="361b813e-1329-4c47-9e5b-e61c22efe480" CLIENT-IP="172.184.174.144:25601" X-SITE-DEPLOYMENT-ID="dnd-initiative-prod" WAS-DEFAULT-HOSTNAME="dnd-initiative-prod.scm.azurewebsites.net" X-Forwarded-Proto="https" X-AppService-Proto="https" X-Forwarded-TlsVersion="1.3" X-WAWS-Unencoded-URL="/api/deployments/latest?deployer=GITHUB_ZIP_DEPLOY&amp;time=2025-11-30_12-21-02Z" X-Client-IP="172.184.174.144" X-Client-Port="25601" >
  <step title="Cleanup Xml Logs" date="2025-11-30T12:21:08.952" >
    <step title="Cleanup Infos" date="2025-11-30T12:21:08.988" totalFiles="469" totalCleanup="309" /><!-- duration: 13ms -->
  </step><!-- duration: 73ms -->
  <step title="DeploymentService.GetResult" date="2025-11-30T12:21:09.060" >
    <step title="DeploymentService.GetLatestDeployment" date="2025-11-30T12:21:09.062" >
      <step title="DeploymentManager.GetResults" date="2025-11-30T12:21:09.074" /><!-- duration: 1143ms -->
    </step><!-- duration: 1162ms -->
  </step><!-- duration: 1169ms -->
  <step title="Outgoing response" date="2025-11-30T12:21:10.235" type="response" statusCode="202" statusText="Accepted" /><!-- duration: 5ms -->
</step><!-- duration: 1308ms -->
