<step title="Incoming Request" date="2025-11-27T09:23:08.224" instance="e17388" url="/api/zipdeploy?isAsync=true&amp;deployer=GITHUB_ZIP_DEPLOY&amp;message=%7B%22type%22%3A%22deployment%22%2C%22sha%22%3A%220238559933ef373d2046f4eb37a944894d151f66%22%2C%22repoName%22%3A%22L96Expanded%2FD-D-Initiative%22%2C%22actor%22%3A%22L96Expanded%22%2C%22slotName%22%3A%22production%22%2C%22commitMessage%22%3A%22Set%20VITE_API_URL%20during%20frontend%20build%20to%20use%20same%20domain%22%7D" method="POST" type="request" pid="768,1,31" Host="dnd-initiative-prod.scm.azurewebsites.net" User-Agent="GITHUBACTIONS_DeployWebAppToAzure_d8ba7f0e74ab0e5d77dc87dc029177abee8253c2c7da9cd65d79dc2913806d42" Authorization="Bea..." Content-Type="application/octet-stream" Cookie="ARRAffinity=e173888f2e6cd428dbbbd21dde5a1f029e33073760f641fbae8fdb677285960a;Path=/;HttpOnly;Secure;Domain=dnd-initiative-prod.scm.azurewebsites.net; ARRAffinitySameSite=e173888f2e6cd428dbbbd21dde5a1f029e33073760f641fbae8fdb677285960a;Path=/;HttpOnly;SameSite=None;Secure;Domain=dnd-initiative-prod.scm.azurewebsites.net" Transfer-Encoding="chunked" X-ARR-LOG-ID="31e44ea7-13b5-425d-a838-c3d569a6ece6" CLIENT-IP="172.215.217.107:61496" X-SITE-DEPLOYMENT-ID="dnd-initiative-prod" WAS-DEFAULT-HOSTNAME="dnd-initiative-prod.scm.azurewebsites.net" X-Forwarded-Proto="https" X-AppService-Proto="https" X-Forwarded-TlsVersion="1.3" X-WAWS-Unencoded-URL="/api/zipdeploy?isAsync=true&amp;deployer=GITHUB_ZIP_DEPLOY&amp;message=%7B%22type%22%3A%22deployment%22%2C%22sha%22%3A%220238559933ef373d2046f4eb37a944894d151f66%22%2C%22repoName%22%3A%22L96Expanded%2FD-D-Initiative%22%2C%22actor%22%3A%22L96Expanded%22%2C%22slotName%22%3A%22production%22%2C%22commitMessage%22%3A%22Set%20VITE_API_URL%20during%20frontend%20build%20to%20use%20same%20domain%22%7D" X-Client-IP="172.215.217.107" X-Client-Port="61496" >
  <step title="ZipPushDeploy" date="2025-11-27T09:23:08.252" >
    <step title="ZipDeploy. Extract zip. Remote build." date="2025-11-27T09:23:08.257" /><!-- duration: 2ms -->
    <step title="None repository commit" date="2025-11-27T09:23:08.262" >
      <step title="Commit id: 80a13193-7320-4e17-b998-d2dfc812f2e0" date="2025-11-27T09:23:08.264" Message="N/A" AuthorName="N/A" AuthorEmail="N/A" /><!-- duration: 5ms -->
    </step><!-- duration: 8ms -->
    <step title="Starting PushDeployAsync" date="2025-11-27T09:23:08.272" /><!-- duration: 2ms -->
    <step title="Writing artifact to /tmp/zipdeploy/21b0393b-591b-4f8b-8531-087fc7f42523.zip" date="2025-11-27T09:23:08.280" >
      <step title="Writing multipart request body to /tmp/zipdeploy/21b0393b-591b-4f8b-8531-087fc7f42523.zip" date="2025-11-27T09:23:08.283" /><!-- duration: 2ms -->
    </step><!-- duration: 203ms -->
    <step title="Removing previous build artifact&apos;s manifest file" date="2025-11-27T09:23:08.490" >
      <step title="Start deployment in the background" date="2025-11-27T09:23:08.504" >
        <step title="Acquiring Deployment Lock" date="2025-11-27T09:23:08.511" /><!-- duration: 2ms -->
        <step title="Acquired Deployment Lock" date="2025-11-27T09:23:08.541" /><!-- duration: 2ms -->
      </step><!-- duration: 126ms -->
    </step><!-- duration: 145ms -->
    <step title="Outgoing response" date="2025-11-27T09:23:08.642" type="response" statusCode="202" statusText="Accepted" /><!-- duration: 2ms -->
  </step><!-- duration: 393ms -->
