<step title="Incoming Request" date="2025-11-27T22:48:02.211" instance="e17388" url="/api/zipdeploy?isAsync=true&amp;deployer=GITHUB_ZIP_DEPLOY&amp;message=%7B%22type%22%3A%22deployment%22%2C%22sha%22%3A%22ed1e9922e7d07b56f351f48839f6327d431912cf%22%2C%22repoName%22%3A%22L96Expanded%2FD-D-Initiative%22%2C%22actor%22%3A%22L96Expanded%22%2C%22slotName%22%3A%22production%22%2C%22commitMessage%22%3A%22Rename%20workflow%20to%20match%20Azure%20Static%20Web%20App%20expected%20name%22%7D" method="POST" type="request" pid="768,1,18" Host="dnd-initiative-prod.scm.azurewebsites.net" User-Agent="GITHUBACTIONS_DeployWebAppToAzure_d8ba7f0e74ab0e5d77dc87dc029177abee8253c2c7da9cd65d79dc2913806d42" Authorization="Bea..." Content-Type="application/octet-stream" Cookie="ARRAffinity=e173888f2e6cd428dbbbd21dde5a1f029e33073760f641fbae8fdb677285960a;Path=/;HttpOnly;Secure;Domain=dnd-initiative-prod.scm.azurewebsites.net; ARRAffinitySameSite=e173888f2e6cd428dbbbd21dde5a1f029e33073760f641fbae8fdb677285960a;Path=/;HttpOnly;SameSite=None;Secure;Domain=dnd-initiative-prod.scm.azurewebsites.net" Transfer-Encoding="chunked" X-ARR-LOG-ID="fed8d025-4c34-4156-85ac-ee1fe2eb0b6d" CLIENT-IP="40.116.93.51:55320" X-SITE-DEPLOYMENT-ID="dnd-initiative-prod" WAS-DEFAULT-HOSTNAME="dnd-initiative-prod.scm.azurewebsites.net" X-Forwarded-Proto="https" X-AppService-Proto="https" X-Forwarded-TlsVersion="1.3" X-WAWS-Unencoded-URL="/api/zipdeploy?isAsync=true&amp;deployer=GITHUB_ZIP_DEPLOY&amp;message=%7B%22type%22%3A%22deployment%22%2C%22sha%22%3A%22ed1e9922e7d07b56f351f48839f6327d431912cf%22%2C%22repoName%22%3A%22L96Expanded%2FD-D-Initiative%22%2C%22actor%22%3A%22L96Expanded%22%2C%22slotName%22%3A%22production%22%2C%22commitMessage%22%3A%22Rename%20workflow%20to%20match%20Azure%20Static%20Web%20App%20expected%20name%22%7D" X-Client-IP="40.116.93.51" X-Client-Port="55320" >
  <step title="ZipPushDeploy" date="2025-11-27T22:48:02.227" >
    <step title="ZipDeploy. Extract zip." date="2025-11-27T22:48:02.231" /><!-- duration: 2ms -->
    <step title="None repository commit" date="2025-11-27T22:48:02.237" >
      <step title="Commit id: b32c9b46-7856-4775-ae46-e3d6140f6bf1" date="2025-11-27T22:48:02.238" Message="N/A" AuthorName="N/A" AuthorEmail="N/A" /><!-- duration: 1ms -->
    </step><!-- duration: 5ms -->
    <step title="Starting PushDeployAsync" date="2025-11-27T22:48:02.243" /><!-- duration: 1ms -->
    <step title="Writing artifact to /tmp/zipdeploy/7afe52c9-8e47-4c3a-b8ca-19fa84c987cf.zip" date="2025-11-27T22:48:02.251" >
      <step title="Writing multipart request body to /tmp/zipdeploy/7afe52c9-8e47-4c3a-b8ca-19fa84c987cf.zip" date="2025-11-27T22:48:02.253" /><!-- duration: 2ms -->
    </step><!-- duration: 19ms -->
    <step title="Start deployment in the background" date="2025-11-27T22:48:02.276" >
      <step title="Acquiring Deployment Lock" date="2025-11-27T22:48:02.303" /><!-- duration: 2ms -->
      <step title="Acquired Deployment Lock" date="2025-11-27T22:48:02.340" /><!-- duration: 2ms -->
    </step><!-- duration: 105ms -->
  </step><!-- duration: 157ms -->
  <step title="Outgoing response" date="2025-11-27T22:48:02.389" type="response" statusCode="202" statusText="Accepted" /><!-- duration: 2ms -->
</step><!-- duration: 182ms -->
