<step title="Incoming Request" date="2025-11-27T23:23:03.331" instance="e17388" url="/api/zipdeploy?isAsync=true&amp;deployer=GITHUB_ZIP_DEPLOY&amp;message=%7B%22type%22%3A%22deployment%22%2C%22sha%22%3A%227c48eb8c7558bd93bc4a6f2d2c5ad0a1dfab42d5%22%2C%22repoName%22%3A%22L96Expanded%2FD-D-Initiative%22%2C%22actor%22%3A%22L96Expanded%22%2C%22slotName%22%3A%22production%22%2C%22commitMessage%22%3A%22Fix%20bcrypt%20version%20incompatibility%20with%20passlib%22%7D" method="POST" type="request" pid="768,1,16" Host="dnd-initiative-prod.scm.azurewebsites.net" User-Agent="GITHUBACTIONS_DeployWebAppToAzure_d8ba7f0e74ab0e5d77dc87dc029177abee8253c2c7da9cd65d79dc2913806d42" Authorization="Bea..." Content-Type="application/octet-stream" Cookie="ARRAffinity=e173888f2e6cd428dbbbd21dde5a1f029e33073760f641fbae8fdb677285960a;Path=/;HttpOnly;Secure;Domain=dnd-initiative-prod.scm.azurewebsites.net; ARRAffinitySameSite=e173888f2e6cd428dbbbd21dde5a1f029e33073760f641fbae8fdb677285960a;Path=/;HttpOnly;SameSite=None;Secure;Domain=dnd-initiative-prod.scm.azurewebsites.net" Transfer-Encoding="chunked" X-ARR-LOG-ID="bd5122ec-daad-44aa-936c-66c5aca5d5ce" CLIENT-IP="128.24.163.104:34872" X-SITE-DEPLOYMENT-ID="dnd-initiative-prod" WAS-DEFAULT-HOSTNAME="dnd-initiative-prod.scm.azurewebsites.net" X-Forwarded-Proto="https" X-AppService-Proto="https" X-Forwarded-TlsVersion="1.3" X-WAWS-Unencoded-URL="/api/zipdeploy?isAsync=true&amp;deployer=GITHUB_ZIP_DEPLOY&amp;message=%7B%22type%22%3A%22deployment%22%2C%22sha%22%3A%227c48eb8c7558bd93bc4a6f2d2c5ad0a1dfab42d5%22%2C%22repoName%22%3A%22L96Expanded%2FD-D-Initiative%22%2C%22actor%22%3A%22L96Expanded%22%2C%22slotName%22%3A%22production%22%2C%22commitMessage%22%3A%22Fix%20bcrypt%20version%20incompatibility%20with%20passlib%22%7D" X-Client-IP="128.24.163.104" X-Client-Port="34872" >
  <step title="ZipPushDeploy" date="2025-11-27T23:23:03.347" >
    <step title="ZipDeploy. Extract zip." date="2025-11-27T23:23:03.351" /><!-- duration: 2ms -->
    <step title="None repository commit" date="2025-11-27T23:23:03.355" >
      <step title="Commit id: e8fc03bf-fd8d-4dd5-ad26-e6c21b0109da" date="2025-11-27T23:23:03.358" Message="N/A" AuthorName="N/A" AuthorEmail="N/A" /><!-- duration: 2ms -->
    </step><!-- duration: 6ms -->
    <step title="Starting PushDeployAsync" date="2025-11-27T23:23:03.363" /><!-- duration: 2ms -->
    <step title="Writing artifact to /tmp/zipdeploy/af75b0cd-1d01-498e-8753-d16a43ee790d.zip" date="2025-11-27T23:23:03.372" >
      <step title="Writing multipart request body to /tmp/zipdeploy/af75b0cd-1d01-498e-8753-d16a43ee790d.zip" date="2025-11-27T23:23:03.374" /><!-- duration: 5ms -->
    </step><!-- duration: 21ms -->
    <step title="Start deployment in the background" date="2025-11-27T23:23:03.398" >
      <step title="Acquiring Deployment Lock" date="2025-11-27T23:23:03.419" /><!-- duration: 2ms -->
      <step title="Acquired Deployment Lock" date="2025-11-27T23:23:03.482" /><!-- duration: 3ms -->
    </step><!-- duration: 138ms -->
  </step><!-- duration: 192ms -->
  <step title="Outgoing response" date="2025-11-27T23:23:03.544" type="response" statusCode="202" statusText="Accepted" /><!-- duration: 2ms -->
</step><!-- duration: 216ms -->
