<step title="BackgroundTrace" date="2025-11-30T12:25:35.785" instance="e17388" url="/api/zipdeploy" method="POST" >
  <step title="Creating temporary deployment - FetchDeploymentManager" date="2025-11-30T12:25:35.842" /><!-- duration: 1ms -->
  <step title="Creating temporary deployment" date="2025-11-30T12:25:35.846" /><!-- duration: 35ms -->
  <step title="Performing fetch based deployment" date="2025-11-30T12:25:35.902" >
    <step title="Cleaning up temp folders from previous zip deployments and extracting pushed zip file /tmp/zipdeploy/db624852-42e8-49d2-ae0a-6e10fef0e7a5.zip (0.05 MB) to /tmp/zipdeploy/extracted" date="2025-11-30T12:25:37.019" >
      <step title="ChmodRecursive Process exited with total time taken in ms: 16" date="2025-11-30T12:25:37.068" /><!-- duration: 2ms -->
    </step><!-- duration: 54ms -->
    <step title="Deployment timer started" date="2025-11-30T12:25:39.079" >
      <step title="DeploymentManager.Deploy(id:1f6d2117-e760-467a-87bb-26f7757b65e8)" date="2025-11-30T12:25:39.083" >
        <step title="Collecting changeset information" date="2025-11-30T12:25:39.091" /><!-- duration: 79ms -->
        <step title="Updating submodules" date="2025-11-30T12:25:39.174" /><!-- duration: 1117ms -->
        <step title="Determining deployment builder" date="2025-11-30T12:25:40.467" >
          <step title="Builder is BasicBuilder" date="2025-11-30T12:25:40.474" /><!-- duration: 2ms -->
        </step><!-- duration: 11ms -->
        <step title="PreDeployment: context.CleanOutputPath False" date="2025-11-30T12:25:40.522" >
          <step title="PreDeployment: context.OutputPath /home/site/wwwroot" date="2025-11-30T12:25:40.663" >
            <step title="Building" date="2025-11-30T12:25:40.783" >
              <step title="Executing external process" date="2025-11-30T12:25:40.983" type="process" path="starter.sh" arguments="/opt/Kudu/Scripts/parallel_rsync.sh /tmp/zipdeploy/extracted /home/site/wwwroot 8 /tmp/ False True  " /><!-- duration: 1860ms -->
              <step title="Triggering recycle (preview mode disabled)." date="2025-11-30T12:25:43.076" /><!-- duration: 4ms -->
              <step title="Modified file to trigger a restart of the app container." date="2025-11-30T12:25:43.100" /><!-- duration: 2ms -->
              <step title="Skip function trigger and logicapp sync because function is not enabled." date="2025-11-30T12:25:43.105" /><!-- duration: 6ms -->
              <step title="Purge deployment items" date="2025-11-30T12:25:44.127" >
                <step title="Remove e8fc03bf-, Success, received at 11/27/2025 23:23:06" date="2025-11-30T12:25:44.174" /><!-- duration: 1ms -->
              </step><!-- duration: 50ms -->
            </step><!-- duration: 3455ms -->
          </step><!-- duration: 3578ms -->
          <step title="Cleaning up temp files" date="2025-11-30T12:25:44.243" /><!-- duration: 2ms -->
          <step title="Cleaning up temp files" date="2025-11-30T12:25:44.252" /><!-- duration: 505ms -->
          <step title="Reloading status file with latest updates" date="2025-11-30T12:25:44.803" >
            <step title="WebHooksManager.PublishEventAsync: PostDeployment" date="2025-11-30T12:25:44.806" /><!-- duration: 44ms -->
          </step><!-- duration: 49ms -->
          <step title="Cleaning up temporary deployment - fetch deployment was successful" date="2025-11-30T12:25:44.854" /><!-- duration: 2ms -->
        </step><!-- duration: 4392ms -->
      </step><!-- duration: 5839ms -->
