<step title="Incoming Request" date="2025-11-27T07:59:15.172" instance="e17388" url="/api/zipdeploy?isAsync=true&amp;deployer=GITHUB_ZIP_DEPLOY&amp;message=%7B%22type%22%3A%22deployment%22%2C%22sha%22%3A%22440382101a28d601ece17d773f0b6860e3c3367e%22%2C%22repoName%22%3A%22L96Expanded%2FD-D-Initiative%22%2C%22actor%22%3A%22L96Expanded%22%2C%22slotName%22%3A%22production%22%2C%22commitMessage%22%3A%22Fix%20frontend%20build%3A%20Change%20npm%20ci%20to%20npm%20install%22%7D" method="POST" type="request" pid="768,1,28" Host="dnd-initiative-prod.scm.azurewebsites.net" User-Agent="GITHUBACTIONS_DeployWebAppToAzure_d8ba7f0e74ab0e5d77dc87dc029177abee8253c2c7da9cd65d79dc2913806d42" Authorization="Bea..." Content-Type="application/octet-stream" Cookie="ARRAffinity=e173888f2e6cd428dbbbd21dde5a1f029e33073760f641fbae8fdb677285960a;Path=/;HttpOnly;Secure;Domain=dnd-initiative-prod.scm.azurewebsites.net; ARRAffinitySameSite=e173888f2e6cd428dbbbd21dde5a1f029e33073760f641fbae8fdb677285960a;Path=/;HttpOnly;SameSite=None;Secure;Domain=dnd-initiative-prod.scm.azurewebsites.net" Transfer-Encoding="chunked" X-ARR-LOG-ID="f90b5367-f64a-472e-8c2b-b00c9897a990" CLIENT-IP="172.208.154.21:34840" X-SITE-DEPLOYMENT-ID="dnd-initiative-prod" WAS-DEFAULT-HOSTNAME="dnd-initiative-prod.scm.azurewebsites.net" X-Forwarded-Proto="https" X-AppService-Proto="https" X-Forwarded-TlsVersion="1.3" X-WAWS-Unencoded-URL="/api/zipdeploy?isAsync=true&amp;deployer=GITHUB_ZIP_DEPLOY&amp;message=%7B%22type%22%3A%22deployment%22%2C%22sha%22%3A%22440382101a28d601ece17d773f0b6860e3c3367e%22%2C%22repoName%22%3A%22L96Expanded%2FD-D-Initiative%22%2C%22actor%22%3A%22L96Expanded%22%2C%22slotName%22%3A%22production%22%2C%22commitMessage%22%3A%22Fix%20frontend%20build%3A%20Change%20npm%20ci%20to%20npm%20install%22%7D" X-Client-IP="172.208.154.21" X-Client-Port="34840" >
  <step title="ZipPushDeploy" date="2025-11-27T07:59:15.216" >
    <step title="ZipDeploy. Extract zip." date="2025-11-27T07:59:15.220" /><!-- duration: 2ms -->
    <step title="None repository commit" date="2025-11-27T07:59:15.225" >
      <step title="Commit id: 04d6ccbd-3154-4bef-8d26-83d5da851854" date="2025-11-27T07:59:15.227" Message="N/A" AuthorName="N/A" AuthorEmail="N/A" /><!-- duration: 1ms -->
    </step><!-- duration: 5ms -->
    <step title="Starting PushDeployAsync" date="2025-11-27T07:59:15.231" /><!-- duration: 1ms -->
    <step title="Writing artifact to /tmp/zipdeploy/23be8804-9269-4dff-b9f0-574c791a487b.zip" date="2025-11-27T07:59:15.239" >
      <step title="Writing multipart request body to /tmp/zipdeploy/23be8804-9269-4dff-b9f0-574c791a487b.zip" date="2025-11-27T07:59:15.241" /><!-- duration: 2ms -->
    </step><!-- duration: 18ms -->
    <step title="Start deployment in the background" date="2025-11-27T07:59:15.263" >
      <step title="Acquiring Deployment Lock" date="2025-11-27T07:59:15.275" /><!-- duration: 2ms -->
      <step title="Acquired Deployment Lock" date="2025-11-27T07:59:15.300" /><!-- duration: 2ms -->
    </step><!-- duration: 97ms -->
  </step><!-- duration: 148ms -->
  <step title="Outgoing response" date="2025-11-27T07:59:15.370" type="response" statusCode="202" statusText="Accepted" /><!-- duration: 2ms -->
</step><!-- duration: 200ms -->
