<step title="Incoming Request" date="2025-11-27T22:24:15.268" instance="e17388" url="/api/deployments/latest?deployer=GITHUB_ZIP_DEPLOY&amp;time=2025-11-27_22-24-09Z" method="GET" type="request" pid="768,1,7" Host="dnd-initiative-prod.scm.azurewebsites.net" User-Agent="GITHUBACTIONS_DeployWebAppToAzure_d8ba7f0e74ab0e5d77dc87dc029177abee8253c2c7da9cd65d79dc2913806d42" Authorization="Bea..." Content-Type="application/json; charset=utf-8" Cookie="ARRAffinity=e173888f2e6cd428dbbbd21dde5a1f029e33073760f641fbae8fdb677285960a;Path=/;HttpOnly;Secure;Domain=dnd-initiative-prod.scm.azurewebsites.net; ARRAffinitySameSite=e173888f2e6cd428dbbbd21dde5a1f029e33073760f641fbae8fdb677285960a;Path=/;HttpOnly;SameSite=None;Secure;Domain=dnd-initiative-prod.scm.azurewebsites.net" Content-Length="0" X-ARR-LOG-ID="8e4fd9c4-2b20-497d-852d-505b94cd39c3" CLIENT-IP="20.236.100.3:51241" X-SITE-DEPLOYMENT-ID="dnd-initiative-prod" WAS-DEFAULT-HOSTNAME="dnd-initiative-prod.scm.azurewebsites.net" X-Forwarded-Proto="https" X-AppService-Proto="https" X-Forwarded-TlsVersion="1.3" X-WAWS-Unencoded-URL="/api/deployments/latest?deployer=GITHUB_ZIP_DEPLOY&amp;time=2025-11-27_22-24-09Z" X-Client-IP="20.236.100.3" X-Client-Port="51241" >
  <step title="Cleanup Xml Logs" date="2025-11-27T22:24:15.280" >
    <step title="Cleanup Infos" date="2025-11-27T22:24:15.296" totalFiles="342" totalCleanup="182" /><!-- duration: 4ms -->
  </step><!-- duration: 22ms -->
  <step title="DeploymentService.GetResult" date="2025-11-27T22:24:15.310" >
    <step title="DeploymentService.GetLatestDeployment" date="2025-11-27T22:24:15.314" >
      <step title="DeploymentManager.GetResults" date="2025-11-27T22:24:15.317" /><!-- duration: 598ms -->
    </step><!-- duration: 606ms -->
  </step><!-- duration: 613ms -->
  <step title="Outgoing response" date="2025-11-27T22:24:15.927" type="response" statusCode="202" statusText="Accepted" /><!-- duration: 2ms -->
</step><!-- duration: 668ms -->
