<step title="Incoming Request" date="2025-11-27T22:32:56.597" instance="e17388" url="/api/zipdeploy?isAsync=true&amp;deployer=GITHUB_ZIP_DEPLOY&amp;message=%7B%22type%22%3A%22deployment%22%2C%22sha%22%3A%225cc6e958d9fe53c13f0a3d9b6c6e4feb2ad3ff95%22%2C%22repoName%22%3A%22L96Expanded%2FD-D-Initiative%22%2C%22actor%22%3A%22L96Expanded%22%2C%22slotName%22%3A%22production%22%2C%22commitMessage%22%3A%22Add%20staticwebapp.config.json%20to%20workflow%20trigger%20paths%22%7D" method="POST" type="request" pid="768,1,20" Host="dnd-initiative-prod.scm.azurewebsites.net" User-Agent="GITHUBACTIONS_DeployWebAppToAzure_d8ba7f0e74ab0e5d77dc87dc029177abee8253c2c7da9cd65d79dc2913806d42" Authorization="Bea..." Content-Type="application/octet-stream" Cookie="ARRAffinity=e173888f2e6cd428dbbbd21dde5a1f029e33073760f641fbae8fdb677285960a;Path=/;HttpOnly;Secure;Domain=dnd-initiative-prod.scm.azurewebsites.net; ARRAffinitySameSite=e173888f2e6cd428dbbbd21dde5a1f029e33073760f641fbae8fdb677285960a;Path=/;HttpOnly;SameSite=None;Secure;Domain=dnd-initiative-prod.scm.azurewebsites.net" Transfer-Encoding="chunked" X-ARR-LOG-ID="04bb0cf2-f532-419c-b683-79c67a08a7ea" CLIENT-IP="135.232.177.193:26632" X-SITE-DEPLOYMENT-ID="dnd-initiative-prod" WAS-DEFAULT-HOSTNAME="dnd-initiative-prod.scm.azurewebsites.net" X-Forwarded-Proto="https" X-AppService-Proto="https" X-Forwarded-TlsVersion="1.3" X-WAWS-Unencoded-URL="/api/zipdeploy?isAsync=true&amp;deployer=GITHUB_ZIP_DEPLOY&amp;message=%7B%22type%22%3A%22deployment%22%2C%22sha%22%3A%225cc6e958d9fe53c13f0a3d9b6c6e4feb2ad3ff95%22%2C%22repoName%22%3A%22L96Expanded%2FD-D-Initiative%22%2C%22actor%22%3A%22L96Expanded%22%2C%22slotName%22%3A%22production%22%2C%22commitMessage%22%3A%22Add%20staticwebapp.config.json%20to%20workflow%20trigger%20paths%22%7D" X-Client-IP="135.232.177.193" X-Client-Port="26632" >
  <step title="ZipPushDeploy" date="2025-11-27T22:32:56.602" >
    <step title="ZipDeploy. Extract zip." date="2025-11-27T22:32:56.605" /><!-- duration: 2ms -->
    <step title="Starting PushDeployAsync" date="2025-11-27T22:32:56.609" /><!-- duration: 2ms -->
    <step title="Writing artifact to /tmp/zipdeploy/b5d5ae7f-cbf8-41a1-947a-8863516d5474.zip" date="2025-11-27T22:32:56.617" >
      <step title="Writing multipart request body to /tmp/zipdeploy/b5d5ae7f-cbf8-41a1-947a-8863516d5474.zip" date="2025-11-27T22:32:56.619" /><!-- duration: 3ms -->
    </step><!-- duration: 13ms -->
    <step title="Start deployment in the background" date="2025-11-27T22:32:56.634" >
      <step title="Acquiring Deployment Lock" date="2025-11-27T22:32:56.640" /><!-- duration: 2ms -->
      <step title="Acquired Deployment Lock" date="2025-11-27T22:32:56.659" /><!-- duration: 2ms -->
    </step><!-- duration: 96ms -->
  </step><!-- duration: 130ms -->
  <step title="Outgoing response" date="2025-11-27T22:32:56.734" type="response" statusCode="202" statusText="Accepted" /><!-- duration: 1ms -->
</step><!-- duration: 140ms -->
