<step title="BackgroundTrace" date="2025-11-27T13:40:44.341" instance="e17388" url="/api/zipdeploy" method="POST" >
  <step title="Creating temporary deployment - FetchDeploymentManager" date="2025-11-27T13:40:44.402" /><!-- duration: 1ms -->
  <step title="Creating temporary deployment" date="2025-11-27T13:40:44.406" /><!-- duration: 35ms -->
  <step title="Performing fetch based deployment" date="2025-11-27T13:40:44.467" >
    <step title="Cleaning up temp folders from previous zip deployments and extracting pushed zip file /tmp/zipdeploy/38a80529-abf2-4868-9b87-14f91d9bd348.zip (0.03 MB) to /tmp/zipdeploy/extracted" date="2025-11-27T13:40:45.611" >
      <step title="ChmodRecursive Process exited with total time taken in ms: 35" date="2025-11-27T13:40:45.673" /><!-- duration: 5ms -->
    </step><!-- duration: 70ms -->
    <step title="Deployment timer started" date="2025-11-27T13:40:47.686" >
      <step title="DeploymentManager.Deploy(id:96f60d27-257c-47fc-b7f0-39b48f4a5971)" date="2025-11-27T13:40:47.690" >
        <step title="Collecting changeset information" date="2025-11-27T13:40:47.697" /><!-- duration: 72ms -->
        <step title="Updating submodules" date="2025-11-27T13:40:47.777" /><!-- duration: 1111ms -->
        <step title="Determining deployment builder" date="2025-11-27T13:40:49.092" >
          <step title="Builder is BasicBuilder" date="2025-11-27T13:40:49.102" /><!-- duration: 2ms -->
        </step><!-- duration: 14ms -->
        <step title="PreDeployment: context.CleanOutputPath False" date="2025-11-27T13:40:49.152" >
          <step title="PreDeployment: context.OutputPath /home/site/wwwroot" date="2025-11-27T13:40:49.279" >
            <step title="Building" date="2025-11-27T13:40:49.399" >
              <step title="Executing external process" date="2025-11-27T13:40:49.619" type="process" path="starter.sh" arguments="/opt/Kudu/Scripts/parallel_rsync.sh /tmp/zipdeploy/extracted /home/site/wwwroot 8 /tmp/ False True  " /><!-- duration: 1701ms -->
              <step title="Triggering recycle (preview mode disabled)." date="2025-11-27T13:40:51.539" /><!-- duration: 3ms -->
              <step title="Modified file to trigger a restart of the app container." date="2025-11-27T13:40:51.557" /><!-- duration: 1ms -->
              <step title="Skip function trigger and logicapp sync because function is not enabled." date="2025-11-27T13:40:51.561" /><!-- duration: 2ms -->
              <step title="Purge deployment items" date="2025-11-27T13:40:52.583" >
                <step title="Remove 223951f0-, Success, received at 11/27/2025 09:38:44" date="2025-11-27T13:40:52.630" /><!-- duration: 1ms -->
              </step><!-- duration: 50ms -->
            </step><!-- duration: 3313ms -->
          </step><!-- duration: 3435ms -->
          <step title="Cleaning up temp files" date="2025-11-27T13:40:52.716" /><!-- duration: 2ms -->
          <step title="Cleaning up temp files" date="2025-11-27T13:40:52.721" /><!-- duration: 503ms -->
          <step title="Reloading status file with latest updates" date="2025-11-27T13:40:53.241" >
            <step title="WebHooksManager.PublishEventAsync: PostDeployment" date="2025-11-27T13:40:53.244" /><!-- duration: 29ms -->
          </step><!-- duration: 33ms -->
          <step title="Cleaning up temporary deployment - fetch deployment was successful" date="2025-11-27T13:40:53.276" /><!-- duration: 2ms -->
        </step><!-- duration: 4192ms -->
      </step><!-- duration: 5662ms -->
