<step title="Incoming Request" date="2025-11-30T12:25:35.712" instance="e17388" url="/api/zipdeploy?isAsync=true&amp;deployer=GITHUB_ZIP_DEPLOY&amp;message=%7B%22type%22%3A%22deployment%22%2C%22sha%22%3A%22e8d2147d24d0ff157e76504664fc00e8ff1f7a92%22%2C%22repoName%22%3A%22L96Expanded%2FD-D-Initiative%22%2C%22actor%22%3A%22L96Expanded%22%2C%22slotName%22%3A%22production%22%2C%22commitMessage%22%3A%22Fix%20CI%2FCD%20tests%3A%20Accept%20both%20401%2F403%20for%20unauthorized%2C%20lower%20coverage%20threshold%20to%2065%25%22%7D" method="POST" type="request" pid="767,1,16" Host="dnd-initiative-prod.scm.azurewebsites.net" User-Agent="GITHUBACTIONS_DeployWebAppToAzure_d8ba7f0e74ab0e5d77dc87dc029177abee8253c2c7da9cd65d79dc2913806d42" Authorization="Bea..." Content-Type="application/octet-stream" Cookie="ARRAffinity=e173888f2e6cd428dbbbd21dde5a1f029e33073760f641fbae8fdb677285960a;Path=/;HttpOnly;Secure;Domain=dnd-initiative-prod.scm.azurewebsites.net; ARRAffinitySameSite=e173888f2e6cd428dbbbd21dde5a1f029e33073760f641fbae8fdb677285960a;Path=/;HttpOnly;SameSite=None;Secure;Domain=dnd-initiative-prod.scm.azurewebsites.net" Transfer-Encoding="chunked" X-ARR-LOG-ID="d56b2c54-eceb-4063-8034-670e7902def9" CLIENT-IP="172.208.62.163:63488" X-SITE-DEPLOYMENT-ID="dnd-initiative-prod" WAS-DEFAULT-HOSTNAME="dnd-initiative-prod.scm.azurewebsites.net" X-Forwarded-Proto="https" X-AppService-Proto="https" X-Forwarded-TlsVersion="1.3" X-WAWS-Unencoded-URL="/api/zipdeploy?isAsync=true&amp;deployer=GITHUB_ZIP_DEPLOY&amp;message=%7B%22type%22%3A%22deployment%22%2C%22sha%22%3A%22e8d2147d24d0ff157e76504664fc00e8ff1f7a92%22%2C%22repoName%22%3A%22L96Expanded%2FD-D-Initiative%22%2C%22actor%22%3A%22L96Expanded%22%2C%22slotName%22%3A%22production%22%2C%22commitMessage%22%3A%22Fix%20CI%2FCD%20tests%3A%20Accept%20both%20401%2F403%20for%20unauthorized%2C%20lower%20coverage%20threshold%20to%2065%25%22%7D" X-Client-IP="172.208.62.163" X-Client-Port="63488" >
  <step title="ZipPushDeploy" date="2025-11-30T12:25:35.729" >
    <step title="ZipDeploy. Extract zip." date="2025-11-30T12:25:35.733" /><!-- duration: 2ms -->
    <step title="None repository commit" date="2025-11-30T12:25:35.738" >
      <step title="Commit id: 1f6d2117-e760-467a-87bb-26f7757b65e8" date="2025-11-30T12:25:35.740" Message="N/A" AuthorName="N/A" AuthorEmail="N/A" /><!-- duration: 2ms -->
    </step><!-- duration: 4ms -->
    <step title="Starting PushDeployAsync" date="2025-11-30T12:25:35.744" /><!-- duration: 4ms -->
    <step title="Writing artifact to /tmp/zipdeploy/db624852-42e8-49d2-ae0a-6e10fef0e7a5.zip" date="2025-11-30T12:25:35.757" >
      <step title="Writing multipart request body to /tmp/zipdeploy/db624852-42e8-49d2-ae0a-6e10fef0e7a5.zip" date="2025-11-30T12:25:35.760" /><!-- duration: 2ms -->
    </step><!-- duration: 19ms -->
    <step title="Start deployment in the background" date="2025-11-30T12:25:35.782" >
      <step title="Acquiring Deployment Lock" date="2025-11-30T12:25:35.810" /><!-- duration: 2ms -->
      <step title="Acquired Deployment Lock" date="2025-11-30T12:25:35.835" /><!-- duration: 5ms -->
    </step><!-- duration: 101ms -->
  </step><!-- duration: 157ms -->
  <step title="Outgoing response" date="2025-11-30T12:25:35.891" type="response" statusCode="202" statusText="Accepted" /><!-- duration: 2ms -->
</step><!-- duration: 182ms -->
