<step title="Incoming Request" date="2025-11-30T11:47:38.510" instance="e17388" url="/api/deployments/latest?deployer=GITHUB_ZIP_DEPLOY&amp;time=2025-11-30_11-47-31Z" method="GET" type="request" pid="768,1,67" Host="dnd-initiative-prod.scm.azurewebsites.net" User-Agent="GITHUBACTIONS_DeployWebAppToAzure_d8ba7f0e74ab0e5d77dc87dc029177abee8253c2c7da9cd65d79dc2913806d42" Authorization="Bea..." Content-Type="application/json; charset=utf-8" Cookie="ARRAffinity=e173888f2e6cd428dbbbd21dde5a1f029e33073760f641fbae8fdb677285960a;Path=/;HttpOnly;Secure;Domain=dnd-initiative-prod.scm.azurewebsites.net; ARRAffinitySameSite=e173888f2e6cd428dbbbd21dde5a1f029e33073760f641fbae8fdb677285960a;Path=/;HttpOnly;SameSite=None;Secure;Domain=dnd-initiative-prod.scm.azurewebsites.net" Content-Length="0" X-ARR-LOG-ID="5ad73b4b-546c-44a1-9ed8-a793a2b76ecf" CLIENT-IP="132.196.82.131:36865" X-SITE-DEPLOYMENT-ID="dnd-initiative-prod" WAS-DEFAULT-HOSTNAME="dnd-initiative-prod.scm.azurewebsites.net" X-Forwarded-Proto="https" X-AppService-Proto="https" X-Forwarded-TlsVersion="1.3" X-WAWS-Unencoded-URL="/api/deployments/latest?deployer=GITHUB_ZIP_DEPLOY&amp;time=2025-11-30_11-47-31Z" X-Client-IP="132.196.82.131" X-Client-Port="36865" >
  <step title="Cleanup Xml Logs" date="2025-11-30T11:47:38.513" >
    <step title="Cleanup Infos" date="2025-11-30T11:47:38.529" totalFiles="442" totalCleanup="282" /><!-- duration: 11ms -->
  </step><!-- duration: 33ms -->
  <step title="DeploymentService.GetResult" date="2025-11-30T11:47:38.565" >
    <step title="DeploymentService.GetLatestDeployment" date="2025-11-30T11:47:38.609" >
      <step title="DeploymentManager.GetResults" date="2025-11-30T11:47:38.610" /><!-- duration: 609ms -->
    </step><!-- duration: 613ms -->
  </step><!-- duration: 658ms -->
  <step title="Outgoing response" date="2025-11-30T11:47:39.225" type="response" statusCode="202" statusText="Accepted" /><!-- duration: 1ms -->
</step><!-- duration: 719ms -->
