<step title="Incoming Request" date="2025-11-27T22:38:08.606" instance="e17388" url="/api/zipdeploy?isAsync=true&amp;deployer=GITHUB_ZIP_DEPLOY&amp;message=%7B%22type%22%3A%22deployment%22%2C%22sha%22%3A%22f0e3fc632b344edfda16a1c7784452a7774da786%22%2C%22repoName%22%3A%22L96Expanded%2FD-D-Initiative%22%2C%22actor%22%3A%22L96Expanded%22%2C%22slotName%22%3A%22production%22%2C%22commitMessage%22%3A%22Fix%3A%20Replace%20setup-node%20cache%20with%20explicit%20cache%20action%20for%20npm%20dependencies%22%7D" method="POST" type="request" pid="768,1,16" Host="dnd-initiative-prod.scm.azurewebsites.net" User-Agent="GITHUBACTIONS_DeployWebAppToAzure_d8ba7f0e74ab0e5d77dc87dc029177abee8253c2c7da9cd65d79dc2913806d42" Authorization="Bea..." Content-Type="application/octet-stream" Cookie="ARRAffinity=e173888f2e6cd428dbbbd21dde5a1f029e33073760f641fbae8fdb677285960a;Path=/;HttpOnly;Secure;Domain=dnd-initiative-prod.scm.azurewebsites.net; ARRAffinitySameSite=e173888f2e6cd428dbbbd21dde5a1f029e33073760f641fbae8fdb677285960a;Path=/;HttpOnly;SameSite=None;Secure;Domain=dnd-initiative-prod.scm.azurewebsites.net" Transfer-Encoding="chunked" X-ARR-LOG-ID="d2697603-9d6a-488b-b460-57f2cfdd9267" CLIENT-IP="128.24.160.226:25600" X-SITE-DEPLOYMENT-ID="dnd-initiative-prod" WAS-DEFAULT-HOSTNAME="dnd-initiative-prod.scm.azurewebsites.net" X-Forwarded-Proto="https" X-AppService-Proto="https" X-Forwarded-TlsVersion="1.3" X-WAWS-Unencoded-URL="/api/zipdeploy?isAsync=true&amp;deployer=GITHUB_ZIP_DEPLOY&amp;message=%7B%22type%22%3A%22deployment%22%2C%22sha%22%3A%22f0e3fc632b344edfda16a1c7784452a7774da786%22%2C%22repoName%22%3A%22L96Expanded%2FD-D-Initiative%22%2C%22actor%22%3A%22L96Expanded%22%2C%22slotName%22%3A%22production%22%2C%22commitMessage%22%3A%22Fix%3A%20Replace%20setup-node%20cache%20with%20explicit%20cache%20action%20for%20npm%20dependencies%22%7D" X-Client-IP="128.24.160.226" X-Client-Port="25600" >
  <step title="ZipPushDeploy" date="2025-11-27T22:38:08.623" >
    <step title="ZipDeploy. Extract zip." date="2025-11-27T22:38:08.630" /><!-- duration: 2ms -->
    <step title="None repository commit" date="2025-11-27T22:38:08.635" >
      <step title="Commit id: bc7a2ffa-204f-47ce-ba1b-afdd61562128" date="2025-11-27T22:38:08.637" Message="N/A" AuthorName="N/A" AuthorEmail="N/A" /><!-- duration: 2ms -->
    </step><!-- duration: 5ms -->
    <step title="Starting PushDeployAsync" date="2025-11-27T22:38:08.641" /><!-- duration: 4ms -->
    <step title="Writing artifact to /tmp/zipdeploy/7e066642-87b7-480a-a365-5e1b8d8060b9.zip" date="2025-11-27T22:38:08.657" >
      <step title="Writing multipart request body to /tmp/zipdeploy/7e066642-87b7-480a-a365-5e1b8d8060b9.zip" date="2025-11-27T22:38:08.659" /><!-- duration: 7ms -->
    </step><!-- duration: 26ms -->
    <step title="Start deployment in the background" date="2025-11-27T22:38:08.689" >
      <step title="Acquiring Deployment Lock" date="2025-11-27T22:38:08.700" /><!-- duration: 2ms -->
      <step title="Acquired Deployment Lock" date="2025-11-27T22:38:08.753" /><!-- duration: 2ms -->
    </step><!-- duration: 132ms -->
  </step><!-- duration: 203ms -->
  <step title="Outgoing response" date="2025-11-27T22:38:08.834" type="response" statusCode="202" statusText="Accepted" /><!-- duration: 2ms -->
</step><!-- duration: 231ms -->
