<step title="BackgroundTrace" date="2025-11-27T09:23:08.506" instance="e17388" url="/api/zipdeploy" method="POST" >
  <step title="Creating temporary deployment - FetchDeploymentManager" date="2025-11-27T09:23:08.545" /><!-- duration: 1ms -->
  <step title="Creating temporary deployment" date="2025-11-27T09:23:08.549" /><!-- duration: 79ms -->
  <step title="Performing fetch based deployment" date="2025-11-27T09:23:08.651" >
    <step title="Cleaning up temp folders from previous zip deployments and extracting pushed zip file /tmp/zipdeploy/21b0393b-591b-4f8b-8531-087fc7f42523.zip (3.61 MB) to /tmp/zipdeploy/extracted" date="2025-11-27T09:23:09.861" >
      <step title="ChmodRecursive Process exited with total time taken in ms: 15" date="2025-11-27T09:23:09.913" /><!-- duration: 2ms -->
    </step><!-- duration: 56ms -->
    <step title="Deployment timer started" date="2025-11-27T09:23:11.930" >
      <step title="DeploymentManager.Deploy(id:80a13193-7320-4e17-b998-d2dfc812f2e0)" date="2025-11-27T09:23:11.934" >
        <step title="Collecting changeset information" date="2025-11-27T09:23:11.942" /><!-- duration: 83ms -->
        <step title="Updating submodules" date="2025-11-27T09:23:12.027" /><!-- duration: 1192ms -->
        <step title="Determining deployment builder" date="2025-11-27T09:23:13.456" >
          <step title="Builder is OryxBuilder" date="2025-11-27T09:23:13.468" /><!-- duration: 2ms -->
        </step><!-- duration: 15ms -->
        <step title="PreDeployment: context.CleanOutputPath False" date="2025-11-27T09:23:13.522" >
          <step title="PreDeployment: context.OutputPath /home/site/wwwroot" date="2025-11-27T09:23:13.634" >
            <step title="Building" date="2025-11-27T09:23:13.759" >
              <step title="Executing external process" date="2025-11-27T09:23:14.033" type="process" path="bash" arguments="-c &quot;oryx build /tmp/zipdeploy/extracted -o /home/site/wwwroot --platform python --platform-version 3.11 -p virtualenv_name=antenv --log-file /tmp/build-debug.log  -i /tmp/8de2d9696fd9eb2 --compress-destination-dir | tee /tmp/oryx-build.log ; exit $PIPESTATUS &quot;" /><!-- duration: 33018ms -->
              <step title="Using PythonDeploymentLogParser" date="2025-11-27T09:23:47.367" /><!-- duration: 2ms -->
              <step title="Triggering recycle (preview mode disabled)." date="2025-11-27T09:23:48.553" /><!-- duration: 3ms -->
              <step title="Modified file to trigger a restart of the app container." date="2025-11-27T09:23:48.577" /><!-- duration: 2ms -->
              <step title="Skip function trigger and logicapp sync because function is not enabled." date="2025-11-27T09:23:48.581" /><!-- duration: 5ms -->
            </step><!-- duration: 36375ms -->
          </step><!-- duration: 36504ms -->
          <step title="Cleaning up temp files" date="2025-11-27T09:23:50.139" /><!-- duration: 1989ms -->
          <step title="Cleaning up temp files" date="2025-11-27T09:23:52.131" /><!-- duration: 502ms -->
          <step title="Reloading status file with latest updates" date="2025-11-27T09:23:52.666" >
            <step title="WebHooksManager.PublishEventAsync: PostDeployment" date="2025-11-27T09:23:52.669" /><!-- duration: 30ms -->
          </step><!-- duration: 34ms -->
          <step title="Cleaning up temporary deployment - fetch deployment was successful" date="2025-11-27T09:23:52.702" /><!-- duration: 2ms -->
        </step><!-- duration: 39218ms -->
      </step><!-- duration: 40814ms -->
