<step title="BackgroundTrace" date="2025-11-27T08:05:26.656" instance="e17388" url="/api/zipdeploy" method="POST" >
  <step title="Creating temporary deployment - FetchDeploymentManager" date="2025-11-27T08:05:26.706" /><!-- duration: 1ms -->
  <step title="Creating temporary deployment" date="2025-11-27T08:05:26.710" /><!-- duration: 115ms -->
  <step title="Performing fetch based deployment" date="2025-11-27T08:05:26.845" >
    <step title="Cleaning up temp folders from previous zip deployments and extracting pushed zip file /tmp/zipdeploy/8d00a8c8-71d2-4ca9-b0ac-7046fc7e0286.zip (0.03 MB) to /tmp/zipdeploy/extracted" date="2025-11-27T08:05:27.967" >
      <step title="ChmodRecursive Process exited with total time taken in ms: 13" date="2025-11-27T08:05:28.009" /><!-- duration: 2ms -->
    </step><!-- duration: 46ms -->
    <step title="Deployment timer started" date="2025-11-27T08:05:30.020" >
      <step title="DeploymentManager.Deploy(id:708273a5-a086-4f8b-a239-5702dfd3632a)" date="2025-11-27T08:05:30.026" >
        <step title="Collecting changeset information" date="2025-11-27T08:05:30.061" /><!-- duration: 85ms -->
        <step title="Updating submodules" date="2025-11-27T08:05:30.149" /><!-- duration: 1120ms -->
        <step title="Determining deployment builder" date="2025-11-27T08:05:31.479" >
          <step title="Builder is OryxBuilder" date="2025-11-27T08:05:31.485" /><!-- duration: 2ms -->
        </step><!-- duration: 9ms -->
        <step title="PreDeployment: context.CleanOutputPath False" date="2025-11-27T08:05:31.549" >
          <step title="PreDeployment: context.OutputPath /home/site/wwwroot" date="2025-11-27T08:05:31.668" >
            <step title="Building" date="2025-11-27T08:05:31.792" >
              <step title="Executing external process" date="2025-11-27T08:05:32.047" type="process" path="bash" arguments="-c &quot;oryx build /tmp/zipdeploy/extracted -o /home/site/wwwroot --platform python --platform-version 3.11 -p virtualenv_name=antenv --log-file /tmp/build-debug.log  -i /tmp/8de2d8bbc3b6a6a --compress-destination-dir | tee /tmp/oryx-build.log ; exit $PIPESTATUS &quot;" /><!-- duration: 40444ms -->
              <step title="Using PythonDeploymentLogParser" date="2025-11-27T08:06:12.803" /><!-- duration: 2ms -->
              <step title="Triggering recycle (preview mode disabled)." date="2025-11-27T08:06:13.860" /><!-- duration: 7ms -->
              <step title="Modified file to trigger a restart of the app container." date="2025-11-27T08:06:13.888" /><!-- duration: 1ms -->
              <step title="Skip function trigger and logicapp sync because function is not enabled." date="2025-11-27T08:06:13.894" /><!-- duration: 2ms -->
            </step><!-- duration: 42852ms -->
          </step><!-- duration: 42979ms -->
          <step title="Cleaning up temp files" date="2025-11-27T08:06:14.650" /><!-- duration: 2017ms -->
          <step title="Cleaning up temp files" date="2025-11-27T08:06:16.669" /><!-- duration: 503ms -->
          <step title="Reloading status file with latest updates" date="2025-11-27T08:06:17.246" >
            <step title="WebHooksManager.PublishEventAsync: PostDeployment" date="2025-11-27T08:06:17.249" /><!-- duration: 31ms -->
          </step><!-- duration: 37ms -->
          <step title="Cleaning up temporary deployment - fetch deployment was successful" date="2025-11-27T08:06:17.288" /><!-- duration: 2ms -->
        </step><!-- duration: 45775ms -->
      </step><!-- duration: 47306ms -->
