<step title="Incoming Request" date="2025-11-27T22:58:34.925" instance="e17388" url="/api/deployments/latest?deployer=GITHUB_ZIP_DEPLOY&amp;time=2025-11-27_22-58-28Z" method="GET" type="request" pid="768,1,21" Host="dnd-initiative-prod.scm.azurewebsites.net" User-Agent="GITHUBACTIONS_DeployWebAppToAzure_d8ba7f0e74ab0e5d77dc87dc029177abee8253c2c7da9cd65d79dc2913806d42" Authorization="Bea..." Content-Type="application/json; charset=utf-8" Cookie="ARRAffinity=e173888f2e6cd428dbbbd21dde5a1f029e33073760f641fbae8fdb677285960a;Path=/;HttpOnly;Secure;Domain=dnd-initiative-prod.scm.azurewebsites.net; ARRAffinitySameSite=e173888f2e6cd428dbbbd21dde5a1f029e33073760f641fbae8fdb677285960a;Path=/;HttpOnly;SameSite=None;Secure;Domain=dnd-initiative-prod.scm.azurewebsites.net" Content-Length="0" X-ARR-LOG-ID="5e0a5107-25df-4d3f-a8e5-616d6be4be2b" CLIENT-IP="52.159.246.5:15393" X-SITE-DEPLOYMENT-ID="dnd-initiative-prod" WAS-DEFAULT-HOSTNAME="dnd-initiative-prod.scm.azurewebsites.net" X-Forwarded-Proto="https" X-AppService-Proto="https" X-Forwarded-TlsVersion="1.3" X-WAWS-Unencoded-URL="/api/deployments/latest?deployer=GITHUB_ZIP_DEPLOY&amp;time=2025-11-27_22-58-28Z" X-Client-IP="52.159.246.5" X-Client-Port="15393" >
  <step title="Cleanup Xml Logs" date="2025-11-27T22:58:34.966" >
    <step title="Cleanup Infos" date="2025-11-27T22:58:34.977" totalFiles="395" totalCleanup="235" /><!-- duration: 4ms -->
  </step><!-- duration: 20ms -->
  <step title="DeploymentService.GetResult" date="2025-11-27T22:58:35.000" >
    <step title="DeploymentService.GetLatestDeployment" date="2025-11-27T22:58:35.003" >
      <step title="DeploymentManager.GetResults" date="2025-11-27T22:58:35.006" /><!-- duration: 944ms -->
    </step><!-- duration: 949ms -->
  </step><!-- duration: 955ms -->
  <step title="Outgoing response" date="2025-11-27T22:58:35.956" type="response" statusCode="202" statusText="Accepted" /><!-- duration: 2ms -->
</step><!-- duration: 1037ms -->
