<step title="Incoming Request" date="2025-11-30T12:28:25.752" instance="e17388" url="/api/zipdeploy?isAsync=true&amp;deployer=GITHUB_ZIP_DEPLOY&amp;message=%7B%22type%22%3A%22deployment%22%2C%22sha%22%3A%229f6b1b582ce396f187da650a68a2bf3a30a2e39b%22%2C%22repoName%22%3A%22L96Expanded%2FD-D-Initiative%22%2C%22actor%22%3A%22L96Expanded%22%2C%22slotName%22%3A%22production%22%2C%22commitMessage%22%3A%22Fix%20CI%3A%20Add%20environment%20variables%20to%20coverage%20threshold%20check%22%7D" method="POST" type="request" pid="768,1,18" Host="dnd-initiative-prod.scm.azurewebsites.net" User-Agent="GITHUBACTIONS_DeployWebAppToAzure_d8ba7f0e74ab0e5d77dc87dc029177abee8253c2c7da9cd65d79dc2913806d42" Authorization="Bea..." Content-Type="application/octet-stream" Cookie="ARRAffinity=e173888f2e6cd428dbbbd21dde5a1f029e33073760f641fbae8fdb677285960a;Path=/;HttpOnly;Secure;Domain=dnd-initiative-prod.scm.azurewebsites.net; ARRAffinitySameSite=e173888f2e6cd428dbbbd21dde5a1f029e33073760f641fbae8fdb677285960a;Path=/;HttpOnly;SameSite=None;Secure;Domain=dnd-initiative-prod.scm.azurewebsites.net" Transfer-Encoding="chunked" X-ARR-LOG-ID="1eb73ce0-d4de-468f-8344-cd846c38db6e" CLIENT-IP="52.173.181.19:14360" X-SITE-DEPLOYMENT-ID="dnd-initiative-prod" WAS-DEFAULT-HOSTNAME="dnd-initiative-prod.scm.azurewebsites.net" X-Forwarded-Proto="https" X-AppService-Proto="https" X-Forwarded-TlsVersion="1.3" X-WAWS-Unencoded-URL="/api/zipdeploy?isAsync=true&amp;deployer=GITHUB_ZIP_DEPLOY&amp;message=%7B%22type%22%3A%22deployment%22%2C%22sha%22%3A%229f6b1b582ce396f187da650a68a2bf3a30a2e39b%22%2C%22repoName%22%3A%22L96Expanded%2FD-D-Initiative%22%2C%22actor%22%3A%22L96Expanded%22%2C%22slotName%22%3A%22production%22%2C%22commitMessage%22%3A%22Fix%20CI%3A%20Add%20environment%20variables%20to%20coverage%20threshold%20check%22%7D" X-Client-IP="52.173.181.19" X-Client-Port="14360" >
  <step title="ZipPushDeploy" date="2025-11-30T12:28:25.771" >
    <step title="ZipDeploy. Extract zip." date="2025-11-30T12:28:25.774" /><!-- duration: 2ms -->
    <step title="None repository commit" date="2025-11-30T12:28:25.780" >
      <step title="Commit id: fe6468ec-cbd1-478a-977c-ad4748c89dda" date="2025-11-30T12:28:25.782" Message="N/A" AuthorName="N/A" AuthorEmail="N/A" /><!-- duration: 2ms -->
    </step><!-- duration: 5ms -->
    <step title="Starting PushDeployAsync" date="2025-11-30T12:28:25.787" /><!-- duration: 1ms -->
    <step title="Writing artifact to /tmp/zipdeploy/5bc5d97a-2ea4-4b6a-b7ab-9382083cf020.zip" date="2025-11-30T12:28:25.795" >
      <step title="Writing multipart request body to /tmp/zipdeploy/5bc5d97a-2ea4-4b6a-b7ab-9382083cf020.zip" date="2025-11-30T12:28:25.797" /><!-- duration: 2ms -->
    </step><!-- duration: 24ms -->
    <step title="Start deployment in the background" date="2025-11-30T12:28:25.826" >
      <step title="Acquiring Deployment Lock" date="2025-11-30T12:28:25.835" /><!-- duration: 2ms -->
      <step title="Acquired Deployment Lock" date="2025-11-30T12:28:25.888" /><!-- duration: 2ms -->
    </step><!-- duration: 106ms -->
  </step><!-- duration: 165ms -->
  <step title="Outgoing response" date="2025-11-30T12:28:25.941" type="response" statusCode="202" statusText="Accepted" /><!-- duration: 2ms -->
</step><!-- duration: 192ms -->
