<step title="BackgroundTrace" date="2025-11-27T10:02:26.317" instance="e17388" url="/api/zipdeploy" method="POST" >
  <step title="Creating temporary deployment - FetchDeploymentManager" date="2025-11-27T10:02:26.413" /><!-- duration: 1ms -->
  <step title="Creating temporary deployment" date="2025-11-27T10:02:26.416" /><!-- duration: 41ms -->
  <step title="Performing fetch based deployment" date="2025-11-27T10:02:26.481" >
    <step title="Cleaning up temp folders from previous zip deployments and extracting pushed zip file /tmp/zipdeploy/89a6d4c7-8791-447f-828d-a6280fe9c788.zip (0.03 MB) to /tmp/zipdeploy/extracted" date="2025-11-27T10:02:27.632" >
      <step title="ChmodRecursive Process exited with total time taken in ms: 15" date="2025-11-27T10:02:27.678" /><!-- duration: 3ms -->
    </step><!-- duration: 71ms -->
    <step title="Deployment timer started" date="2025-11-27T10:02:29.709" >
      <step title="DeploymentManager.Deploy(id:a5c0ddf6-4be0-49ef-9945-f8c001a76f90)" date="2025-11-27T10:02:29.712" >
        <step title="Collecting changeset information" date="2025-11-27T10:02:29.720" /><!-- duration: 89ms -->
        <step title="Updating submodules" date="2025-11-27T10:02:29.813" /><!-- duration: 1138ms -->
        <step title="Determining deployment builder" date="2025-11-27T10:02:31.135" >
          <step title="Builder is BasicBuilder" date="2025-11-27T10:02:31.141" /><!-- duration: 2ms -->
        </step><!-- duration: 9ms -->
        <step title="PreDeployment: context.CleanOutputPath False" date="2025-11-27T10:02:31.196" >
          <step title="PreDeployment: context.OutputPath /home/site/wwwroot" date="2025-11-27T10:02:31.301" >
            <step title="Building" date="2025-11-27T10:02:31.452" >
              <step title="Executing external process" date="2025-11-27T10:02:31.757" type="process" path="starter.sh" arguments="/opt/Kudu/Scripts/parallel_rsync.sh /tmp/zipdeploy/extracted /home/site/wwwroot 8 /tmp/ False True  " /><!-- duration: 2538ms -->
              <step title="Triggering recycle (preview mode disabled)." date="2025-11-27T10:02:34.602" /><!-- duration: 2ms -->
              <step title="Modified file to trigger a restart of the app container." date="2025-11-27T10:02:34.637" /><!-- duration: 4ms -->
              <step title="Skip function trigger and logicapp sync because function is not enabled." date="2025-11-27T10:02:34.649" /><!-- duration: 3ms -->
              <step title="Purge deployment items" date="2025-11-27T10:02:35.816" >
                <step title="Remove ab8629ba-, Success, received at 11/27/2025 08:27:54" date="2025-11-27T10:02:35.875" /><!-- duration: 2ms -->
              </step><!-- duration: 64ms -->
            </step><!-- duration: 4520ms -->
          </step><!-- duration: 4675ms -->
          <step title="Cleaning up temp files" date="2025-11-27T10:02:35.980" /><!-- duration: 4ms -->
          <step title="Cleaning up temp files" date="2025-11-27T10:02:35.989" /><!-- duration: 505ms -->
          <step title="Reloading status file with latest updates" date="2025-11-27T10:02:36.547" >
            <step title="WebHooksManager.PublishEventAsync: PostDeployment" date="2025-11-27T10:02:36.554" /><!-- duration: 124ms -->
          </step><!-- duration: 138ms -->
          <step title="Cleaning up temporary deployment - fetch deployment was successful" date="2025-11-27T10:02:36.691" /><!-- duration: 3ms -->
        </step><!-- duration: 5584ms -->
      </step><!-- duration: 7082ms -->
