<step title="Incoming Request" date="2025-11-27T19:16:05.617" instance="e17388" url="/api/zipdeploy?isAsync=true&amp;deployer=GITHUB_ZIP_DEPLOY&amp;message=%7B%22type%22%3A%22deployment%22%2C%22sha%22%3A%22df9d4c4d0adff57ac33b4905d388e78731d9a325%22%2C%22repoName%22%3A%22L96Expanded%2FD-D-Initiative%22%2C%22actor%22%3A%22L96Expanded%22%2C%22slotName%22%3A%22production%22%2C%22commitMessage%22%3A%22%22%7D" method="POST" type="request" pid="768,1,19" Host="dnd-initiative-prod.scm.azurewebsites.net" User-Agent="GITHUBACTIONS_DeployWebAppToAzure_d8ba7f0e74ab0e5d77dc87dc029177abee8253c2c7da9cd65d79dc2913806d42" Authorization="Bea..." Content-Type="application/octet-stream" Cookie="ARRAffinity=e173888f2e6cd428dbbbd21dde5a1f029e33073760f641fbae8fdb677285960a;Path=/;HttpOnly;Secure;Domain=dnd-initiative-prod.scm.azurewebsites.net; ARRAffinitySameSite=e173888f2e6cd428dbbbd21dde5a1f029e33073760f641fbae8fdb677285960a;Path=/;HttpOnly;SameSite=None;Secure;Domain=dnd-initiative-prod.scm.azurewebsites.net" Transfer-Encoding="chunked" X-ARR-LOG-ID="16073c01-96ad-44d9-a705-571538f198c3" CLIENT-IP="52.159.228.213:14336" X-SITE-DEPLOYMENT-ID="dnd-initiative-prod" WAS-DEFAULT-HOSTNAME="dnd-initiative-prod.scm.azurewebsites.net" X-Forwarded-Proto="https" X-AppService-Proto="https" X-Forwarded-TlsVersion="1.3" X-WAWS-Unencoded-URL="/api/zipdeploy?isAsync=true&amp;deployer=GITHUB_ZIP_DEPLOY&amp;message=%7B%22type%22%3A%22deployment%22%2C%22sha%22%3A%22df9d4c4d0adff57ac33b4905d388e78731d9a325%22%2C%22repoName%22%3A%22L96Expanded%2FD-D-Initiative%22%2C%22actor%22%3A%22L96Expanded%22%2C%22slotName%22%3A%22production%22%2C%22commitMessage%22%3A%22%22%7D" X-Client-IP="52.159.228.213" X-Client-Port="14336" >
  <step title="ZipPushDeploy" date="2025-11-27T19:16:05.634" >
    <step title="ZipDeploy. Extract zip." date="2025-11-27T19:16:05.642" /><!-- duration: 2ms -->
    <step title="None repository commit" date="2025-11-27T19:16:05.647" >
      <step title="Commit id: daa2ecd3-7d0d-4980-a679-47f21c6865a2" date="2025-11-27T19:16:05.648" Message="N/A" AuthorName="N/A" AuthorEmail="N/A" /><!-- duration: 2ms -->
    </step><!-- duration: 5ms -->
    <step title="Starting PushDeployAsync" date="2025-11-27T19:16:05.653" /><!-- duration: 2ms -->
    <step title="Writing artifact to /tmp/zipdeploy/b3292241-851d-40b3-a978-bac8b2059cd4.zip" date="2025-11-27T19:16:05.661" >
      <step title="Writing multipart request body to /tmp/zipdeploy/b3292241-851d-40b3-a978-bac8b2059cd4.zip" date="2025-11-27T19:16:05.663" /><!-- duration: 5ms -->
    </step><!-- duration: 22ms -->
    <step title="Start deployment in the background" date="2025-11-27T19:16:05.690" >
      <step title="Acquiring Deployment Lock" date="2025-11-27T19:16:05.712" /><!-- duration: 10ms -->
      <step title="Acquired Deployment Lock" date="2025-11-27T19:16:05.847" /><!-- duration: 3ms -->
    </step><!-- duration: 250ms -->
  </step><!-- duration: 317ms -->
  <step title="Outgoing response" date="2025-11-27T19:16:05.967" type="response" statusCode="202" statusText="Accepted" /><!-- duration: 7ms -->
</step><!-- duration: 359ms -->
