<step title="Incoming Request" date="2025-11-30T12:28:32.648" instance="e17388" url="/api/deployments/latest?deployer=GITHUB_ZIP_DEPLOY&amp;time=2025-11-30_12-28-25Z" method="GET" type="request" pid="768,1,5" Host="dnd-initiative-prod.scm.azurewebsites.net" User-Agent="GITHUBACTIONS_DeployWebAppToAzure_d8ba7f0e74ab0e5d77dc87dc029177abee8253c2c7da9cd65d79dc2913806d42" Authorization="Bea..." Content-Type="application/json; charset=utf-8" Cookie="ARRAffinity=e173888f2e6cd428dbbbd21dde5a1f029e33073760f641fbae8fdb677285960a;Path=/;HttpOnly;Secure;Domain=dnd-initiative-prod.scm.azurewebsites.net; ARRAffinitySameSite=e173888f2e6cd428dbbbd21dde5a1f029e33073760f641fbae8fdb677285960a;Path=/;HttpOnly;SameSite=None;Secure;Domain=dnd-initiative-prod.scm.azurewebsites.net" Content-Length="0" X-ARR-LOG-ID="66b9d221-e0ed-4b58-ab2f-b6d048da8760" CLIENT-IP="52.173.181.19:14362" X-SITE-DEPLOYMENT-ID="dnd-initiative-prod" WAS-DEFAULT-HOSTNAME="dnd-initiative-prod.scm.azurewebsites.net" X-Forwarded-Proto="https" X-AppService-Proto="https" X-Forwarded-TlsVersion="1.3" X-WAWS-Unencoded-URL="/api/deployments/latest?deployer=GITHUB_ZIP_DEPLOY&amp;time=2025-11-30_12-28-25Z" X-Client-IP="52.173.181.19" X-Client-Port="14362" >
  <step title="Cleanup Xml Logs" date="2025-11-30T12:28:32.663" >
    <step title="Cleanup Infos" date="2025-11-30T12:28:32.671" totalFiles="483" totalCleanup="323" /><!-- duration: 2ms -->
  </step><!-- duration: 12ms -->
  <step title="DeploymentService.GetResult" date="2025-11-30T12:28:32.679" >
    <step title="DeploymentService.GetLatestDeployment" date="2025-11-30T12:28:32.681" >
      <step title="DeploymentManager.GetResults" date="2025-11-30T12:28:32.698" /><!-- duration: 917ms -->
    </step><!-- duration: 937ms -->
  </step><!-- duration: 963ms -->
  <step title="Outgoing response" date="2025-11-30T12:28:33.645" type="response" statusCode="202" statusText="Accepted" /><!-- duration: 2ms -->
</step><!-- duration: 1001ms -->
