<step title="BackgroundTrace" date="2025-11-27T19:10:34.413" instance="e17388" url="/api/zipdeploy" method="POST" >
  <step title="Creating temporary deployment - FetchDeploymentManager" date="2025-11-27T19:10:34.479" /><!-- duration: 1ms -->
  <step title="Creating temporary deployment" date="2025-11-27T19:10:34.483" /><!-- duration: 34ms -->
  <step title="Performing fetch based deployment" date="2025-11-27T19:10:34.537" >
    <step title="Cleaning up temp folders from previous zip deployments and extracting pushed zip file /tmp/zipdeploy/516c1958-d7be-4cc0-84b7-4f32d0fc1366.zip (0.03 MB) to /tmp/zipdeploy/extracted" date="2025-11-27T19:10:35.654" >
      <step title="ChmodRecursive Process exited with total time taken in ms: 15" date="2025-11-27T19:10:35.697" /><!-- duration: 2ms -->
    </step><!-- duration: 48ms -->
    <step title="Deployment timer started" date="2025-11-27T19:10:37.710" >
      <step title="DeploymentManager.Deploy(id:2a8b37eb-2379-4a6a-a23b-4831692b58d9)" date="2025-11-27T19:10:37.714" >
        <step title="Collecting changeset information" date="2025-11-27T19:10:37.721" /><!-- duration: 79ms -->
        <step title="Updating submodules" date="2025-11-27T19:10:37.803" /><!-- duration: 1103ms -->
        <step title="Determining deployment builder" date="2025-11-27T19:10:39.112" >
          <step title="Builder is BasicBuilder" date="2025-11-27T19:10:39.117" /><!-- duration: 4ms -->
        </step><!-- duration: 12ms -->
        <step title="PreDeployment: context.CleanOutputPath False" date="2025-11-27T19:10:39.169" >
          <step title="PreDeployment: context.OutputPath /home/site/wwwroot" date="2025-11-27T19:10:39.267" >
            <step title="Building" date="2025-11-27T19:10:39.382" >
              <step title="Executing external process" date="2025-11-27T19:10:39.637" type="process" path="starter.sh" arguments="/opt/Kudu/Scripts/parallel_rsync.sh /tmp/zipdeploy/extracted /home/site/wwwroot 8 /tmp/ False True  " /><!-- duration: 1677ms -->
              <step title="Triggering recycle (preview mode disabled)." date="2025-11-27T19:10:41.541" /><!-- duration: 1ms -->
              <step title="Modified file to trigger a restart of the app container." date="2025-11-27T19:10:41.571" /><!-- duration: 2ms -->
              <step title="Skip function trigger and logicapp sync because function is not enabled." date="2025-11-27T19:10:41.576" /><!-- duration: 3ms -->
              <step title="Purge deployment items" date="2025-11-27T19:10:42.562" >
                <step title="Remove 028673ba-, Success, received at 11/27/2025 10:10:06" date="2025-11-27T19:10:42.606" /><!-- duration: 2ms -->
              </step><!-- duration: 48ms -->
            </step><!-- duration: 3308ms -->
          </step><!-- duration: 3426ms -->
          <step title="Cleaning up temp files" date="2025-11-27T19:10:42.695" /><!-- duration: 2ms -->
          <step title="Cleaning up temp files" date="2025-11-27T19:10:42.699" /><!-- duration: 502ms -->
          <step title="Reloading status file with latest updates" date="2025-11-27T19:10:43.258" >
            <step title="WebHooksManager.PublishEventAsync: PostDeployment" date="2025-11-27T19:10:43.261" /><!-- duration: 44ms -->
          </step><!-- duration: 48ms -->
          <step title="Cleaning up temporary deployment - fetch deployment was successful" date="2025-11-27T19:10:43.309" /><!-- duration: 2ms -->
        </step><!-- duration: 4181ms -->
      </step><!-- duration: 5644ms -->
