<step title="Incoming Request" date="2025-11-27T09:38:40.917" instance="e17388" url="/api/zipdeploy?isAsync=true&amp;deployer=GITHUB_ZIP_DEPLOY&amp;message=%7B%22type%22%3A%22deployment%22%2C%22sha%22%3A%221d5016115f62db081efd6983b9de833ba558df68%22%2C%22repoName%22%3A%22L96Expanded%2FD-D-Initiative%22%2C%22actor%22%3A%22L96Expanded%22%2C%22slotName%22%3A%22production%22%2C%22commitMessage%22%3A%22Fix%20SPA%20routing%3A%20Use%20catch-all%20route%20instead%20of%20static%20mount%20to%20preserve%20API%20routes%22%7D" method="POST" type="request" pid="768,1,5" Host="dnd-initiative-prod.scm.azurewebsites.net" User-Agent="GITHUBACTIONS_DeployWebAppToAzure_d8ba7f0e74ab0e5d77dc87dc029177abee8253c2c7da9cd65d79dc2913806d42" Authorization="Bea..." Content-Type="application/octet-stream" Cookie="ARRAffinity=e173888f2e6cd428dbbbd21dde5a1f029e33073760f641fbae8fdb677285960a;Path=/;HttpOnly;Secure;Domain=dnd-initiative-prod.scm.azurewebsites.net; ARRAffinitySameSite=e173888f2e6cd428dbbbd21dde5a1f029e33073760f641fbae8fdb677285960a;Path=/;HttpOnly;SameSite=None;Secure;Domain=dnd-initiative-prod.scm.azurewebsites.net" Transfer-Encoding="chunked" X-ARR-LOG-ID="07d65c0f-297d-4ba7-b65a-01dff0475dc7" CLIENT-IP="52.176.138.178:60416" X-SITE-DEPLOYMENT-ID="dnd-initiative-prod" WAS-DEFAULT-HOSTNAME="dnd-initiative-prod.scm.azurewebsites.net" X-Forwarded-Proto="https" X-AppService-Proto="https" X-Forwarded-TlsVersion="1.3" X-WAWS-Unencoded-URL="/api/zipdeploy?isAsync=true&amp;deployer=GITHUB_ZIP_DEPLOY&amp;message=%7B%22type%22%3A%22deployment%22%2C%22sha%22%3A%221d5016115f62db081efd6983b9de833ba558df68%22%2C%22repoName%22%3A%22L96Expanded%2FD-D-Initiative%22%2C%22actor%22%3A%22L96Expanded%22%2C%22slotName%22%3A%22production%22%2C%22commitMessage%22%3A%22Fix%20SPA%20routing%3A%20Use%20catch-all%20route%20instead%20of%20static%20mount%20to%20preserve%20API%20routes%22%7D" X-Client-IP="52.176.138.178" X-Client-Port="60416" >
  <step title="ZipPushDeploy" date="2025-11-27T09:38:40.933" >
    <step title="ZipDeploy. Extract zip." date="2025-11-27T09:38:40.940" /><!-- duration: 2ms -->
    <step title="None repository commit" date="2025-11-27T09:38:40.946" >
      <step title="Commit id: 223951f0-ce60-48dc-9bc9-40735cc16d9a" date="2025-11-27T09:38:40.947" Message="N/A" AuthorName="N/A" AuthorEmail="N/A" /><!-- duration: 1ms -->
    </step><!-- duration: 5ms -->
    <step title="Starting PushDeployAsync" date="2025-11-27T09:38:40.952" /><!-- duration: 2ms -->
    <step title="Writing artifact to /tmp/zipdeploy/32415927-bf06-4a76-b5d8-68bfce9afb85.zip" date="2025-11-27T09:38:40.970" >
      <step title="Writing multipart request body to /tmp/zipdeploy/32415927-bf06-4a76-b5d8-68bfce9afb85.zip" date="2025-11-27T09:38:40.972" /><!-- duration: 2ms -->
    </step><!-- duration: 100ms -->
    <step title="Removing previous build artifact&apos;s manifest file" date="2025-11-27T09:38:41.073" >
      <step title="Start deployment in the background" date="2025-11-27T09:38:41.081" >
        <step title="Acquiring Deployment Lock" date="2025-11-27T09:38:41.088" /><!-- duration: 2ms -->
        <step title="Acquired Deployment Lock" date="2025-11-27T09:38:41.145" /><!-- duration: 2ms -->
      </step><!-- duration: 123ms -->
    </step><!-- duration: 135ms -->
    <step title="Outgoing response" date="2025-11-27T09:38:41.212" type="response" statusCode="202" statusText="Accepted" /><!-- duration: 2ms -->
  </step><!-- duration: 283ms -->
