<step title="Incoming Request" date="2025-11-27T23:20:43.681" instance="e17388" url="/deploy?scmType=GitHubAction&amp;isAsync=true" method="POST" type="request" pid="769,1,14" Host="dnd-initiative-prod.scm.azurewebsites.net" User-Agent="Azure-WebSites-Controller/106.0.7.121" Authorization="Bas..." Expect="100-continue" Content-Length="85" x-ms-request-id="ae385d13-580a-4df9-9f68-5a137a724430" X-ARR-LOG-ID="ae385d13-580a-4df9-9f68-5a137a724430" CLIENT-IP="20.48.204.5:6273" X-SITE-DEPLOYMENT-ID="dnd-initiative-prod" WAS-DEFAULT-HOSTNAME="dnd-initiative-prod.scm.azurewebsites.net" X-MS-PLATFORM-INTERNAL="True" X-Forwarded-Proto="https" X-AppService-Proto="https" X-Forwarded-TlsVersion="1.3" X-WAWS-Unencoded-URL="/deploy?scmType=GitHubAction&amp;isAsync=true" X-Client-IP="20.48.204.5" X-Client-Port="6273" >
  <step title="Cleanup Xml Logs" date="2025-11-27T23:20:43.683" >
    <step title="Cleanup Infos" date="2025-11-27T23:20:43.690" totalFiles="408" totalCleanup="248" /><!-- duration: 3ms -->
  </step><!-- duration: 11ms -->
  <step title="FetchHandler" date="2025-11-27T23:20:43.704" >
    <step title="GitExeRepository.Initialize" date="2025-11-27T23:20:43.722" >
      <step title="Executing external process" date="2025-11-27T23:20:43.725" type="process" path="git" arguments="init" /><!-- duration: 211ms -->
      <step title="Executing external process" date="2025-11-27T23:20:43.938" type="process" path="git" arguments="config core.autocrlf false" /><!-- duration: 10ms -->
      <step title="Executing external process" date="2025-11-27T23:20:43.949" type="process" path="git" arguments="config core.preloadindex true" /><!-- duration: 12ms -->
      <step title="Executing external process" date="2025-11-27T23:20:43.963" type="process" path="git" arguments="config user.name &quot;unknown&quot;" /><!-- duration: 9ms -->
      <step title="Executing external process" date="2025-11-27T23:20:43.974" type="process" path="git" arguments="config user.email &quot;unknown&quot;" /><!-- duration: 12ms -->
      <step title="Executing external process" date="2025-11-27T23:20:43.992" type="process" path="git" arguments="config filter.lfs.clean &quot;git-lfs clean %f&quot;" /><!-- duration: 15ms -->
      <step title="Executing external process" date="2025-11-27T23:20:44.009" type="process" path="git" arguments="config filter.lfs.smudge &quot;git-lfs smudge %f&quot;" /><!-- duration: 9ms -->
      <step title="Executing external process" date="2025-11-27T23:20:44.020" type="process" path="git" arguments="config filter.lfs.required true" /><!-- duration: 10ms -->
      <step title="Configure git server" date="2025-11-27T23:20:44.035" >
        <step title="Executing external process" date="2025-11-27T23:20:44.036" type="process" path="git" arguments="config receive.denyCurrentBranch ignore" /><!-- duration: 9ms -->
      </step><!-- duration: 12ms -->
      <step title="Create deny users for .git folder" date="2025-11-27T23:20:44.048" /><!-- duration: 29ms -->
      <step title="Configure git-credential" date="2025-11-27T23:20:44.079" >
        <step title="Executing external process" date="2025-11-27T23:20:44.116" type="process" path="git" arguments="config credential.helper &quot;!&apos;/home/site/repository/.git/hooks/git-credential-invalid.sh&apos;&quot;" /><!-- duration: 9ms -->
      </step><!-- duration: 47ms -->
      <step title="Setup post receive hook" date="2025-11-27T23:20:44.128" >
        <step title="Non-Windows enviroment, granting 755 permission to post-receive hook file" date="2025-11-27T23:20:44.145" /><!-- duration: 11ms -->
      </step><!-- duration: 31ms -->
    </step><!-- duration: 438ms -->
    <step title="Executing external process" date="2025-11-27T23:20:44.162" type="process" path="git" arguments="log -n 1 master --" >
      <step title="Process dump" date="2025-11-27T23:20:44.171" exitCode="128" type="processOutput" /><!-- duration: 2ms -->
    </step><!-- duration: 12ms -->
    <step title="Start deployment in the background" date="2025-11-27T23:20:44.177" >
      <step title="Executing external process" date="2025-11-27T23:20:44.197" type="process" path="git" arguments="rev-parse --git-dir" /><!-- duration: 8ms -->
      <step title="Executing external process" date="2025-11-27T23:20:44.207" type="process" path="git" arguments="rev-parse --git-dir" /><!-- duration: 6ms -->
      <step title="Executing external process" date="2025-11-27T23:20:44.228" type="process" path="git" arguments="log -n 1 master --" >
        <step title="Process dump" date="2025-11-27T23:20:44.236" exitCode="128" type="processOutput" /><!-- duration: 2ms -->
      </step><!-- duration: 11ms -->
      <step title="Acquiring Deployment Lock" date="2025-11-27T23:20:44.241" /><!-- duration: 1ms -->
      <step title="Acquired Deployment Lock" date="2025-11-27T23:20:44.275" /><!-- duration: 1ms -->
    </step><!-- duration: 156ms -->
  </step><!-- duration: 632ms -->
  <step title="Outgoing response" date="2025-11-27T23:20:44.342" type="response" statusCode="202" statusText="Accepted" /><!-- duration: 2ms -->
</step><!-- duration: 664ms -->
