<step title="BackgroundTrace" date="2025-11-27T19:25:45.099" instance="e17388" url="/api/zipdeploy" method="POST" >
  <step title="Creating temporary deployment - FetchDeploymentManager" date="2025-11-27T19:25:45.163" /><!-- duration: 1ms -->
  <step title="Creating temporary deployment" date="2025-11-27T19:25:45.166" /><!-- duration: 60ms -->
  <step title="Performing fetch based deployment" date="2025-11-27T19:25:45.253" >
    <step title="Cleaning up temp folders from previous zip deployments and extracting pushed zip file /tmp/zipdeploy/97c17eb0-bb58-4c44-b013-3c0832a3b2fb.zip (0.03 MB) to /tmp/zipdeploy/extracted" date="2025-11-27T19:25:46.382" >
      <step title="ChmodRecursive Process exited with total time taken in ms: 16" date="2025-11-27T19:25:46.439" /><!-- duration: 2ms -->
    </step><!-- duration: 62ms -->
    <step title="Deployment timer started" date="2025-11-27T19:25:48.451" >
      <step title="DeploymentManager.Deploy(id:d05c4133-2a38-46c0-9532-056f16a78e3d)" date="2025-11-27T19:25:48.455" >
        <step title="Collecting changeset information" date="2025-11-27T19:25:48.479" /><!-- duration: 81ms -->
        <step title="Updating submodules" date="2025-11-27T19:25:48.563" /><!-- duration: 1130ms -->
        <step title="Determining deployment builder" date="2025-11-27T19:25:49.871" >
          <step title="Builder is BasicBuilder" date="2025-11-27T19:25:49.876" /><!-- duration: 1ms -->
        </step><!-- duration: 8ms -->
        <step title="PreDeployment: context.CleanOutputPath False" date="2025-11-27T19:25:49.932" >
          <step title="PreDeployment: context.OutputPath /home/site/wwwroot" date="2025-11-27T19:25:50.031" >
            <step title="Building" date="2025-11-27T19:25:50.149" >
              <step title="Executing external process" date="2025-11-27T19:25:50.408" type="process" path="starter.sh" arguments="/opt/Kudu/Scripts/parallel_rsync.sh /tmp/zipdeploy/extracted /home/site/wwwroot 8 /tmp/ False True  " /><!-- duration: 1685ms -->
              <step title="Triggering recycle (preview mode disabled)." date="2025-11-27T19:25:52.305" /><!-- duration: 6ms -->
              <step title="Modified file to trigger a restart of the app container." date="2025-11-27T19:25:52.328" /><!-- duration: 2ms -->
              <step title="Skip function trigger and logicapp sync because function is not enabled." date="2025-11-27T19:25:52.332" /><!-- duration: 3ms -->
              <step title="Purge deployment items" date="2025-11-27T19:25:53.373" >
                <step title="Remove 96f60d27-, Success, received at 11/27/2025 13:40:47" date="2025-11-27T19:25:53.430" /><!-- duration: 2ms -->
              </step><!-- duration: 60ms -->
            </step><!-- duration: 3352ms -->
          </step><!-- duration: 3473ms -->
          <step title="Cleaning up temp files" date="2025-11-27T19:25:53.505" /><!-- duration: 3ms -->
          <step title="Cleaning up temp files" date="2025-11-27T19:25:53.515" /><!-- duration: 503ms -->
          <step title="Reloading status file with latest updates" date="2025-11-27T19:25:54.035" >
            <step title="WebHooksManager.PublishEventAsync: PostDeployment" date="2025-11-27T19:25:54.038" /><!-- duration: 43ms -->
          </step><!-- duration: 47ms -->
          <step title="Cleaning up temporary deployment - fetch deployment was successful" date="2025-11-27T19:25:54.085" /><!-- duration: 1ms -->
        </step><!-- duration: 4211ms -->
      </step><!-- duration: 5696ms -->
