<step title="Incoming Request" date="2025-11-27T22:38:34.296" instance="e17388" url="/api/zipdeploy?isAsync=true&amp;deployer=GITHUB_ZIP_DEPLOY&amp;message=%7B%22type%22%3A%22deployment%22%2C%22sha%22%3A%22d0afcdb4ae55c71381d3526fce0cfe2aebd454ae%22%2C%22repoName%22%3A%22L96Expanded%2FD-D-Initiative%22%2C%22actor%22%3A%22L96Expanded%22%2C%22slotName%22%3A%22production%22%2C%22commitMessage%22%3A%22Fix%20npm%20cache%20issue%20in%20workflow%20-%20use%20explicit%20cache%20action%20and%20add%20legacy-peer-deps%20flag%22%7D" method="POST" type="request" pid="768,1,16" Host="dnd-initiative-prod.scm.azurewebsites.net" User-Agent="GITHUBACTIONS_DeployWebAppToAzure_d8ba7f0e74ab0e5d77dc87dc029177abee8253c2c7da9cd65d79dc2913806d42" Authorization="Bea..." Content-Type="application/octet-stream" Cookie="ARRAffinity=e173888f2e6cd428dbbbd21dde5a1f029e33073760f641fbae8fdb677285960a;Path=/;HttpOnly;Secure;Domain=dnd-initiative-prod.scm.azurewebsites.net; ARRAffinitySameSite=e173888f2e6cd428dbbbd21dde5a1f029e33073760f641fbae8fdb677285960a;Path=/;HttpOnly;SameSite=None;Secure;Domain=dnd-initiative-prod.scm.azurewebsites.net" Transfer-Encoding="chunked" X-ARR-LOG-ID="cbe4f7d9-585e-4cb6-91fe-38dbe2aae58d" CLIENT-IP="172.178.119.18:1040" X-SITE-DEPLOYMENT-ID="dnd-initiative-prod" WAS-DEFAULT-HOSTNAME="dnd-initiative-prod.scm.azurewebsites.net" X-Forwarded-Proto="https" X-AppService-Proto="https" X-Forwarded-TlsVersion="1.3" X-WAWS-Unencoded-URL="/api/zipdeploy?isAsync=true&amp;deployer=GITHUB_ZIP_DEPLOY&amp;message=%7B%22type%22%3A%22deployment%22%2C%22sha%22%3A%22d0afcdb4ae55c71381d3526fce0cfe2aebd454ae%22%2C%22repoName%22%3A%22L96Expanded%2FD-D-Initiative%22%2C%22actor%22%3A%22L96Expanded%22%2C%22slotName%22%3A%22production%22%2C%22commitMessage%22%3A%22Fix%20npm%20cache%20issue%20in%20workflow%20-%20use%20explicit%20cache%20action%20and%20add%20legacy-peer-deps%20flag%22%7D" X-Client-IP="172.178.119.18" X-Client-Port="1040" >
  <step title="ZipPushDeploy" date="2025-11-27T22:38:34.303" >
    <step title="ZipDeploy. Extract zip." date="2025-11-27T22:38:34.306" /><!-- duration: 2ms -->
    <step title="Starting PushDeployAsync" date="2025-11-27T22:38:34.310" /><!-- duration: 2ms -->
    <step title="Writing artifact to /tmp/zipdeploy/a72f2b17-18e7-4f00-9c1f-3501310abb7f.zip" date="2025-11-27T22:38:34.319" >
      <step title="Writing multipart request body to /tmp/zipdeploy/a72f2b17-18e7-4f00-9c1f-3501310abb7f.zip" date="2025-11-27T22:38:34.321" /><!-- duration: 6ms -->
    </step><!-- duration: 19ms -->
    <step title="Start deployment in the background" date="2025-11-27T22:38:34.346" >
      <step title="Acquiring Deployment Lock" date="2025-11-27T22:38:34.354" /><!-- duration: 4ms -->
      <step title="Acquired Deployment Lock" date="2025-11-27T22:38:34.392" /><!-- duration: 2ms -->
    </step><!-- duration: 103ms -->
  </step><!-- duration: 148ms -->
  <step title="Outgoing response" date="2025-11-27T22:38:34.454" type="response" statusCode="202" statusText="Accepted" /><!-- duration: 2ms -->
</step><!-- duration: 161ms -->
