<step title="BackgroundTrace" date="2025-11-27T18:47:23.413" instance="e17388" url="/api/zipdeploy" method="POST" >
  <step title="Creating temporary deployment - FetchDeploymentManager" date="2025-11-27T18:47:23.467" /><!-- duration: 1ms -->
  <step title="Creating temporary deployment" date="2025-11-27T18:47:23.470" /><!-- duration: 44ms -->
  <step title="Performing fetch based deployment" date="2025-11-27T18:47:23.532" >
    <step title="Cleaning up temp folders from previous zip deployments and extracting pushed zip file /tmp/zipdeploy/d6df2a21-3de0-4ce8-ba97-df844063adaa.zip (0.03 MB) to /tmp/zipdeploy/extracted" date="2025-11-27T18:47:24.657" >
      <step title="ChmodRecursive Process exited with total time taken in ms: 12" date="2025-11-27T18:47:24.695" /><!-- duration: 3ms -->
    </step><!-- duration: 44ms -->
    <step title="Deployment timer started" date="2025-11-27T18:47:26.705" >
      <step title="DeploymentManager.Deploy(id:7ab195fc-7b0a-442b-a240-8b5392521b94)" date="2025-11-27T18:47:26.712" >
        <step title="Collecting changeset information" date="2025-11-27T18:47:26.718" /><!-- duration: 68ms -->
        <step title="Updating submodules" date="2025-11-27T18:47:26.790" /><!-- duration: 1099ms -->
        <step title="Determining deployment builder" date="2025-11-27T18:47:28.053" >
          <step title="Builder is BasicBuilder" date="2025-11-27T18:47:28.058" /><!-- duration: 2ms -->
        </step><!-- duration: 9ms -->
        <step title="PreDeployment: context.CleanOutputPath False" date="2025-11-27T18:47:28.099" >
          <step title="PreDeployment: context.OutputPath /home/site/wwwroot" date="2025-11-27T18:47:28.198" >
            <step title="Building" date="2025-11-27T18:47:28.309" >
              <step title="Executing external process" date="2025-11-27T18:47:28.544" type="process" path="starter.sh" arguments="/opt/Kudu/Scripts/parallel_rsync.sh /tmp/zipdeploy/extracted /home/site/wwwroot 8 /tmp/ False True  " /><!-- duration: 1389ms -->
              <step title="Triggering recycle (preview mode disabled)." date="2025-11-27T18:47:30.717" /><!-- duration: 6ms -->
              <step title="Modified file to trigger a restart of the app container." date="2025-11-27T18:47:30.745" /><!-- duration: 2ms -->
              <step title="Skip function trigger and logicapp sync because function is not enabled." date="2025-11-27T18:47:30.750" /><!-- duration: 6ms -->
              <step title="Purge deployment items" date="2025-11-27T18:47:31.756" >
                <step title="Remove f94b7521-, Success, received at 11/27/2025 09:43:53" date="2025-11-27T18:47:31.803" /><!-- duration: 2ms -->
              </step><!-- duration: 51ms -->
            </step><!-- duration: 3582ms -->
          </step><!-- duration: 3695ms -->
          <step title="Cleaning up temp files" date="2025-11-27T18:47:31.894" /><!-- duration: 2ms -->
          <step title="Cleaning up temp files" date="2025-11-27T18:47:31.902" /><!-- duration: 503ms -->
          <step title="Reloading status file with latest updates" date="2025-11-27T18:47:32.442" >
            <step title="WebHooksManager.PublishEventAsync: PostDeployment" date="2025-11-27T18:47:32.444" /><!-- duration: 40ms -->
          </step><!-- duration: 72ms -->
          <step title="Cleaning up temporary deployment - fetch deployment was successful" date="2025-11-27T18:47:32.517" /><!-- duration: 2ms -->
        </step><!-- duration: 4477ms -->
      </step><!-- duration: 5871ms -->
