<step title="Incoming Request" date="2025-11-27T08:05:26.566" instance="e17388" url="/api/zipdeploy?isAsync=true&amp;deployer=GITHUB_ZIP_DEPLOY&amp;message=%7B%22type%22%3A%22deployment%22%2C%22sha%22%3A%227cf4f1335ce1bcdb6aaa7d962561ad29be0bb753%22%2C%22repoName%22%3A%22L96Expanded%2FD-D-Initiative%22%2C%22actor%22%3A%22L96Expanded%22%2C%22slotName%22%3A%22production%22%2C%22commitMessage%22%3A%22Fix%20startup%3A%20Add%20startup.sh%20script%20and%20update%20startup%20command%22%7D" method="POST" type="request" pid="768,1,16" Host="dnd-initiative-prod.scm.azurewebsites.net" User-Agent="GITHUBACTIONS_DeployWebAppToAzure_d8ba7f0e74ab0e5d77dc87dc029177abee8253c2c7da9cd65d79dc2913806d42" Authorization="Bea..." Content-Type="application/octet-stream" Cookie="ARRAffinity=e173888f2e6cd428dbbbd21dde5a1f029e33073760f641fbae8fdb677285960a;Path=/;HttpOnly;Secure;Domain=dnd-initiative-prod.scm.azurewebsites.net; ARRAffinitySameSite=e173888f2e6cd428dbbbd21dde5a1f029e33073760f641fbae8fdb677285960a;Path=/;HttpOnly;SameSite=None;Secure;Domain=dnd-initiative-prod.scm.azurewebsites.net" Transfer-Encoding="chunked" X-ARR-LOG-ID="129d0a7f-33ba-4311-bc29-a1460c0e0a43" CLIENT-IP="40.76.117.240:35840" X-SITE-DEPLOYMENT-ID="dnd-initiative-prod" WAS-DEFAULT-HOSTNAME="dnd-initiative-prod.scm.azurewebsites.net" X-Forwarded-Proto="https" X-AppService-Proto="https" X-Forwarded-TlsVersion="1.3" X-WAWS-Unencoded-URL="/api/zipdeploy?isAsync=true&amp;deployer=GITHUB_ZIP_DEPLOY&amp;message=%7B%22type%22%3A%22deployment%22%2C%22sha%22%3A%227cf4f1335ce1bcdb6aaa7d962561ad29be0bb753%22%2C%22repoName%22%3A%22L96Expanded%2FD-D-Initiative%22%2C%22actor%22%3A%22L96Expanded%22%2C%22slotName%22%3A%22production%22%2C%22commitMessage%22%3A%22Fix%20startup%3A%20Add%20startup.sh%20script%20and%20update%20startup%20command%22%7D" X-Client-IP="40.76.117.240" X-Client-Port="35840" >
  <step title="ZipPushDeploy" date="2025-11-27T08:05:26.582" >
    <step title="ZipDeploy. Extract zip. Remote build." date="2025-11-27T08:05:26.585" /><!-- duration: 2ms -->
    <step title="None repository commit" date="2025-11-27T08:05:26.594" >
      <step title="Commit id: 708273a5-a086-4f8b-a239-5702dfd3632a" date="2025-11-27T08:05:26.597" Message="N/A" AuthorName="N/A" AuthorEmail="N/A" /><!-- duration: 2ms -->
    </step><!-- duration: 5ms -->
    <step title="Starting PushDeployAsync" date="2025-11-27T08:05:26.601" /><!-- duration: 2ms -->
    <step title="Writing artifact to /tmp/zipdeploy/8d00a8c8-71d2-4ca9-b0ac-7046fc7e0286.zip" date="2025-11-27T08:05:26.613" >
      <step title="Writing multipart request body to /tmp/zipdeploy/8d00a8c8-71d2-4ca9-b0ac-7046fc7e0286.zip" date="2025-11-27T08:05:26.616" /><!-- duration: 2ms -->
    </step><!-- duration: 29ms -->
    <step title="Start deployment in the background" date="2025-11-27T08:05:26.650" >
      <step title="Acquiring Deployment Lock" date="2025-11-27T08:05:26.661" /><!-- duration: 2ms -->
      <step title="Acquired Deployment Lock" date="2025-11-27T08:05:26.701" /><!-- duration: 3ms -->
    </step><!-- duration: 177ms -->
  </step><!-- duration: 249ms -->
  <step title="Outgoing response" date="2025-11-27T08:05:26.835" type="response" statusCode="202" statusText="Accepted" /><!-- duration: 2ms -->
</step><!-- duration: 272ms -->
