<step title="BackgroundTrace" date="2025-11-27T22:17:29.739" instance="e17388" url="/api/zipdeploy" method="POST" >
  <step title="Creating temporary deployment - FetchDeploymentManager" date="2025-11-27T22:17:29.800" /><!-- duration: 1ms -->
  <step title="Creating temporary deployment" date="2025-11-27T22:17:29.804" /><!-- duration: 34ms -->
  <step title="Performing fetch based deployment" date="2025-11-27T22:17:29.860" >
    <step title="Cleaning up temp folders from previous zip deployments and extracting pushed zip file /tmp/zipdeploy/e2858172-f860-4e05-99ae-d3bcddfb2e7c.zip (0.03 MB) to /tmp/zipdeploy/extracted" date="2025-11-27T22:17:30.988" >
      <step title="ChmodRecursive Process exited with total time taken in ms: 20" date="2025-11-27T22:17:31.042" /><!-- duration: 6ms -->
    </step><!-- duration: 69ms -->
    <step title="Deployment timer started" date="2025-11-27T22:17:33.063" >
      <step title="DeploymentManager.Deploy(id:0004bf6d-3d5d-4e42-a026-a648358e6ed2)" date="2025-11-27T22:17:33.071" >
        <step title="Collecting changeset information" date="2025-11-27T22:17:33.079" /><!-- duration: 127ms -->
        <step title="Updating submodules" date="2025-11-27T22:17:33.209" /><!-- duration: 1135ms -->
        <step title="Determining deployment builder" date="2025-11-27T22:17:34.524" >
          <step title="Builder is BasicBuilder" date="2025-11-27T22:17:34.532" /><!-- duration: 2ms -->
        </step><!-- duration: 12ms -->
        <step title="PreDeployment: context.CleanOutputPath False" date="2025-11-27T22:17:34.594" >
          <step title="PreDeployment: context.OutputPath /home/site/wwwroot" date="2025-11-27T22:17:34.695" >
            <step title="Building" date="2025-11-27T22:17:34.820" >
              <step title="Executing external process" date="2025-11-27T22:17:35.037" type="process" path="starter.sh" arguments="/opt/Kudu/Scripts/parallel_rsync.sh /tmp/zipdeploy/extracted /home/site/wwwroot 8 /tmp/ False True  " /><!-- duration: 1830ms -->
              <step title="Triggering recycle (preview mode disabled)." date="2025-11-27T22:17:37.082" /><!-- duration: 4ms -->
              <step title="Modified file to trigger a restart of the app container." date="2025-11-27T22:17:37.104" /><!-- duration: 2ms -->
              <step title="Skip function trigger and logicapp sync because function is not enabled." date="2025-11-27T22:17:37.112" /><!-- duration: 2ms -->
              <step title="Purge deployment items" date="2025-11-27T22:17:38.119" >
                <step title="Remove 0f81f9a9-, Success, received at 11/27/2025 19:03:26" date="2025-11-27T22:17:38.182" /><!-- duration: 3ms -->
              </step><!-- duration: 68ms -->
            </step><!-- duration: 3450ms -->
          </step><!-- duration: 3579ms -->
          <step title="Cleaning up temp files" date="2025-11-27T22:17:38.283" /><!-- duration: 8ms -->
          <step title="Cleaning up temp files" date="2025-11-27T22:17:38.296" /><!-- duration: 504ms -->
          <step title="Reloading status file with latest updates" date="2025-11-27T22:17:38.837" >
            <step title="WebHooksManager.PublishEventAsync: PostDeployment" date="2025-11-27T22:17:38.844" /><!-- duration: 65ms -->
          </step><!-- duration: 76ms -->
          <step title="Cleaning up temporary deployment - fetch deployment was successful" date="2025-11-27T22:17:38.916" /><!-- duration: 2ms -->
        </step><!-- duration: 4405ms -->
      </step><!-- duration: 5945ms -->
