<step title="Incoming Request" date="2025-11-27T22:18:03.062" instance="e17388" url="/api/deployments/latest?deployer=GITHUB_ZIP_DEPLOY&amp;time=2025-11-27_22-17-55Z" method="GET" type="request" pid="768,1,18" Host="dnd-initiative-prod.scm.azurewebsites.net" User-Agent="GITHUBACTIONS_DeployWebAppToAzure_d8ba7f0e74ab0e5d77dc87dc029177abee8253c2c7da9cd65d79dc2913806d42" Authorization="Bea..." Content-Type="application/json; charset=utf-8" Cookie="ARRAffinity=e173888f2e6cd428dbbbd21dde5a1f029e33073760f641fbae8fdb677285960a;Path=/;HttpOnly;Secure;Domain=dnd-initiative-prod.scm.azurewebsites.net; ARRAffinitySameSite=e173888f2e6cd428dbbbd21dde5a1f029e33073760f641fbae8fdb677285960a;Path=/;HttpOnly;SameSite=None;Secure;Domain=dnd-initiative-prod.scm.azurewebsites.net" Content-Length="0" X-ARR-LOG-ID="7e458fc6-3221-4188-b626-e426284f9ca2" CLIENT-IP="52.173.162.42:21569" X-SITE-DEPLOYMENT-ID="dnd-initiative-prod" WAS-DEFAULT-HOSTNAME="dnd-initiative-prod.scm.azurewebsites.net" X-Forwarded-Proto="https" X-AppService-Proto="https" X-Forwarded-TlsVersion="1.3" X-WAWS-Unencoded-URL="/api/deployments/latest?deployer=GITHUB_ZIP_DEPLOY&amp;time=2025-11-27_22-17-55Z" X-Client-IP="52.173.162.42" X-Client-Port="21569" >
  <step title="Cleanup Xml Logs" date="2025-11-27T22:18:03.081" >
    <step title="Cleanup Infos" date="2025-11-27T22:18:03.116" totalFiles="335" totalCleanup="175" /><!-- duration: 16ms -->
  </step><!-- duration: 56ms -->
  <step title="DeploymentService.GetResult" date="2025-11-27T22:18:03.150" >
    <step title="DeploymentService.GetLatestDeployment" date="2025-11-27T22:18:03.159" >
      <step title="DeploymentManager.GetResults" date="2025-11-27T22:18:03.163" /><!-- duration: 717ms -->
    </step><!-- duration: 736ms -->
  </step><!-- duration: 747ms -->
  <step title="Outgoing response" date="2025-11-27T22:18:03.902" type="response" statusCode="202" statusText="Accepted" /><!-- duration: 5ms -->
</step><!-- duration: 852ms -->
