<step title="Incoming Request" date="2025-11-27T22:42:48.068" instance="e17388" url="/api/deployments/latest?deployer=GITHUB_ZIP_DEPLOY&amp;time=2025-11-27_22-42-41Z" method="GET" type="request" pid="768,1,17" Host="dnd-initiative-prod.scm.azurewebsites.net" User-Agent="GITHUBACTIONS_DeployWebAppToAzure_d8ba7f0e74ab0e5d77dc87dc029177abee8253c2c7da9cd65d79dc2913806d42" Authorization="Bea..." Content-Type="application/json; charset=utf-8" Cookie="ARRAffinity=e173888f2e6cd428dbbbd21dde5a1f029e33073760f641fbae8fdb677285960a;Path=/;HttpOnly;Secure;Domain=dnd-initiative-prod.scm.azurewebsites.net; ARRAffinitySameSite=e173888f2e6cd428dbbbd21dde5a1f029e33073760f641fbae8fdb677285960a;Path=/;HttpOnly;SameSite=None;Secure;Domain=dnd-initiative-prod.scm.azurewebsites.net" Content-Length="0" X-ARR-LOG-ID="108049fd-ca2d-40c2-880f-4236d914a4ee" CLIENT-IP="135.232.177.203:45097" X-SITE-DEPLOYMENT-ID="dnd-initiative-prod" WAS-DEFAULT-HOSTNAME="dnd-initiative-prod.scm.azurewebsites.net" X-Forwarded-Proto="https" X-AppService-Proto="https" X-Forwarded-TlsVersion="1.3" X-WAWS-Unencoded-URL="/api/deployments/latest?deployer=GITHUB_ZIP_DEPLOY&amp;time=2025-11-27_22-42-41Z" X-Client-IP="135.232.177.203" X-Client-Port="45097" >
  <step title="Cleanup Xml Logs" date="2025-11-27T22:42:48.070" >
    <step title="Cleanup Infos" date="2025-11-27T22:42:48.078" totalFiles="374" totalCleanup="214" /><!-- duration: 4ms -->
  </step><!-- duration: 15ms -->
  <step title="DeploymentService.GetResult" date="2025-11-27T22:42:48.096" >
    <step title="DeploymentService.GetLatestDeployment" date="2025-11-27T22:42:48.099" >
      <step title="DeploymentManager.GetResults" date="2025-11-27T22:42:48.101" /><!-- duration: 621ms -->
    </step><!-- duration: 626ms -->
  </step><!-- duration: 630ms -->
  <step title="Outgoing response" date="2025-11-27T22:42:48.728" type="response" statusCode="202" statusText="Accepted" /><!-- duration: 1ms -->
</step><!-- duration: 664ms -->
