<step title="BackgroundTrace" date="2025-11-27T19:08:02.900" instance="e17388" url="/api/zipdeploy" method="POST" >
  <step title="Creating temporary deployment - FetchDeploymentManager" date="2025-11-27T19:08:02.960" /><!-- duration: 2ms -->
  <step title="Creating temporary deployment" date="2025-11-27T19:08:02.966" /><!-- duration: 44ms -->
  <step title="Performing fetch based deployment" date="2025-11-27T19:08:03.031" >
    <step title="Cleaning up temp folders from previous zip deployments and extracting pushed zip file /tmp/zipdeploy/4e0b1667-6b6a-4226-b77c-5b31cf6e47d7.zip (0.03 MB) to /tmp/zipdeploy/extracted" date="2025-11-27T19:08:04.167" >
      <step title="ChmodRecursive Process exited with total time taken in ms: 12" date="2025-11-27T19:08:04.209" /><!-- duration: 3ms -->
    </step><!-- duration: 49ms -->
    <step title="Deployment timer started" date="2025-11-27T19:08:06.221" >
      <step title="DeploymentManager.Deploy(id:260fbfb7-7ae2-4b68-aac3-eaa9b17684cb)" date="2025-11-27T19:08:06.226" >
        <step title="Collecting changeset information" date="2025-11-27T19:08:06.237" /><!-- duration: 79ms -->
        <step title="Updating submodules" date="2025-11-27T19:08:06.319" /><!-- duration: 1103ms -->
        <step title="Determining deployment builder" date="2025-11-27T19:08:07.606" >
          <step title="Builder is BasicBuilder" date="2025-11-27T19:08:07.614" /><!-- duration: 2ms -->
        </step><!-- duration: 12ms -->
        <step title="PreDeployment: context.CleanOutputPath False" date="2025-11-27T19:08:07.660" >
          <step title="PreDeployment: context.OutputPath /home/site/wwwroot" date="2025-11-27T19:08:07.762" >
            <step title="Building" date="2025-11-27T19:08:07.882" >
              <step title="Executing external process" date="2025-11-27T19:08:08.147" type="process" path="starter.sh" arguments="/opt/Kudu/Scripts/parallel_rsync.sh /tmp/zipdeploy/extracted /home/site/wwwroot 8 /tmp/ False True  " /><!-- duration: 1403ms -->
              <step title="Triggering recycle (preview mode disabled)." date="2025-11-27T19:08:09.769" /><!-- duration: 2ms -->
              <step title="Modified file to trigger a restart of the app container." date="2025-11-27T19:08:09.785" /><!-- duration: 2ms -->
              <step title="Skip function trigger and logicapp sync because function is not enabled." date="2025-11-27T19:08:09.790" /><!-- duration: 2ms -->
              <step title="Purge deployment items" date="2025-11-27T19:08:11.287" >
                <step title="Remove a5c0ddf6-, Success, received at 11/27/2025 10:02:29" date="2025-11-27T19:08:11.329" /><!-- duration: 2ms -->
              </step><!-- duration: 46ms -->
            </step><!-- duration: 3523ms -->
          </step><!-- duration: 3645ms -->
          <step title="Cleaning up temp files" date="2025-11-27T19:08:11.409" /><!-- duration: 2ms -->
          <step title="Cleaning up temp files" date="2025-11-27T19:08:11.416" /><!-- duration: 503ms -->
          <step title="Reloading status file with latest updates" date="2025-11-27T19:08:11.936" >
            <step title="WebHooksManager.PublishEventAsync: PostDeployment" date="2025-11-27T19:08:11.939" /><!-- duration: 28ms -->
          </step><!-- duration: 32ms -->
          <step title="Cleaning up temporary deployment - fetch deployment was successful" date="2025-11-27T19:08:11.976" /><!-- duration: 1ms -->
        </step><!-- duration: 4388ms -->
      </step><!-- duration: 5831ms -->
