<step title="Incoming Request" date="2025-11-27T22:17:35.767" instance="e17388" url="/api/deployments/latest?deployer=GITHUB_ZIP_DEPLOY&amp;time=2025-11-27_22-17-29Z" method="GET" type="request" pid="768,1,20" Host="dnd-initiative-prod.scm.azurewebsites.net" User-Agent="GITHUBACTIONS_DeployWebAppToAzure_d8ba7f0e74ab0e5d77dc87dc029177abee8253c2c7da9cd65d79dc2913806d42" Authorization="Bea..." Content-Type="application/json; charset=utf-8" Cookie="ARRAffinity=e173888f2e6cd428dbbbd21dde5a1f029e33073760f641fbae8fdb677285960a;Path=/;HttpOnly;Secure;Domain=dnd-initiative-prod.scm.azurewebsites.net; ARRAffinitySameSite=e173888f2e6cd428dbbbd21dde5a1f029e33073760f641fbae8fdb677285960a;Path=/;HttpOnly;SameSite=None;Secure;Domain=dnd-initiative-prod.scm.azurewebsites.net" Content-Length="0" X-ARR-LOG-ID="515c029b-e60a-451c-97a4-6d24072f4110" CLIENT-IP="172.184.175.148:25633" X-SITE-DEPLOYMENT-ID="dnd-initiative-prod" WAS-DEFAULT-HOSTNAME="dnd-initiative-prod.scm.azurewebsites.net" X-Forwarded-Proto="https" X-AppService-Proto="https" X-Forwarded-TlsVersion="1.3" X-WAWS-Unencoded-URL="/api/deployments/latest?deployer=GITHUB_ZIP_DEPLOY&amp;time=2025-11-27_22-17-29Z" X-Client-IP="172.184.175.148" X-Client-Port="25633" >
  <step title="Cleanup Xml Logs" date="2025-11-27T22:17:35.769" >
    <step title="Cleanup Infos" date="2025-11-27T22:17:35.786" totalFiles="329" totalCleanup="169" /><!-- duration: 10ms -->
  </step><!-- duration: 34ms -->
  <step title="DeploymentService.GetResult" date="2025-11-27T22:17:35.813" >
    <step title="DeploymentService.GetLatestDeployment" date="2025-11-27T22:17:35.817" >
      <step title="DeploymentManager.GetResults" date="2025-11-27T22:17:35.820" /><!-- duration: 626ms -->
    </step><!-- duration: 633ms -->
  </step><!-- duration: 642ms -->
  <step title="Outgoing response" date="2025-11-27T22:17:36.459" type="response" statusCode="202" statusText="Accepted" /><!-- duration: 5ms -->
</step><!-- duration: 698ms -->
