<step title="Incoming Request" date="2025-11-27T23:23:09.533" instance="e17388" url="/api/deployments/latest?deployer=GITHUB_ZIP_DEPLOY&amp;time=2025-11-27_23-23-03Z" method="GET" type="request" pid="768,1,20" Host="dnd-initiative-prod.scm.azurewebsites.net" User-Agent="GITHUBACTIONS_DeployWebAppToAzure_d8ba7f0e74ab0e5d77dc87dc029177abee8253c2c7da9cd65d79dc2913806d42" Authorization="Bea..." Content-Type="application/json; charset=utf-8" Cookie="ARRAffinity=e173888f2e6cd428dbbbd21dde5a1f029e33073760f641fbae8fdb677285960a;Path=/;HttpOnly;Secure;Domain=dnd-initiative-prod.scm.azurewebsites.net; ARRAffinitySameSite=e173888f2e6cd428dbbbd21dde5a1f029e33073760f641fbae8fdb677285960a;Path=/;HttpOnly;SameSite=None;Secure;Domain=dnd-initiative-prod.scm.azurewebsites.net" Content-Length="0" X-ARR-LOG-ID="a4ef3436-901d-4274-8ae3-1da1e405720c" CLIENT-IP="128.24.163.104:34873" X-SITE-DEPLOYMENT-ID="dnd-initiative-prod" WAS-DEFAULT-HOSTNAME="dnd-initiative-prod.scm.azurewebsites.net" X-Forwarded-Proto="https" X-AppService-Proto="https" X-Forwarded-TlsVersion="1.3" X-WAWS-Unencoded-URL="/api/deployments/latest?deployer=GITHUB_ZIP_DEPLOY&amp;time=2025-11-27_23-23-03Z" X-Client-IP="128.24.163.104" X-Client-Port="34873" >
  <step title="Cleanup Xml Logs" date="2025-11-27T23:23:09.535" >
    <step title="Cleanup Infos" date="2025-11-27T23:23:09.547" totalFiles="422" totalCleanup="262" /><!-- duration: 4ms -->
  </step><!-- duration: 20ms -->
  <step title="DeploymentService.GetResult" date="2025-11-27T23:23:09.563" >
    <step title="DeploymentService.GetLatestDeployment" date="2025-11-27T23:23:09.568" >
      <step title="DeploymentManager.GetResults" date="2025-11-27T23:23:09.573" /><!-- duration: 700ms -->
    </step><!-- duration: 710ms -->
  </step><!-- duration: 718ms -->
  <step title="Outgoing response" date="2025-11-27T23:23:10.285" type="response" statusCode="202" statusText="Accepted" /><!-- duration: 2ms -->
</step><!-- duration: 755ms -->
