<step title="Incoming Request" date="2025-11-30T11:47:31.768" instance="e17388" url="/api/zipdeploy?isAsync=true&amp;deployer=GITHUB_ZIP_DEPLOY&amp;message=%7B%22type%22%3A%22deployment%22%2C%22sha%22%3A%2249be76e34d917167ede30183a09bcbdfd05c90da%22%2C%22repoName%22%3A%22L96Expanded%2FD-D-Initiative%22%2C%22actor%22%3A%22L96Expanded%22%2C%22slotName%22%3A%22production%22%2C%22commitMessage%22%3A%22Refactor%20authentication%20tests%20and%20add%20new%20test%20cases%20for%20user%20and%20encounter%20operations%5Cn%5Cn-%20Updated%20password%20hashing%20method%20in%20tests%20to%20use%20%60hash_password%60%20instead%20of%20%60get_password_hash%60.%5Cn-%20Changed%20JWT%20token%20creation%20tests%20to%20verify%20default%20expiration%20and%20updated%20secret%20key%20usage.%5Cn-%20Added%20new%20tests%20for%20configuration%20loading%20from%20environment%20variables.%5Cn-%20Introduced%20tests%20for%20database%20functionality%2C%20including%20session%20creation%20and%20table%20existence.%5Cn-%20Expanded%20encounter%20operations%20tests%20to%20cover%20CRUD%20operations%20and%20validation.%5Cn-%20Created%20tests%20for%20user-related%20endpoints%2C%20including%20profile%20retrieval%20and%20account%20deletion.%5Cn-%20Added%20utility%20function%20tests%20for%20configuration%20and%20authentication%20error%20handling.%5Cn-%20Updated%20Docker%20Compose%20file%20to%20support%20environment%20variable%20configuration%20for%20database%20and%20JWT%20settings.%5Cn-%20Created%20example%20environment%20file%20for%20frontend%20configuration.%22%7D" method="POST" type="request" pid="768,1,68" Host="dnd-initiative-prod.scm.azurewebsites.net" User-Agent="GITHUBACTIONS_DeployWebAppToAzure_d8ba7f0e74ab0e5d77dc87dc029177abee8253c2c7da9cd65d79dc2913806d42" Authorization="Bea..." Content-Type="application/octet-stream" Cookie="ARRAffinity=e173888f2e6cd428dbbbd21dde5a1f029e33073760f641fbae8fdb677285960a;Path=/;HttpOnly;Secure;Domain=dnd-initiative-prod.scm.azurewebsites.net; ARRAffinitySameSite=e173888f2e6cd428dbbbd21dde5a1f029e33073760f641fbae8fdb677285960a;Path=/;HttpOnly;SameSite=None;Secure;Domain=dnd-initiative-prod.scm.azurewebsites.net" Transfer-Encoding="chunked" X-ARR-LOG-ID="383fbc25-4983-4016-afa3-dd0eebcc5e2b" CLIENT-IP="132.196.82.131:36864" X-SITE-DEPLOYMENT-ID="dnd-initiative-prod" WAS-DEFAULT-HOSTNAME="dnd-initiative-prod.scm.azurewebsites.net" X-Forwarded-Proto="https" X-AppService-Proto="https" X-Forwarded-TlsVersion="1.3" X-WAWS-Unencoded-URL="/api/zipdeploy?isAsync=true&amp;deployer=GITHUB_ZIP_DEPLOY&amp;message=%7B%22type%22%3A%22deployment%22%2C%22sha%22%3A%2249be76e34d917167ede30183a09bcbdfd05c90da%22%2C%22repoName%22%3A%22L96Expanded%2FD-D-Initiative%22%2C%22actor%22%3A%22L96Expanded%22%2C%22slotName%22%3A%22production%22%2C%22commitMessage%22%3A%22Refactor%20authentication%20tests%20and%20add%20new%20test%20cases%20for%20user%20and%20encounter%20operations%5Cn%5Cn-%20Updated%20password%20hashing%20method%20in%20tests%20to%20use%20%60hash_password%60%20instead%20of%20%60get_password_hash%60.%5Cn-%20Changed%20JWT%20token%20creation%20tests%20to%20verify%20default%20expiration%20and%20updated%20secret%20key%20usage.%5Cn-%20Added%20new%20tests%20for%20configuration%20loading%20from%20environment%20variables.%5Cn-%20Introduced%20tests%20for%20database%20functionality%2C%20including%20session%20creation%20and%20table%20existence.%5Cn-%20Expanded%20encounter%20operations%20tests%20to%20cover%20CRUD%20operations%20and%20validation.%5Cn-%20Created%20tests%20for%20user-related%20endpoints%2C%20including%20profile%20retrieval%20and%20account%20deletion.%5Cn-%20Added%20utility%20function%20tests%20for%20configuration%20and%20authentication%20error%20handling.%5Cn-%20Updated%20Docker%20Compose%20file%20to%20support%20environment%20variable%20configuration%20for%20database%20and%20JWT%20settings.%5Cn-%20Created%20example%20environment%20file%20for%20frontend%20configuration.%22%7D" X-Client-IP="132.196.82.131" X-Client-Port="36864" >
  <step title="ZipPushDeploy" date="2025-11-30T11:47:31.785" >
    <step title="ZipDeploy. Extract zip." date="2025-11-30T11:47:31.788" /><!-- duration: 2ms -->
    <step title="None repository commit" date="2025-11-30T11:47:31.794" >
      <step title="Commit id: 3606966c-d7ef-4f40-b915-2b6fd4722c11" date="2025-11-30T11:47:31.801" Message="N/A" AuthorName="N/A" AuthorEmail="N/A" /><!-- duration: 2ms -->
    </step><!-- duration: 10ms -->
    <step title="Starting PushDeployAsync" date="2025-11-30T11:47:31.806" /><!-- duration: 2ms -->
    <step title="Writing artifact to /tmp/zipdeploy/e758e1a5-ce4d-4ed5-8daf-e7eeb8a9e687.zip" date="2025-11-30T11:47:31.815" >
      <step title="Writing multipart request body to /tmp/zipdeploy/e758e1a5-ce4d-4ed5-8daf-e7eeb8a9e687.zip" date="2025-11-30T11:47:31.817" /><!-- duration: 5ms -->
    </step><!-- duration: 19ms -->
    <step title="Start deployment in the background" date="2025-11-30T11:47:31.840" >
      <step title="Acquiring Deployment Lock" date="2025-11-30T11:47:31.875" /><!-- duration: 2ms -->
      <step title="Acquired Deployment Lock" date="2025-11-30T11:47:31.916" /><!-- duration: 1ms -->
    </step><!-- duration: 131ms -->
  </step><!-- duration: 190ms -->
  <step title="Outgoing response" date="2025-11-30T11:47:32.053" type="response" statusCode="202" statusText="Accepted" /><!-- duration: 2ms -->
</step><!-- duration: 288ms -->
