<step title="Incoming Request" date="2025-11-30T12:02:52.823" instance="e17388" url="/api/deployments/latest?deployer=GITHUB_ZIP_DEPLOY&amp;time=2025-11-30_12-02-46Z" method="GET" type="request" pid="767,1,22" Host="dnd-initiative-prod.scm.azurewebsites.net" User-Agent="GITHUBACTIONS_DeployWebAppToAzure_d8ba7f0e74ab0e5d77dc87dc029177abee8253c2c7da9cd65d79dc2913806d42" Authorization="Bea..." Content-Type="application/json; charset=utf-8" Cookie="ARRAffinity=e173888f2e6cd428dbbbd21dde5a1f029e33073760f641fbae8fdb677285960a;Path=/;HttpOnly;Secure;Domain=dnd-initiative-prod.scm.azurewebsites.net; ARRAffinitySameSite=e173888f2e6cd428dbbbd21dde5a1f029e33073760f641fbae8fdb677285960a;Path=/;HttpOnly;SameSite=None;Secure;Domain=dnd-initiative-prod.scm.azurewebsites.net" Content-Length="0" X-ARR-LOG-ID="f47e96cf-87b2-40e6-b2ac-ea80a4cabd70" CLIENT-IP="172.178.119.17:55233" X-SITE-DEPLOYMENT-ID="dnd-initiative-prod" WAS-DEFAULT-HOSTNAME="dnd-initiative-prod.scm.azurewebsites.net" X-Forwarded-Proto="https" X-AppService-Proto="https" X-Forwarded-TlsVersion="1.3" X-WAWS-Unencoded-URL="/api/deployments/latest?deployer=GITHUB_ZIP_DEPLOY&amp;time=2025-11-30_12-02-46Z" X-Client-IP="172.178.119.17" X-Client-Port="55233" >
  <step title="Cleanup Xml Logs" date="2025-11-30T12:02:52.828" >
    <step title="Cleanup Infos" date="2025-11-30T12:02:52.843" totalFiles="450" totalCleanup="290" /><!-- duration: 9ms -->
  </step><!-- duration: 27ms -->
  <step title="DeploymentService.GetResult" date="2025-11-30T12:02:52.863" >
    <step title="DeploymentService.GetLatestDeployment" date="2025-11-30T12:02:52.866" >
      <step title="DeploymentManager.GetResults" date="2025-11-30T12:02:52.869" /><!-- duration: 652ms -->
    </step><!-- duration: 657ms -->
  </step><!-- duration: 661ms -->
  <step title="Outgoing response" date="2025-11-30T12:02:53.526" type="response" statusCode="202" statusText="Accepted" /><!-- duration: 2ms -->
</step><!-- duration: 706ms -->
