<step title="Incoming Request" date="2025-11-27T13:04:21.626" instance="e17388" url="/api/zipdeploy?isAsync=true&amp;deployer=GITHUB_ZIP_DEPLOY&amp;message=%7B%22type%22%3A%22deployment%22%2C%22sha%22%3A%22aa33719d732df4a24c801c9497cab1c53c21fcc1%22%2C%22repoName%22%3A%22L96Expanded%2FD-D-Initiative%22%2C%22actor%22%3A%22L96Expanded%22%2C%22slotName%22%3A%22production%22%2C%22commitMessage%22%3A%22Configure%20proper%20domain%20routing%22%7D" method="POST" type="request" pid="767,1,5" Host="dnd-initiative-prod.scm.azurewebsites.net" User-Agent="GITHUBACTIONS_DeployWebAppToAzure_d8ba7f0e74ab0e5d77dc87dc029177abee8253c2c7da9cd65d79dc2913806d42" Authorization="Bea..." Content-Type="application/octet-stream" Cookie="ARRAffinity=e173888f2e6cd428dbbbd21dde5a1f029e33073760f641fbae8fdb677285960a;Path=/;HttpOnly;Secure;Domain=dnd-initiative-prod.scm.azurewebsites.net; ARRAffinitySameSite=e173888f2e6cd428dbbbd21dde5a1f029e33073760f641fbae8fdb677285960a;Path=/;HttpOnly;SameSite=None;Secure;Domain=dnd-initiative-prod.scm.azurewebsites.net" Transfer-Encoding="chunked" X-ARR-LOG-ID="2379534d-1076-44a1-948a-3d591074bb57" CLIENT-IP="132.196.80.132:24616" X-SITE-DEPLOYMENT-ID="dnd-initiative-prod" WAS-DEFAULT-HOSTNAME="dnd-initiative-prod.scm.azurewebsites.net" X-Forwarded-Proto="https" X-AppService-Proto="https" X-Forwarded-TlsVersion="1.3" X-WAWS-Unencoded-URL="/api/zipdeploy?isAsync=true&amp;deployer=GITHUB_ZIP_DEPLOY&amp;message=%7B%22type%22%3A%22deployment%22%2C%22sha%22%3A%22aa33719d732df4a24c801c9497cab1c53c21fcc1%22%2C%22repoName%22%3A%22L96Expanded%2FD-D-Initiative%22%2C%22actor%22%3A%22L96Expanded%22%2C%22slotName%22%3A%22production%22%2C%22commitMessage%22%3A%22Configure%20proper%20domain%20routing%22%7D" X-Client-IP="132.196.80.132" X-Client-Port="24616" >
  <step title="ZipPushDeploy" date="2025-11-27T13:04:21.643" >
    <step title="ZipDeploy. Extract zip." date="2025-11-27T13:04:21.647" /><!-- duration: 2ms -->
    <step title="None repository commit" date="2025-11-27T13:04:21.652" >
      <step title="Commit id: bcfc0ad0-396a-4428-949b-8f72ca8962b8" date="2025-11-27T13:04:21.654" Message="N/A" AuthorName="N/A" AuthorEmail="N/A" /><!-- duration: 2ms -->
    </step><!-- duration: 11ms -->
    <step title="Starting PushDeployAsync" date="2025-11-27T13:04:21.664" /><!-- duration: 2ms -->
    <step title="Writing artifact to /tmp/zipdeploy/e5e06a51-30cf-42a5-a18f-7407acd78516.zip" date="2025-11-27T13:04:21.673" >
      <step title="Writing multipart request body to /tmp/zipdeploy/e5e06a51-30cf-42a5-a18f-7407acd78516.zip" date="2025-11-27T13:04:21.675" /><!-- duration: 4ms -->
    </step><!-- duration: 21ms -->
    <step title="Start deployment in the background" date="2025-11-27T13:04:21.700" >
      <step title="Acquiring Deployment Lock" date="2025-11-27T13:04:21.733" /><!-- duration: 2ms -->
      <step title="Acquired Deployment Lock" date="2025-11-27T13:04:21.785" /><!-- duration: 2ms -->
    </step><!-- duration: 153ms -->
  </step><!-- duration: 220ms -->
  <step title="Outgoing response" date="2025-11-27T13:04:21.868" type="response" statusCode="202" statusText="Accepted" /><!-- duration: 2ms -->
</step><!-- duration: 245ms -->
