<step title="BackgroundTrace" date="2025-11-30T10:45:20.823" instance="e17388" url="/api/zipdeploy" method="POST" >
  <step title="Creating temporary deployment - FetchDeploymentManager" date="2025-11-30T10:45:20.885" /><!-- duration: 1ms -->
  <step title="Creating temporary deployment" date="2025-11-30T10:45:20.889" /><!-- duration: 36ms -->
  <step title="Performing fetch based deployment" date="2025-11-30T10:45:20.947" >
    <step title="Cleaning up temp folders from previous zip deployments and extracting pushed zip file /tmp/zipdeploy/58fceb88-af3b-4e3a-82d1-694842791ca7.zip (0.03 MB) to /tmp/zipdeploy/extracted" date="2025-11-30T10:45:22.099" >
      <step title="ChmodRecursive Process exited with total time taken in ms: 13" date="2025-11-30T10:45:22.139" /><!-- duration: 2ms -->
    </step><!-- duration: 44ms -->
    <step title="Deployment timer started" date="2025-11-30T10:45:24.150" >
      <step title="DeploymentManager.Deploy(id:43ee2039-731e-4c18-a19b-7217436539b7)" date="2025-11-30T10:45:24.154" >
        <step title="Collecting changeset information" date="2025-11-30T10:45:24.169" /><!-- duration: 67ms -->
        <step title="Updating submodules" date="2025-11-30T10:45:24.243" /><!-- duration: 1127ms -->
        <step title="Determining deployment builder" date="2025-11-30T10:45:25.550" >
          <step title="Builder is BasicBuilder" date="2025-11-30T10:45:25.555" /><!-- duration: 2ms -->
        </step><!-- duration: 9ms -->
        <step title="PreDeployment: context.CleanOutputPath False" date="2025-11-30T10:45:25.604" >
          <step title="PreDeployment: context.OutputPath /home/site/wwwroot" date="2025-11-30T10:45:25.716" >
            <step title="Building" date="2025-11-30T10:45:25.840" >
              <step title="Executing external process" date="2025-11-30T10:45:26.077" type="process" path="starter.sh" arguments="/opt/Kudu/Scripts/parallel_rsync.sh /tmp/zipdeploy/extracted /home/site/wwwroot 8 /tmp/ False True  " /><!-- duration: 1603ms -->
              <step title="Triggering recycle (preview mode disabled)." date="2025-11-30T10:45:28.162" /><!-- duration: 6ms -->
              <step title="Modified file to trigger a restart of the app container." date="2025-11-30T10:45:28.197" /><!-- duration: 1ms -->
              <step title="Skip function trigger and logicapp sync because function is not enabled." date="2025-11-30T10:45:28.201" /><!-- duration: 2ms -->
              <step title="Purge deployment items" date="2025-11-30T10:45:29.162" >
                <step title="Remove bc7a2ffa-, Success, received at 11/27/2025 22:38:12" date="2025-11-30T10:45:29.232" /><!-- duration: 3ms -->
              </step><!-- duration: 75ms -->
            </step><!-- duration: 3461ms -->
          </step><!-- duration: 3587ms -->
          <step title="Cleaning up temp files" date="2025-11-30T10:45:29.305" /><!-- duration: 2ms -->
          <step title="Cleaning up temp files" date="2025-11-30T10:45:29.309" /><!-- duration: 502ms -->
          <step title="Reloading status file with latest updates" date="2025-11-30T10:45:29.847" >
            <step title="WebHooksManager.PublishEventAsync: PostDeployment" date="2025-11-30T10:45:29.849" /><!-- duration: 43ms -->
          </step><!-- duration: 48ms -->
          <step title="Cleaning up temporary deployment - fetch deployment was successful" date="2025-11-30T10:45:29.897" /><!-- duration: 1ms -->
        </step><!-- duration: 4346ms -->
      </step><!-- duration: 5805ms -->
