<step title="Incoming Request" date="2025-11-27T19:25:51.303" instance="e17388" url="/api/deployments/latest?deployer=GITHUB_ZIP_DEPLOY&amp;time=2025-11-27_19-25-45Z" method="GET" type="request" pid="769,1,17" Host="dnd-initiative-prod.scm.azurewebsites.net" User-Agent="GITHUBACTIONS_DeployWebAppToAzure_d8ba7f0e74ab0e5d77dc87dc029177abee8253c2c7da9cd65d79dc2913806d42" Authorization="Bea..." Content-Type="application/json; charset=utf-8" Cookie="ARRAffinity=e173888f2e6cd428dbbbd21dde5a1f029e33073760f641fbae8fdb677285960a;Path=/;HttpOnly;Secure;Domain=dnd-initiative-prod.scm.azurewebsites.net; ARRAffinitySameSite=e173888f2e6cd428dbbbd21dde5a1f029e33073760f641fbae8fdb677285960a;Path=/;HttpOnly;SameSite=None;Secure;Domain=dnd-initiative-prod.scm.azurewebsites.net" Content-Length="0" X-ARR-LOG-ID="ebf3b08e-571d-4054-a571-c96ea7db237c" CLIENT-IP="74.235.151.1:57353" X-SITE-DEPLOYMENT-ID="dnd-initiative-prod" WAS-DEFAULT-HOSTNAME="dnd-initiative-prod.scm.azurewebsites.net" X-Forwarded-Proto="https" X-AppService-Proto="https" X-Forwarded-TlsVersion="1.3" X-WAWS-Unencoded-URL="/api/deployments/latest?deployer=GITHUB_ZIP_DEPLOY&amp;time=2025-11-27_19-25-45Z" X-Client-IP="74.235.151.1" X-Client-Port="57353" >
  <step title="Cleanup Xml Logs" date="2025-11-27T19:25:51.305" >
    <step title="Cleanup Infos" date="2025-11-27T19:25:51.314" totalFiles="263" totalCleanup="103" /><!-- duration: 3ms -->
  </step><!-- duration: 14ms -->
  <step title="DeploymentService.GetResult" date="2025-11-27T19:25:51.327" >
    <step title="DeploymentService.GetLatestDeployment" date="2025-11-27T19:25:51.329" >
      <step title="DeploymentManager.GetResults" date="2025-11-27T19:25:51.332" /><!-- duration: 631ms -->
    </step><!-- duration: 638ms -->
  </step><!-- duration: 643ms -->
  <step title="Outgoing response" date="2025-11-27T19:25:51.972" type="response" statusCode="202" statusText="Accepted" /><!-- duration: 2ms -->
</step><!-- duration: 674ms -->
