<step title="Incoming Request" date="2025-11-27T22:51:49.728" instance="e17388" url="/api/zipdeploy?isAsync=true&amp;deployer=GITHUB_ZIP_DEPLOY&amp;message=%7B%22type%22%3A%22deployment%22%2C%22sha%22%3A%2212748d069b46a21d93dd65bd9bb25a584a005bc0%22%2C%22repoName%22%3A%22L96Expanded%2FD-D-Initiative%22%2C%22actor%22%3A%22L96Expanded%22%2C%22slotName%22%3A%22production%22%2C%22commitMessage%22%3A%22Fix%20TypeScript%20error%3A%20Add%20MODE%20to%20ImportMetaEnv%20interface%22%7D" method="POST" type="request" pid="769,1,16" Host="dnd-initiative-prod.scm.azurewebsites.net" User-Agent="GITHUBACTIONS_DeployWebAppToAzure_d8ba7f0e74ab0e5d77dc87dc029177abee8253c2c7da9cd65d79dc2913806d42" Authorization="Bea..." Content-Type="application/octet-stream" Cookie="ARRAffinity=e173888f2e6cd428dbbbd21dde5a1f029e33073760f641fbae8fdb677285960a;Path=/;HttpOnly;Secure;Domain=dnd-initiative-prod.scm.azurewebsites.net; ARRAffinitySameSite=e173888f2e6cd428dbbbd21dde5a1f029e33073760f641fbae8fdb677285960a;Path=/;HttpOnly;SameSite=None;Secure;Domain=dnd-initiative-prod.scm.azurewebsites.net" Transfer-Encoding="chunked" X-ARR-LOG-ID="e512ba57-d29c-4faa-9920-77d3b2133636" CLIENT-IP="52.238.26.245:24448" X-SITE-DEPLOYMENT-ID="dnd-initiative-prod" WAS-DEFAULT-HOSTNAME="dnd-initiative-prod.scm.azurewebsites.net" X-Forwarded-Proto="https" X-AppService-Proto="https" X-Forwarded-TlsVersion="1.3" X-WAWS-Unencoded-URL="/api/zipdeploy?isAsync=true&amp;deployer=GITHUB_ZIP_DEPLOY&amp;message=%7B%22type%22%3A%22deployment%22%2C%22sha%22%3A%2212748d069b46a21d93dd65bd9bb25a584a005bc0%22%2C%22repoName%22%3A%22L96Expanded%2FD-D-Initiative%22%2C%22actor%22%3A%22L96Expanded%22%2C%22slotName%22%3A%22production%22%2C%22commitMessage%22%3A%22Fix%20TypeScript%20error%3A%20Add%20MODE%20to%20ImportMetaEnv%20interface%22%7D" X-Client-IP="52.238.26.245" X-Client-Port="24448" >
  <step title="ZipPushDeploy" date="2025-11-27T22:51:49.746" >
    <step title="ZipDeploy. Extract zip." date="2025-11-27T22:51:49.753" /><!-- duration: 2ms -->
    <step title="None repository commit" date="2025-11-27T22:51:49.759" >
      <step title="Commit id: 97ad1022-5429-48e9-b74e-fb8fbec40416" date="2025-11-27T22:51:49.760" Message="N/A" AuthorName="N/A" AuthorEmail="N/A" /><!-- duration: 2ms -->
    </step><!-- duration: 5ms -->
    <step title="Starting PushDeployAsync" date="2025-11-27T22:51:49.766" /><!-- duration: 2ms -->
    <step title="Writing artifact to /tmp/zipdeploy/f533f3e7-79dd-43d6-99bc-3c4b9818a223.zip" date="2025-11-27T22:51:49.774" >
      <step title="Writing multipart request body to /tmp/zipdeploy/f533f3e7-79dd-43d6-99bc-3c4b9818a223.zip" date="2025-11-27T22:51:49.776" /><!-- duration: 3ms -->
    </step><!-- duration: 21ms -->
    <step title="Start deployment in the background" date="2025-11-27T22:51:49.801" >
      <step title="Acquiring Deployment Lock" date="2025-11-27T22:51:49.808" /><!-- duration: 2ms -->
      <step title="Acquired Deployment Lock" date="2025-11-27T22:51:49.863" /><!-- duration: 1ms -->
    </step><!-- duration: 101ms -->
  </step><!-- duration: 160ms -->
  <step title="Outgoing response" date="2025-11-27T22:51:49.911" type="response" statusCode="202" statusText="Accepted" /><!-- duration: 2ms -->
</step><!-- duration: 187ms -->
