<step title="Incoming Request" date="2025-11-27T22:48:09.334" instance="e17388" url="/api/deployments/latest?deployer=GITHUB_ZIP_DEPLOY&amp;time=2025-11-27_22-48-02Z" method="GET" type="request" pid="768,1,14" Host="dnd-initiative-prod.scm.azurewebsites.net" User-Agent="GITHUBACTIONS_DeployWebAppToAzure_d8ba7f0e74ab0e5d77dc87dc029177abee8253c2c7da9cd65d79dc2913806d42" Authorization="Bea..." Content-Type="application/json; charset=utf-8" Cookie="ARRAffinity=e173888f2e6cd428dbbbd21dde5a1f029e33073760f641fbae8fdb677285960a;Path=/;HttpOnly;Secure;Domain=dnd-initiative-prod.scm.azurewebsites.net; ARRAffinitySameSite=e173888f2e6cd428dbbbd21dde5a1f029e33073760f641fbae8fdb677285960a;Path=/;HttpOnly;SameSite=None;Secure;Domain=dnd-initiative-prod.scm.azurewebsites.net" Content-Length="0" X-ARR-LOG-ID="2ef7496e-2a7b-4e54-be8b-b09e9dbc815e" CLIENT-IP="40.116.93.51:55321" X-SITE-DEPLOYMENT-ID="dnd-initiative-prod" WAS-DEFAULT-HOSTNAME="dnd-initiative-prod.scm.azurewebsites.net" X-Forwarded-Proto="https" X-AppService-Proto="https" X-Forwarded-TlsVersion="1.3" X-WAWS-Unencoded-URL="/api/deployments/latest?deployer=GITHUB_ZIP_DEPLOY&amp;time=2025-11-27_22-48-02Z" X-Client-IP="40.116.93.51" X-Client-Port="55321" >
  <step title="Cleanup Xml Logs" date="2025-11-27T22:48:09.336" >
    <step title="Cleanup Infos" date="2025-11-27T22:48:09.342" totalFiles="381" totalCleanup="221" /><!-- duration: 2ms -->
  </step><!-- duration: 10ms -->
  <step title="DeploymentService.GetResult" date="2025-11-27T22:48:09.351" >
    <step title="DeploymentService.GetLatestDeployment" date="2025-11-27T22:48:09.366" >
      <step title="DeploymentManager.GetResults" date="2025-11-27T22:48:09.368" /><!-- duration: 854ms -->
    </step><!-- duration: 859ms -->
  </step><!-- duration: 877ms -->
  <step title="Outgoing response" date="2025-11-27T22:48:10.233" type="response" statusCode="202" statusText="Accepted" /><!-- duration: 2ms -->
</step><!-- duration: 902ms -->
