<step title="BackgroundTrace" date="2025-11-27T19:21:49.682" instance="e17388" url="/api/zipdeploy" method="POST" >
  <step title="Creating temporary deployment - FetchDeploymentManager" date="2025-11-27T19:21:49.799" /><!-- duration: 1ms -->
  <step title="Creating temporary deployment" date="2025-11-27T19:21:49.803" /><!-- duration: 37ms -->
  <step title="Performing fetch based deployment" date="2025-11-27T19:21:49.861" >
    <step title="Cleaning up temp folders from previous zip deployments and extracting pushed zip file /tmp/zipdeploy/8ab216b2-6300-4ed6-a790-615ff771c108.zip (0.03 MB) to /tmp/zipdeploy/extracted" date="2025-11-27T19:21:51.000" >
      <step title="ChmodRecursive Process exited with total time taken in ms: 16" date="2025-11-27T19:21:51.047" /><!-- duration: 2ms -->
    </step><!-- duration: 51ms -->
    <step title="Deployment timer started" date="2025-11-27T19:21:53.056" >
      <step title="DeploymentManager.Deploy(id:235c9ad0-32f1-45c2-9ded-8e44d9d934e0)" date="2025-11-27T19:21:53.061" >
        <step title="Collecting changeset information" date="2025-11-27T19:21:53.067" /><!-- duration: 62ms -->
        <step title="Updating submodules" date="2025-11-27T19:21:53.131" /><!-- duration: 1136ms -->
        <step title="Determining deployment builder" date="2025-11-27T19:21:54.446" >
          <step title="Builder is BasicBuilder" date="2025-11-27T19:21:54.451" /><!-- duration: 3ms -->
        </step><!-- duration: 11ms -->
        <step title="PreDeployment: context.CleanOutputPath False" date="2025-11-27T19:21:54.501" >
          <step title="PreDeployment: context.OutputPath /home/site/wwwroot" date="2025-11-27T19:21:54.601" >
            <step title="Building" date="2025-11-27T19:21:54.718" >
              <step title="Executing external process" date="2025-11-27T19:21:54.955" type="process" path="starter.sh" arguments="/opt/Kudu/Scripts/parallel_rsync.sh /tmp/zipdeploy/extracted /home/site/wwwroot 8 /tmp/ False True  " /><!-- duration: 1305ms -->
              <step title="Triggering recycle (preview mode disabled)." date="2025-11-27T19:21:57.276" /><!-- duration: 5ms -->
              <step title="Modified file to trigger a restart of the app container." date="2025-11-27T19:21:57.313" /><!-- duration: 2ms -->
              <step title="Skip function trigger and logicapp sync because function is not enabled." date="2025-11-27T19:21:57.318" /><!-- duration: 2ms -->
              <step title="Purge deployment items" date="2025-11-27T19:21:58.383" >
                <step title="Remove 5d14de72-, Success, received at 11/27/2025 13:36:59" date="2025-11-27T19:21:58.429" /><!-- duration: 2ms -->
              </step><!-- duration: 49ms -->
            </step><!-- duration: 3779ms -->
          </step><!-- duration: 3898ms -->
          <step title="Cleaning up temp files" date="2025-11-27T19:21:58.501" /><!-- duration: 3ms -->
          <step title="Cleaning up temp files" date="2025-11-27T19:21:58.507" /><!-- duration: 503ms -->
          <step title="Reloading status file with latest updates" date="2025-11-27T19:21:59.073" >
            <step title="WebHooksManager.PublishEventAsync: PostDeployment" date="2025-11-27T19:21:59.077" /><!-- duration: 43ms -->
          </step><!-- duration: 49ms -->
          <step title="Cleaning up temporary deployment - fetch deployment was successful" date="2025-11-27T19:21:59.125" /><!-- duration: 2ms -->
        </step><!-- duration: 4680ms -->
      </step><!-- duration: 6128ms -->
