<step title="Incoming Request" date="2025-11-27T13:36:56.003" instance="e17388" url="/api/zipdeploy?isAsync=true&amp;deployer=GITHUB_ZIP_DEPLOY&amp;message=%7B%22type%22%3A%22deployment%22%2C%22sha%22%3A%22fbbb2b907ba58454d2f83fba37920989934c2723%22%2C%22repoName%22%3A%22L96Expanded%2FD-D-Initiative%22%2C%22actor%22%3A%22L96Expanded%22%2C%22slotName%22%3A%22production%22%2C%22commitMessage%22%3A%22Trigger%20Static%20Web%20App%20deployment%22%7D" method="POST" type="request" pid="768,1,20" Host="dnd-initiative-prod.scm.azurewebsites.net" User-Agent="GITHUBACTIONS_DeployWebAppToAzure_d8ba7f0e74ab0e5d77dc87dc029177abee8253c2c7da9cd65d79dc2913806d42" Authorization="Bea..." Content-Type="application/octet-stream" Cookie="ARRAffinity=e173888f2e6cd428dbbbd21dde5a1f029e33073760f641fbae8fdb677285960a;Path=/;HttpOnly;Secure;Domain=dnd-initiative-prod.scm.azurewebsites.net; ARRAffinitySameSite=e173888f2e6cd428dbbbd21dde5a1f029e33073760f641fbae8fdb677285960a;Path=/;HttpOnly;SameSite=None;Secure;Domain=dnd-initiative-prod.scm.azurewebsites.net" Transfer-Encoding="chunked" X-ARR-LOG-ID="9b514408-a81e-45eb-89de-4d4fc7abf6cb" CLIENT-IP="145.132.102.102:38912" X-SITE-DEPLOYMENT-ID="dnd-initiative-prod" WAS-DEFAULT-HOSTNAME="dnd-initiative-prod.scm.azurewebsites.net" X-Forwarded-Proto="https" X-AppService-Proto="https" X-Forwarded-TlsVersion="1.3" X-WAWS-Unencoded-URL="/api/zipdeploy?isAsync=true&amp;deployer=GITHUB_ZIP_DEPLOY&amp;message=%7B%22type%22%3A%22deployment%22%2C%22sha%22%3A%22fbbb2b907ba58454d2f83fba37920989934c2723%22%2C%22repoName%22%3A%22L96Expanded%2FD-D-Initiative%22%2C%22actor%22%3A%22L96Expanded%22%2C%22slotName%22%3A%22production%22%2C%22commitMessage%22%3A%22Trigger%20Static%20Web%20App%20deployment%22%7D" X-Client-IP="145.132.102.102" X-Client-Port="38912" >
  <step title="ZipPushDeploy" date="2025-11-27T13:36:56.021" >
    <step title="ZipDeploy. Extract zip." date="2025-11-27T13:36:56.027" /><!-- duration: 2ms -->
    <step title="None repository commit" date="2025-11-27T13:36:56.033" >
      <step title="Commit id: 5d14de72-3fe7-4f0f-9c5a-8c59ca7d3f45" date="2025-11-27T13:36:56.035" Message="N/A" AuthorName="N/A" AuthorEmail="N/A" /><!-- duration: 2ms -->
    </step><!-- duration: 4ms -->
    <step title="Starting PushDeployAsync" date="2025-11-27T13:36:56.039" /><!-- duration: 1ms -->
    <step title="Writing artifact to /tmp/zipdeploy/b1b7046f-c9b3-49ea-bc3b-8e359c45cbd0.zip" date="2025-11-27T13:36:56.047" >
      <step title="Writing multipart request body to /tmp/zipdeploy/b1b7046f-c9b3-49ea-bc3b-8e359c45cbd0.zip" date="2025-11-27T13:36:56.049" /><!-- duration: 2ms -->
    </step><!-- duration: 20ms -->
    <step title="Start deployment in the background" date="2025-11-27T13:36:56.072" >
      <step title="Acquiring Deployment Lock" date="2025-11-27T13:36:56.081" /><!-- duration: 4ms -->
      <step title="Acquired Deployment Lock" date="2025-11-27T13:36:56.128" /><!-- duration: 1ms -->
    </step><!-- duration: 101ms -->
  </step><!-- duration: 156ms -->
  <step title="Outgoing response" date="2025-11-27T13:36:56.182" type="response" statusCode="202" statusText="Accepted" /><!-- duration: 2ms -->
</step><!-- duration: 182ms -->
