<step title="Incoming Request" date="2025-11-27T19:03:29.820" instance="e17388" url="/api/deployments/latest?deployer=GITHUB_ZIP_DEPLOY&amp;time=2025-11-27_19-03-23Z" method="GET" type="request" pid="768,1,26" Host="dnd-initiative-prod.scm.azurewebsites.net" User-Agent="GITHUBACTIONS_DeployWebAppToAzure_d8ba7f0e74ab0e5d77dc87dc029177abee8253c2c7da9cd65d79dc2913806d42" Authorization="Bea..." Content-Type="application/json; charset=utf-8" Cookie="ARRAffinity=e173888f2e6cd428dbbbd21dde5a1f029e33073760f641fbae8fdb677285960a;Path=/;HttpOnly;Secure;Domain=dnd-initiative-prod.scm.azurewebsites.net; ARRAffinitySameSite=e173888f2e6cd428dbbbd21dde5a1f029e33073760f641fbae8fdb677285960a;Path=/;HttpOnly;SameSite=None;Secure;Domain=dnd-initiative-prod.scm.azurewebsites.net" Content-Length="0" X-ARR-LOG-ID="a1d1bd6c-79f4-49a0-93d5-03d154f9d6fa" CLIENT-IP="68.220.61.1:1024" X-SITE-DEPLOYMENT-ID="dnd-initiative-prod" WAS-DEFAULT-HOSTNAME="dnd-initiative-prod.scm.azurewebsites.net" X-Forwarded-Proto="https" X-AppService-Proto="https" X-Forwarded-TlsVersion="1.3" X-WAWS-Unencoded-URL="/api/deployments/latest?deployer=GITHUB_ZIP_DEPLOY&amp;time=2025-11-27_19-03-23Z" X-Client-IP="68.220.61.1" X-Client-Port="1024" >
  <step title="Cleanup Xml Logs" date="2025-11-27T19:03:29.822" >
    <step title="Cleanup Infos" date="2025-11-27T19:03:29.828" totalFiles="222" totalCleanup="62" /><!-- duration: 4ms -->
  </step><!-- duration: 30ms -->
  <step title="DeploymentService.GetResult" date="2025-11-27T19:03:29.856" >
    <step title="DeploymentService.GetLatestDeployment" date="2025-11-27T19:03:29.858" >
      <step title="DeploymentManager.GetResults" date="2025-11-27T19:03:29.861" /><!-- duration: 802ms -->
    </step><!-- duration: 810ms -->
  </step><!-- duration: 813ms -->
  <step title="Outgoing response" date="2025-11-27T19:03:30.671" type="response" statusCode="202" statusText="Accepted" /><!-- duration: 1ms -->
</step><!-- duration: 854ms -->
