<step title="BackgroundTrace" date="2025-11-27T22:58:28.283" instance="e17388" url="/api/zipdeploy" method="POST" >
  <step title="Creating temporary deployment - FetchDeploymentManager" date="2025-11-27T22:58:28.356" /><!-- duration: 1ms -->
  <step title="Creating temporary deployment" date="2025-11-27T22:58:28.360" /><!-- duration: 97ms -->
  <step title="Performing fetch based deployment" date="2025-11-27T22:58:28.479" >
    <step title="Cleaning up temp folders from previous zip deployments and extracting pushed zip file /tmp/zipdeploy/60a7dc66-2986-4851-87a5-32b65f16b808.zip (0.03 MB) to /tmp/zipdeploy/extracted" date="2025-11-27T22:58:29.606" >
      <step title="ChmodRecursive Process exited with total time taken in ms: 19" date="2025-11-27T22:58:29.656" /><!-- duration: 3ms -->
    </step><!-- duration: 57ms -->
    <step title="Deployment timer started" date="2025-11-27T22:58:31.672" >
      <step title="DeploymentManager.Deploy(id:a1f1aaa3-ffea-42d4-b581-e03fbad2a051)" date="2025-11-27T22:58:31.675" >
        <step title="Collecting changeset information" date="2025-11-27T22:58:31.696" /><!-- duration: 67ms -->
        <step title="Updating submodules" date="2025-11-27T22:58:31.766" /><!-- duration: 1098ms -->
        <step title="Determining deployment builder" date="2025-11-27T22:58:33.357" >
          <step title="Builder is BasicBuilder" date="2025-11-27T22:58:33.362" /><!-- duration: 2ms -->
        </step><!-- duration: 9ms -->
        <step title="PreDeployment: context.CleanOutputPath False" date="2025-11-27T22:58:33.470" >
          <step title="PreDeployment: context.OutputPath /home/site/wwwroot" date="2025-11-27T22:58:33.627" >
            <step title="Building" date="2025-11-27T22:58:33.756" >
              <step title="Executing external process" date="2025-11-27T22:58:33.990" type="process" path="starter.sh" arguments="/opt/Kudu/Scripts/parallel_rsync.sh /tmp/zipdeploy/extracted /home/site/wwwroot 8 /tmp/ False True  " /><!-- duration: 1590ms -->
              <step title="Triggering recycle (preview mode disabled)." date="2025-11-27T22:58:36.328" /><!-- duration: 3ms -->
              <step title="Modified file to trigger a restart of the app container." date="2025-11-27T22:58:36.348" /><!-- duration: 3ms -->
              <step title="Skip function trigger and logicapp sync because function is not enabled." date="2025-11-27T22:58:36.355" /><!-- duration: 2ms -->
              <step title="Purge deployment items" date="2025-11-27T22:58:37.472" >
                <step title="Remove 0004bf6d-, Success, received at 11/27/2025 22:17:33" date="2025-11-27T22:58:37.547" /><!-- duration: 1ms -->
              </step><!-- duration: 79ms -->
            </step><!-- duration: 3893ms -->
          </step><!-- duration: 4025ms -->
          <step title="Cleaning up temp files" date="2025-11-27T22:58:37.654" /><!-- duration: 2ms -->
          <step title="Cleaning up temp files" date="2025-11-27T22:58:37.657" /><!-- duration: 503ms -->
          <step title="Reloading status file with latest updates" date="2025-11-27T22:58:38.203" >
            <step title="WebHooksManager.PublishEventAsync: PostDeployment" date="2025-11-27T22:58:38.205" /><!-- duration: 45ms -->
          </step><!-- duration: 50ms -->
          <step title="Cleaning up temporary deployment - fetch deployment was successful" date="2025-11-27T22:58:38.255" /><!-- duration: 2ms -->
        </step><!-- duration: 4853ms -->
      </step><!-- duration: 6655ms -->
