<step title="BackgroundTrace" date="2025-11-30T10:43:19.882" instance="e17388" url="/api/zipdeploy" method="POST" >
  <step title="Creating temporary deployment - FetchDeploymentManager" date="2025-11-30T10:43:19.925" /><!-- duration: 1ms -->
  <step title="Creating temporary deployment" date="2025-11-30T10:43:19.928" /><!-- duration: 61ms -->
  <step title="Performing fetch based deployment" date="2025-11-30T10:43:20.013" >
    <step title="Cleaning up temp folders from previous zip deployments and extracting pushed zip file /tmp/zipdeploy/d9f7c5bd-d217-497e-87d6-1c9fa342910b.zip (0.03 MB) to /tmp/zipdeploy/extracted" date="2025-11-30T10:43:21.172" >
      <step title="ChmodRecursive Process exited with total time taken in ms: 24" date="2025-11-30T10:43:21.253" /><!-- duration: 2ms -->
    </step><!-- duration: 86ms -->
    <step title="Deployment timer started" date="2025-11-30T10:43:23.263" >
      <step title="DeploymentManager.Deploy(id:5adf4d0a-3ee1-41f0-9920-54df5e808b20)" date="2025-11-30T10:43:23.267" >
        <step title="Collecting changeset information" date="2025-11-30T10:43:23.278" /><!-- duration: 66ms -->
        <step title="Updating submodules" date="2025-11-30T10:43:23.347" /><!-- duration: 1117ms -->
        <step title="Determining deployment builder" date="2025-11-30T10:43:24.680" >
          <step title="Builder is BasicBuilder" date="2025-11-30T10:43:24.687" /><!-- duration: 2ms -->
        </step><!-- duration: 11ms -->
        <step title="PreDeployment: context.CleanOutputPath False" date="2025-11-30T10:43:24.733" >
          <step title="PreDeployment: context.OutputPath /home/site/wwwroot" date="2025-11-30T10:43:24.830" >
            <step title="Building" date="2025-11-30T10:43:24.945" >
              <step title="Executing external process" date="2025-11-30T10:43:25.197" type="process" path="starter.sh" arguments="/opt/Kudu/Scripts/parallel_rsync.sh /tmp/zipdeploy/extracted /home/site/wwwroot 8 /tmp/ False True  " /><!-- duration: 1419ms -->
              <step title="Triggering recycle (preview mode disabled)." date="2025-11-30T10:43:26.814" /><!-- duration: 4ms -->
              <step title="Modified file to trigger a restart of the app container." date="2025-11-30T10:43:26.840" /><!-- duration: 1ms -->
              <step title="Skip function trigger and logicapp sync because function is not enabled." date="2025-11-30T10:43:26.843" /><!-- duration: 3ms -->
              <step title="Purge deployment items" date="2025-11-30T10:43:27.882" >
                <step title="Remove 44c6d529-, Success, received at 11/27/2025 22:32:59" date="2025-11-30T10:43:27.938" /><!-- duration: 2ms -->
              </step><!-- duration: 60ms -->
            </step><!-- duration: 3068ms -->
          </step><!-- duration: 3185ms -->
          <step title="Cleaning up temp files" date="2025-11-30T10:43:28.016" /><!-- duration: 2ms -->
          <step title="Cleaning up temp files" date="2025-11-30T10:43:28.021" /><!-- duration: 503ms -->
          <step title="Reloading status file with latest updates" date="2025-11-30T10:43:29.089" >
            <step title="WebHooksManager.PublishEventAsync: PostDeployment" date="2025-11-30T10:43:29.092" /><!-- duration: 27ms -->
          </step><!-- duration: 31ms -->
          <step title="Cleaning up temporary deployment - fetch deployment was successful" date="2025-11-30T10:43:29.123" /><!-- duration: 1ms -->
        </step><!-- duration: 4420ms -->
      </step><!-- duration: 5896ms -->
