<step title="BackgroundTrace" date="2025-11-27T22:14:19.545" instance="e17388" url="/api/zipdeploy" method="POST" >
  <step title="Creating temporary deployment - FetchDeploymentManager" date="2025-11-27T22:14:19.613" /><!-- duration: 1ms -->
  <step title="Creating temporary deployment" date="2025-11-27T22:14:19.616" /><!-- duration: 31ms -->
  <step title="Performing fetch based deployment" date="2025-11-27T22:14:19.672" >
    <step title="Cleaning up temp folders from previous zip deployments and extracting pushed zip file /tmp/zipdeploy/cc52ba59-e9a3-4c1a-a21f-85962763d5f0.zip (0.03 MB) to /tmp/zipdeploy/extracted" date="2025-11-27T22:14:20.864" >
      <step title="ChmodRecursive Process exited with total time taken in ms: 17" date="2025-11-27T22:14:20.906" /><!-- duration: 2ms -->
    </step><!-- duration: 51ms -->
    <step title="Deployment timer started" date="2025-11-27T22:14:22.920" >
      <step title="DeploymentManager.Deploy(id:2ed92907-d419-498e-8cc7-a497ea7a95f0)" date="2025-11-27T22:14:22.924" >
        <step title="Collecting changeset information" date="2025-11-27T22:14:22.935" /><!-- duration: 62ms -->
        <step title="Updating submodules" date="2025-11-27T22:14:23.005" /><!-- duration: 1115ms -->
        <step title="Determining deployment builder" date="2025-11-27T22:14:24.340" >
          <step title="Builder is BasicBuilder" date="2025-11-27T22:14:24.346" /><!-- duration: 2ms -->
        </step><!-- duration: 10ms -->
        <step title="PreDeployment: context.CleanOutputPath False" date="2025-11-27T22:14:24.393" >
          <step title="PreDeployment: context.OutputPath /home/site/wwwroot" date="2025-11-27T22:14:24.492" >
            <step title="Building" date="2025-11-27T22:14:24.610" >
              <step title="Executing external process" date="2025-11-27T22:14:24.835" type="process" path="starter.sh" arguments="/opt/Kudu/Scripts/parallel_rsync.sh /tmp/zipdeploy/extracted /home/site/wwwroot 8 /tmp/ False True  " /><!-- duration: 1396ms -->
              <step title="Triggering recycle (preview mode disabled)." date="2025-11-27T22:14:26.449" /><!-- duration: 3ms -->
              <step title="Modified file to trigger a restart of the app container." date="2025-11-27T22:14:26.468" /><!-- duration: 2ms -->
              <step title="Skip function trigger and logicapp sync because function is not enabled." date="2025-11-27T22:14:26.475" /><!-- duration: 4ms -->
              <step title="Purge deployment items" date="2025-11-27T22:14:27.494" >
                <step title="Remove 54d69e55-, Success, received at 11/27/2025 19:03:17" date="2025-11-27T22:14:27.537" /><!-- duration: 2ms -->
              </step><!-- duration: 46ms -->
            </step><!-- duration: 3013ms -->
          </step><!-- duration: 3134ms -->
          <step title="Cleaning up temp files" date="2025-11-27T22:14:27.627" /><!-- duration: 2ms -->
          <step title="Cleaning up temp files" date="2025-11-27T22:14:27.631" /><!-- duration: 502ms -->
          <step title="Reloading status file with latest updates" date="2025-11-27T22:14:28.466" >
            <step title="WebHooksManager.PublishEventAsync: PostDeployment" date="2025-11-27T22:14:28.473" /><!-- duration: 58ms -->
          </step><!-- duration: 72ms -->
          <step title="Cleaning up temporary deployment - fetch deployment was successful" date="2025-11-27T22:14:28.542" /><!-- duration: 5ms -->
        </step><!-- duration: 4224ms -->
      </step><!-- duration: 5704ms -->
