<step title="Incoming Request" date="2025-11-27T22:14:19.475" instance="e17388" url="/api/zipdeploy?isAsync=true&amp;deployer=GITHUB_ZIP_DEPLOY&amp;message=%7B%22type%22%3A%22deployment%22%2C%22sha%22%3A%22c0be55832748a8c4f77a49ef2c0e455a205c528c%22%2C%22repoName%22%3A%22L96Expanded%2FD-D-Initiative%22%2C%22actor%22%3A%22L96Expanded%22%2C%22slotName%22%3A%22production%22%2C%22commitMessage%22%3A%22Add%20enhanced%20console%20logging%20for%20API%20URL%20debugging%22%7D" method="POST" type="request" pid="768,1,27" Host="dnd-initiative-prod.scm.azurewebsites.net" User-Agent="GITHUBACTIONS_DeployWebAppToAzure_d8ba7f0e74ab0e5d77dc87dc029177abee8253c2c7da9cd65d79dc2913806d42" Authorization="Bea..." Content-Type="application/octet-stream" Cookie="ARRAffinity=e173888f2e6cd428dbbbd21dde5a1f029e33073760f641fbae8fdb677285960a;Path=/;HttpOnly;Secure;Domain=dnd-initiative-prod.scm.azurewebsites.net; ARRAffinitySameSite=e173888f2e6cd428dbbbd21dde5a1f029e33073760f641fbae8fdb677285960a;Path=/;HttpOnly;SameSite=None;Secure;Domain=dnd-initiative-prod.scm.azurewebsites.net" Transfer-Encoding="chunked" X-ARR-LOG-ID="df156d96-ce74-4a27-9db4-b3c3673b857e" CLIENT-IP="172.203.7.51:16408" X-SITE-DEPLOYMENT-ID="dnd-initiative-prod" WAS-DEFAULT-HOSTNAME="dnd-initiative-prod.scm.azurewebsites.net" X-Forwarded-Proto="https" X-AppService-Proto="https" X-Forwarded-TlsVersion="1.3" X-WAWS-Unencoded-URL="/api/zipdeploy?isAsync=true&amp;deployer=GITHUB_ZIP_DEPLOY&amp;message=%7B%22type%22%3A%22deployment%22%2C%22sha%22%3A%22c0be55832748a8c4f77a49ef2c0e455a205c528c%22%2C%22repoName%22%3A%22L96Expanded%2FD-D-Initiative%22%2C%22actor%22%3A%22L96Expanded%22%2C%22slotName%22%3A%22production%22%2C%22commitMessage%22%3A%22Add%20enhanced%20console%20logging%20for%20API%20URL%20debugging%22%7D" X-Client-IP="172.203.7.51" X-Client-Port="16408" >
  <step title="ZipPushDeploy" date="2025-11-27T22:14:19.488" >
    <step title="ZipDeploy. Extract zip." date="2025-11-27T22:14:19.492" /><!-- duration: 2ms -->
    <step title="None repository commit" date="2025-11-27T22:14:19.497" >
      <step title="Commit id: 2ed92907-d419-498e-8cc7-a497ea7a95f0" date="2025-11-27T22:14:19.498" Message="N/A" AuthorName="N/A" AuthorEmail="N/A" /><!-- duration: 2ms -->
    </step><!-- duration: 5ms -->
    <step title="Starting PushDeployAsync" date="2025-11-27T22:14:19.503" /><!-- duration: 2ms -->
    <step title="Writing artifact to /tmp/zipdeploy/cc52ba59-e9a3-4c1a-a21f-85962763d5f0.zip" date="2025-11-27T22:14:19.512" >
      <step title="Writing multipart request body to /tmp/zipdeploy/cc52ba59-e9a3-4c1a-a21f-85962763d5f0.zip" date="2025-11-27T22:14:19.514" /><!-- duration: 4ms -->
    </step><!-- duration: 21ms -->
    <step title="Start deployment in the background" date="2025-11-27T22:14:19.543" >
      <step title="Acquiring Deployment Lock" date="2025-11-27T22:14:19.551" /><!-- duration: 2ms -->
      <step title="Acquired Deployment Lock" date="2025-11-27T22:14:19.610" /><!-- duration: 2ms -->
    </step><!-- duration: 112ms -->
  </step><!-- duration: 170ms -->
  <step title="Outgoing response" date="2025-11-27T22:14:19.662" type="response" statusCode="202" statusText="Accepted" /><!-- duration: 2ms -->
</step><!-- duration: 190ms -->
