<step title="Incoming Request" date="2025-11-27T21:59:49.470" instance="e17388" url="/api/deployments/latest?deployer=GITHUB_ZIP_DEPLOY&amp;time=2025-11-27_21-59-42Z" method="GET" type="request" pid="768,1,14" Host="dnd-initiative-prod.scm.azurewebsites.net" User-Agent="GITHUBACTIONS_DeployWebAppToAzure_d8ba7f0e74ab0e5d77dc87dc029177abee8253c2c7da9cd65d79dc2913806d42" Authorization="Bea..." Content-Type="application/json; charset=utf-8" Cookie="ARRAffinity=e173888f2e6cd428dbbbd21dde5a1f029e33073760f641fbae8fdb677285960a;Path=/;HttpOnly;Secure;Domain=dnd-initiative-prod.scm.azurewebsites.net; ARRAffinitySameSite=e173888f2e6cd428dbbbd21dde5a1f029e33073760f641fbae8fdb677285960a;Path=/;HttpOnly;SameSite=None;Secure;Domain=dnd-initiative-prod.scm.azurewebsites.net" Content-Length="0" X-ARR-LOG-ID="3f9f846d-9dfc-47ff-a2c3-963f137ea96f" CLIENT-IP="52.176.125.116:17409" X-SITE-DEPLOYMENT-ID="dnd-initiative-prod" WAS-DEFAULT-HOSTNAME="dnd-initiative-prod.scm.azurewebsites.net" X-Forwarded-Proto="https" X-AppService-Proto="https" X-Forwarded-TlsVersion="1.3" X-WAWS-Unencoded-URL="/api/deployments/latest?deployer=GITHUB_ZIP_DEPLOY&amp;time=2025-11-27_21-59-42Z" X-Client-IP="52.176.125.116" X-Client-Port="17409" >
  <step title="Cleanup Xml Logs" date="2025-11-27T21:59:49.472" >
    <step title="Cleanup Infos" date="2025-11-27T21:59:49.478" totalFiles="316" totalCleanup="156" /><!-- duration: 3ms -->
  </step><!-- duration: 11ms -->
  <step title="DeploymentService.GetResult" date="2025-11-27T21:59:49.487" >
    <step title="DeploymentService.GetLatestDeployment" date="2025-11-27T21:59:49.488" >
      <step title="DeploymentManager.GetResults" date="2025-11-27T21:59:49.490" /><!-- duration: 564ms -->
    </step><!-- duration: 578ms -->
  </step><!-- duration: 585ms -->
  <step title="Outgoing response" date="2025-11-27T21:59:50.088" type="response" statusCode="202" statusText="Accepted" /><!-- duration: 2ms -->
</step><!-- duration: 622ms -->
