<step title="BackgroundTrace" date="2025-11-27T21:53:12.186" instance="e17388" url="/api/zipdeploy" method="POST" >
  <step title="Creating temporary deployment - FetchDeploymentManager" date="2025-11-27T21:53:12.248" /><!-- duration: 1ms -->
  <step title="Creating temporary deployment" date="2025-11-27T21:53:12.252" /><!-- duration: 39ms -->
  <step title="Performing fetch based deployment" date="2025-11-27T21:53:12.311" >
    <step title="Cleaning up temp folders from previous zip deployments and extracting pushed zip file /tmp/zipdeploy/bede5d93-0160-4dac-ad59-feca6bc367db.zip (0.03 MB) to /tmp/zipdeploy/extracted" date="2025-11-27T21:53:13.442" >
      <step title="ChmodRecursive Process exited with total time taken in ms: 26" date="2025-11-27T21:53:13.493" /><!-- duration: 2ms -->
    </step><!-- duration: 55ms -->
    <step title="Deployment timer started" date="2025-11-27T21:53:15.502" >
      <step title="DeploymentManager.Deploy(id:88358b43-8727-4084-8638-34cec6d6f3eb)" date="2025-11-27T21:53:15.507" >
        <step title="Collecting changeset information" date="2025-11-27T21:53:15.518" /><!-- duration: 70ms -->
        <step title="Updating submodules" date="2025-11-27T21:53:15.590" /><!-- duration: 1107ms -->
        <step title="Determining deployment builder" date="2025-11-27T21:53:16.875" >
          <step title="Builder is BasicBuilder" date="2025-11-27T21:53:16.883" /><!-- duration: 1ms -->
        </step><!-- duration: 12ms -->
        <step title="PreDeployment: context.CleanOutputPath False" date="2025-11-27T21:53:16.926" >
          <step title="PreDeployment: context.OutputPath /home/site/wwwroot" date="2025-11-27T21:53:17.028" >
            <step title="Building" date="2025-11-27T21:53:17.146" >
              <step title="Executing external process" date="2025-11-27T21:53:17.395" type="process" path="starter.sh" arguments="/opt/Kudu/Scripts/parallel_rsync.sh /tmp/zipdeploy/extracted /home/site/wwwroot 8 /tmp/ False True  " /><!-- duration: 1673ms -->
              <step title="Triggering recycle (preview mode disabled)." date="2025-11-27T21:53:19.310" /><!-- duration: 6ms -->
              <step title="Modified file to trigger a restart of the app container." date="2025-11-27T21:53:19.332" /><!-- duration: 1ms -->
              <step title="Skip function trigger and logicapp sync because function is not enabled." date="2025-11-27T21:53:19.337" /><!-- duration: 5ms -->
              <step title="Purge deployment items" date="2025-11-27T21:53:20.297" >
                <step title="Remove 7ab195fc-, Success, received at 11/27/2025 18:47:26" date="2025-11-27T21:53:20.340" /><!-- duration: 1ms -->
              </step><!-- duration: 47ms -->
            </step><!-- duration: 3256ms -->
          </step><!-- duration: 3376ms -->
          <step title="Cleaning up temp files" date="2025-11-27T21:53:20.406" /><!-- duration: 2ms -->
          <step title="Cleaning up temp files" date="2025-11-27T21:53:20.412" /><!-- duration: 503ms -->
          <step title="Reloading status file with latest updates" date="2025-11-27T21:53:20.931" >
            <step title="WebHooksManager.PublishEventAsync: PostDeployment" date="2025-11-27T21:53:20.933" /><!-- duration: 31ms -->
          </step><!-- duration: 35ms -->
          <step title="Cleaning up temporary deployment - fetch deployment was successful" date="2025-11-27T21:53:20.969" /><!-- duration: 5ms -->
        </step><!-- duration: 4099ms -->
      </step><!-- duration: 5526ms -->
