<step title="BackgroundTrace" date="2025-11-30T11:47:31.868" instance="e17388" url="/api/zipdeploy" method="POST" >
  <step title="Creating temporary deployment - FetchDeploymentManager" date="2025-11-30T11:47:31.919" /><!-- duration: 1ms -->
  <step title="Creating temporary deployment" date="2025-11-30T11:47:31.923" /><!-- duration: 45ms -->
  <step title="Performing fetch based deployment" date="2025-11-30T11:47:32.064" >
    <step title="Cleaning up temp folders from previous zip deployments and extracting pushed zip file /tmp/zipdeploy/e758e1a5-ce4d-4ed5-8daf-e7eeb8a9e687.zip (0.05 MB) to /tmp/zipdeploy/extracted" date="2025-11-30T11:47:33.267" >
      <step title="ChmodRecursive Process exited with total time taken in ms: 17" date="2025-11-30T11:47:33.313" /><!-- duration: 2ms -->
    </step><!-- duration: 53ms -->
    <step title="Deployment timer started" date="2025-11-30T11:47:35.326" >
      <step title="DeploymentManager.Deploy(id:3606966c-d7ef-4f40-b915-2b6fd4722c11)" date="2025-11-30T11:47:35.330" >
        <step title="Collecting changeset information" date="2025-11-30T11:47:35.340" /><!-- duration: 64ms -->
        <step title="Updating submodules" date="2025-11-30T11:47:35.407" /><!-- duration: 1116ms -->
        <step title="Determining deployment builder" date="2025-11-30T11:47:36.708" >
          <step title="Builder is BasicBuilder" date="2025-11-30T11:47:36.713" /><!-- duration: 2ms -->
        </step><!-- duration: 8ms -->
        <step title="PreDeployment: context.CleanOutputPath False" date="2025-11-30T11:47:36.764" >
          <step title="PreDeployment: context.OutputPath /home/site/wwwroot" date="2025-11-30T11:47:36.879" >
            <step title="Building" date="2025-11-30T11:47:37.011" >
              <step title="Executing external process" date="2025-11-30T11:47:37.259" type="process" path="starter.sh" arguments="/opt/Kudu/Scripts/parallel_rsync.sh /tmp/zipdeploy/extracted /home/site/wwwroot 8 /tmp/ False True  " /><!-- duration: 1708ms -->
              <step title="Triggering recycle (preview mode disabled)." date="2025-11-30T11:47:39.484" /><!-- duration: 4ms -->
              <step title="Modified file to trigger a restart of the app container." date="2025-11-30T11:47:39.509" /><!-- duration: 3ms -->
              <step title="Skip function trigger and logicapp sync because function is not enabled." date="2025-11-30T11:47:39.515" /><!-- duration: 3ms -->
              <step title="Purge deployment items" date="2025-11-30T11:47:40.624" >
                <step title="Remove 3136bb8f-, Success, received at 11/27/2025 22:38:37" date="2025-11-30T11:47:40.688" /><!-- duration: 3ms -->
              </step><!-- duration: 70ms -->
            </step><!-- duration: 3765ms -->
          </step><!-- duration: 3901ms -->
          <step title="Cleaning up temp files" date="2025-11-30T11:47:40.782" /><!-- duration: 3ms -->
          <step title="Cleaning up temp files" date="2025-11-30T11:47:40.787" /><!-- duration: 504ms -->
          <step title="Reloading status file with latest updates" date="2025-11-30T11:47:41.333" >
            <step title="WebHooksManager.PublishEventAsync: PostDeployment" date="2025-11-30T11:47:41.338" /><!-- duration: 81ms -->
          </step><!-- duration: 90ms -->
          <step title="Cleaning up temporary deployment - fetch deployment was successful" date="2025-11-30T11:47:41.428" /><!-- duration: 2ms -->
        </step><!-- duration: 4766ms -->
      </step><!-- duration: 6214ms -->
