<step title="Incoming Request" date="2025-11-27T09:43:49.330" instance="e17388" url="/api/zipdeploy?isAsync=true&amp;deployer=GITHUB_ZIP_DEPLOY&amp;message=%7B%22type%22%3A%22deployment%22%2C%22sha%22%3A%22f8f35814621904142e54c104ac49358717230cf6%22%2C%22repoName%22%3A%22L96Expanded%2FD-D-Initiative%22%2C%22actor%22%3A%22L96Expanded%22%2C%22slotName%22%3A%22production%22%2C%22commitMessage%22%3A%22Load%20Ko-fi%20widget%20dynamically%20in%20React%20app%20to%20ensure%20it%20appears%20on%20all%20pages%22%7D" method="POST" type="request" pid="768,1,19" Host="dnd-initiative-prod.scm.azurewebsites.net" User-Agent="GITHUBACTIONS_DeployWebAppToAzure_d8ba7f0e74ab0e5d77dc87dc029177abee8253c2c7da9cd65d79dc2913806d42" Authorization="Bea..." Content-Type="application/octet-stream" Cookie="ARRAffinity=e173888f2e6cd428dbbbd21dde5a1f029e33073760f641fbae8fdb677285960a;Path=/;HttpOnly;Secure;Domain=dnd-initiative-prod.scm.azurewebsites.net; ARRAffinitySameSite=e173888f2e6cd428dbbbd21dde5a1f029e33073760f641fbae8fdb677285960a;Path=/;HttpOnly;SameSite=None;Secure;Domain=dnd-initiative-prod.scm.azurewebsites.net" Transfer-Encoding="chunked" X-ARR-LOG-ID="6073c80e-5060-46d7-9c6f-a1ead850ee63" CLIENT-IP="172.208.153.23:8200" X-SITE-DEPLOYMENT-ID="dnd-initiative-prod" WAS-DEFAULT-HOSTNAME="dnd-initiative-prod.scm.azurewebsites.net" X-Forwarded-Proto="https" X-AppService-Proto="https" X-Forwarded-TlsVersion="1.3" X-WAWS-Unencoded-URL="/api/zipdeploy?isAsync=true&amp;deployer=GITHUB_ZIP_DEPLOY&amp;message=%7B%22type%22%3A%22deployment%22%2C%22sha%22%3A%22f8f35814621904142e54c104ac49358717230cf6%22%2C%22repoName%22%3A%22L96Expanded%2FD-D-Initiative%22%2C%22actor%22%3A%22L96Expanded%22%2C%22slotName%22%3A%22production%22%2C%22commitMessage%22%3A%22Load%20Ko-fi%20widget%20dynamically%20in%20React%20app%20to%20ensure%20it%20appears%20on%20all%20pages%22%7D" X-Client-IP="172.208.153.23" X-Client-Port="8200" >
  <step title="ZipPushDeploy" date="2025-11-27T09:43:49.346" >
    <step title="ZipDeploy. Extract zip." date="2025-11-27T09:43:49.350" /><!-- duration: 2ms -->
    <step title="None repository commit" date="2025-11-27T09:43:49.355" >
      <step title="Commit id: f94b7521-dada-4414-823a-f5503e1cff0e" date="2025-11-27T09:43:49.357" Message="N/A" AuthorName="N/A" AuthorEmail="N/A" /><!-- duration: 2ms -->
    </step><!-- duration: 6ms -->
    <step title="Starting PushDeployAsync" date="2025-11-27T09:43:49.362" /><!-- duration: 1ms -->
    <step title="Writing artifact to /tmp/zipdeploy/df5576d6-a4d3-4dd2-9b87-a72256071913.zip" date="2025-11-27T09:43:49.373" >
      <step title="Writing multipart request body to /tmp/zipdeploy/df5576d6-a4d3-4dd2-9b87-a72256071913.zip" date="2025-11-27T09:43:49.378" /><!-- duration: 2ms -->
    </step><!-- duration: 208ms -->
    <step title="Start deployment in the background" date="2025-11-27T09:43:49.586" >
      <step title="Acquiring Deployment Lock" date="2025-11-27T09:43:49.616" /><!-- duration: 2ms -->
      <step title="Acquired Deployment Lock" date="2025-11-27T09:43:49.654" /><!-- duration: 2ms -->
    </step><!-- duration: 166ms -->
  </step><!-- duration: 410ms -->
  <step title="Outgoing response" date="2025-11-27T09:43:49.761" type="response" statusCode="202" statusText="Accepted" /><!-- duration: 2ms -->
</step><!-- duration: 434ms -->
