<step title="Incoming Request" date="2025-11-27T19:16:29.477" instance="e17388" url="/api/zipdeploy?isAsync=true&amp;deployer=GITHUB_ZIP_DEPLOY&amp;message=%7B%22type%22%3A%22deployment%22%2C%22sha%22%3A%22df9d4c4d0adff57ac33b4905d388e78731d9a325%22%2C%22repoName%22%3A%22L96Expanded%2FD-D-Initiative%22%2C%22actor%22%3A%22L96Expanded%22%2C%22slotName%22%3A%22production%22%2C%22commitMessage%22%3A%22%22%7D" method="POST" type="request" pid="768,1,16" Host="dnd-initiative-prod.scm.azurewebsites.net" User-Agent="GITHUBACTIONS_DeployWebAppToAzure_d8ba7f0e74ab0e5d77dc87dc029177abee8253c2c7da9cd65d79dc2913806d42" Authorization="Bea..." Content-Type="application/octet-stream" Cookie="ARRAffinity=e173888f2e6cd428dbbbd21dde5a1f029e33073760f641fbae8fdb677285960a;Path=/;HttpOnly;Secure;Domain=dnd-initiative-prod.scm.azurewebsites.net; ARRAffinitySameSite=e173888f2e6cd428dbbbd21dde5a1f029e33073760f641fbae8fdb677285960a;Path=/;HttpOnly;SameSite=None;Secure;Domain=dnd-initiative-prod.scm.azurewebsites.net" Transfer-Encoding="chunked" X-ARR-LOG-ID="f775f47e-8832-49d5-8a61-43e583adb3e7" CLIENT-IP="172.182.195.130:52240" X-SITE-DEPLOYMENT-ID="dnd-initiative-prod" WAS-DEFAULT-HOSTNAME="dnd-initiative-prod.scm.azurewebsites.net" X-Forwarded-Proto="https" X-AppService-Proto="https" X-Forwarded-TlsVersion="1.3" X-WAWS-Unencoded-URL="/api/zipdeploy?isAsync=true&amp;deployer=GITHUB_ZIP_DEPLOY&amp;message=%7B%22type%22%3A%22deployment%22%2C%22sha%22%3A%22df9d4c4d0adff57ac33b4905d388e78731d9a325%22%2C%22repoName%22%3A%22L96Expanded%2FD-D-Initiative%22%2C%22actor%22%3A%22L96Expanded%22%2C%22slotName%22%3A%22production%22%2C%22commitMessage%22%3A%22%22%7D" X-Client-IP="172.182.195.130" X-Client-Port="52240" >
  <step title="ZipPushDeploy" date="2025-11-27T19:16:29.482" >
    <step title="ZipDeploy. Extract zip." date="2025-11-27T19:16:29.486" /><!-- duration: 2ms -->
    <step title="Starting PushDeployAsync" date="2025-11-27T19:16:29.490" /><!-- duration: 2ms -->
    <step title="Writing artifact to /tmp/zipdeploy/d4798a40-9e2f-4f85-b07e-1d7ed535fd49.zip" date="2025-11-27T19:16:29.496" >
      <step title="Writing multipart request body to /tmp/zipdeploy/d4798a40-9e2f-4f85-b07e-1d7ed535fd49.zip" date="2025-11-27T19:16:29.498" /><!-- duration: 2ms -->
    </step><!-- duration: 6ms -->
    <step title="Start deployment in the background" date="2025-11-27T19:16:29.507" >
      <step title="Acquiring Deployment Lock" date="2025-11-27T19:16:29.514" /><!-- duration: 2ms -->
      <step title="Acquired Deployment Lock" date="2025-11-27T19:16:29.533" /><!-- duration: 1ms -->
    </step><!-- duration: 78ms -->
  </step><!-- duration: 104ms -->
  <step title="Outgoing response" date="2025-11-27T19:16:29.589" type="response" statusCode="202" statusText="Accepted" /><!-- duration: 2ms -->
</step><!-- duration: 116ms -->
