<step title="Incoming Request" date="2025-11-27T19:03:17.041" instance="e17388" url="/api/zipdeploy?isAsync=true&amp;deployer=GITHUB_ZIP_DEPLOY&amp;message=%7B%22type%22%3A%22deployment%22%2C%22sha%22%3A%228791c8dc7522b485248adc6645c8d15dfdab4a05%22%2C%22repoName%22%3A%22L96Expanded%2FD-D-Initiative%22%2C%22actor%22%3A%22L96Expanded%22%2C%22slotName%22%3A%22production%22%2C%22commitMessage%22%3A%22%22%7D" method="POST" type="request" pid="768,1,21" Host="dnd-initiative-prod.scm.azurewebsites.net" User-Agent="GITHUBACTIONS_DeployWebAppToAzure_d8ba7f0e74ab0e5d77dc87dc029177abee8253c2c7da9cd65d79dc2913806d42" Authorization="Bea..." Content-Type="application/octet-stream" Cookie="ARRAffinity=e173888f2e6cd428dbbbd21dde5a1f029e33073760f641fbae8fdb677285960a;Path=/;HttpOnly;Secure;Domain=dnd-initiative-prod.scm.azurewebsites.net; ARRAffinitySameSite=e173888f2e6cd428dbbbd21dde5a1f029e33073760f641fbae8fdb677285960a;Path=/;HttpOnly;SameSite=None;Secure;Domain=dnd-initiative-prod.scm.azurewebsites.net" Transfer-Encoding="chunked" X-ARR-LOG-ID="ef13764b-6486-4fc8-8dfb-9e095f394acf" CLIENT-IP="68.220.61.1:1024" X-SITE-DEPLOYMENT-ID="dnd-initiative-prod" WAS-DEFAULT-HOSTNAME="dnd-initiative-prod.scm.azurewebsites.net" X-Forwarded-Proto="https" X-AppService-Proto="https" X-Forwarded-TlsVersion="1.3" X-WAWS-Unencoded-URL="/api/zipdeploy?isAsync=true&amp;deployer=GITHUB_ZIP_DEPLOY&amp;message=%7B%22type%22%3A%22deployment%22%2C%22sha%22%3A%228791c8dc7522b485248adc6645c8d15dfdab4a05%22%2C%22repoName%22%3A%22L96Expanded%2FD-D-Initiative%22%2C%22actor%22%3A%22L96Expanded%22%2C%22slotName%22%3A%22production%22%2C%22commitMessage%22%3A%22%22%7D" X-Client-IP="68.220.61.1" X-Client-Port="1024" >
  <step title="ZipPushDeploy" date="2025-11-27T19:03:17.064" >
    <step title="ZipDeploy. Extract zip." date="2025-11-27T19:03:17.067" /><!-- duration: 2ms -->
    <step title="Starting PushDeployAsync" date="2025-11-27T19:03:17.072" /><!-- duration: 2ms -->
    <step title="Writing artifact to /tmp/zipdeploy/25f0a0d5-1616-4449-a590-5d78c64861b8.zip" date="2025-11-27T19:03:17.081" >
      <step title="Writing multipart request body to /tmp/zipdeploy/25f0a0d5-1616-4449-a590-5d78c64861b8.zip" date="2025-11-27T19:03:17.083" /><!-- duration: 2ms -->
    </step><!-- duration: 6ms -->
    <step title="Start deployment in the background" date="2025-11-27T19:03:17.091" >
      <step title="Acquiring Deployment Lock" date="2025-11-27T19:03:17.108" /><!-- duration: 4ms -->
      <step title="Cannot Acquire Deployment Lock already held" date="2025-11-27T19:03:17.116" /><!-- duration: 1ms -->
    </step><!-- duration: 45ms -->
    <step title="There is a deployment currently in progress. Please try again when it completes." date="2025-11-27T19:03:17.138" /><!-- duration: 2ms -->
  </step><!-- duration: 77ms -->
  <step title="Outgoing response" date="2025-11-27T19:03:17.148" type="response" statusCode="409" statusText="Conflict" /><!-- duration: 3ms -->
</step><!-- duration: 115ms -->
