<step title="Incoming Request" date="2025-11-27T08:27:51.477" instance="e17388" url="/api/zipdeploy?isAsync=true&amp;deployer=GITHUB_ZIP_DEPLOY&amp;message=%7B%22type%22%3A%22deployment%22%2C%22sha%22%3A%226d2b592d7a4a463b50538622168290ad2b1a14ac%22%2C%22repoName%22%3A%22L96Expanded%2FD-D-Initiative%22%2C%22actor%22%3A%22L96Expanded%22%2C%22slotName%22%3A%22production%22%2C%22commitMessage%22%3A%22Added%20the%20database%20to%20secrets%20%3A)%22%7D" method="POST" type="request" pid="768,1,7" Host="dnd-initiative-prod.scm.azurewebsites.net" User-Agent="GITHUBACTIONS_DeployWebAppToAzure_d8ba7f0e74ab0e5d77dc87dc029177abee8253c2c7da9cd65d79dc2913806d42" Authorization="Bea..." Content-Type="application/octet-stream" Cookie="ARRAffinity=e173888f2e6cd428dbbbd21dde5a1f029e33073760f641fbae8fdb677285960a;Path=/;HttpOnly;Secure;Domain=dnd-initiative-prod.scm.azurewebsites.net; ARRAffinitySameSite=e173888f2e6cd428dbbbd21dde5a1f029e33073760f641fbae8fdb677285960a;Path=/;HttpOnly;SameSite=None;Secure;Domain=dnd-initiative-prod.scm.azurewebsites.net" Transfer-Encoding="chunked" X-ARR-LOG-ID="236b4ef7-3127-41b4-8f67-ba7c7a76271e" CLIENT-IP="104.209.7.225:18432" X-SITE-DEPLOYMENT-ID="dnd-initiative-prod" WAS-DEFAULT-HOSTNAME="dnd-initiative-prod.scm.azurewebsites.net" X-Forwarded-Proto="https" X-AppService-Proto="https" X-Forwarded-TlsVersion="1.3" X-WAWS-Unencoded-URL="/api/zipdeploy?isAsync=true&amp;deployer=GITHUB_ZIP_DEPLOY&amp;message=%7B%22type%22%3A%22deployment%22%2C%22sha%22%3A%226d2b592d7a4a463b50538622168290ad2b1a14ac%22%2C%22repoName%22%3A%22L96Expanded%2FD-D-Initiative%22%2C%22actor%22%3A%22L96Expanded%22%2C%22slotName%22%3A%22production%22%2C%22commitMessage%22%3A%22Added%20the%20database%20to%20secrets%20%3A)%22%7D" X-Client-IP="104.209.7.225" X-Client-Port="18432" >
  <step title="ZipPushDeploy" date="2025-11-27T08:27:51.528" >
    <step title="ZipDeploy. Extract zip. Remote build." date="2025-11-27T08:27:51.532" /><!-- duration: 3ms -->
    <step title="None repository commit" date="2025-11-27T08:27:51.538" >
      <step title="Commit id: ab8629ba-613b-48d4-b498-f22b1f00837d" date="2025-11-27T08:27:51.540" Message="N/A" AuthorName="N/A" AuthorEmail="N/A" /><!-- duration: 1ms -->
    </step><!-- duration: 5ms -->
    <step title="Starting PushDeployAsync" date="2025-11-27T08:27:51.545" /><!-- duration: 2ms -->
    <step title="Writing artifact to /tmp/zipdeploy/ffc1fb4c-1142-41d0-b8e7-37076d48b287.zip" date="2025-11-27T08:27:51.555" >
      <step title="Writing multipart request body to /tmp/zipdeploy/ffc1fb4c-1142-41d0-b8e7-37076d48b287.zip" date="2025-11-27T08:27:51.558" /><!-- duration: 5ms -->
    </step><!-- duration: 23ms -->
    <step title="Removing previous build artifact&apos;s manifest file" date="2025-11-27T08:27:51.582" >
      <step title="Start deployment in the background" date="2025-11-27T08:27:51.594" >
        <step title="Acquiring Deployment Lock" date="2025-11-27T08:27:51.604" /><!-- duration: 2ms -->
        <step title="Acquired Deployment Lock" date="2025-11-27T08:27:51.642" /><!-- duration: 2ms -->
      </step><!-- duration: 114ms -->
    </step><!-- duration: 129ms -->
    <step title="Outgoing response" date="2025-11-27T08:27:51.716" type="response" statusCode="202" statusText="Accepted" /><!-- duration: 2ms -->
  </step><!-- duration: 191ms -->
