<step title="BackgroundTrace" date="2025-11-27T22:42:41.866" instance="e17388" url="/api/zipdeploy" method="POST" >
  <step title="Creating temporary deployment - FetchDeploymentManager" date="2025-11-27T22:42:41.927" /><!-- duration: 1ms -->
  <step title="Creating temporary deployment" date="2025-11-27T22:42:41.930" /><!-- duration: 41ms -->
  <step title="Performing fetch based deployment" date="2025-11-27T22:42:41.993" >
    <step title="Cleaning up temp folders from previous zip deployments and extracting pushed zip file /tmp/zipdeploy/35a0685c-d976-459d-8d92-3ac47873eedd.zip (0.03 MB) to /tmp/zipdeploy/extracted" date="2025-11-27T22:42:43.134" >
      <step title="ChmodRecursive Process exited with total time taken in ms: 18" date="2025-11-27T22:42:43.182" /><!-- duration: 4ms -->
    </step><!-- duration: 54ms -->
    <step title="Deployment timer started" date="2025-11-27T22:42:45.195" >
      <step title="DeploymentManager.Deploy(id:3c37364a-9f25-4506-82a7-9525f035de1a)" date="2025-11-27T22:42:45.199" >
        <step title="Collecting changeset information" date="2025-11-27T22:42:45.207" /><!-- duration: 64ms -->
        <step title="Updating submodules" date="2025-11-27T22:42:45.275" /><!-- duration: 1108ms -->
        <step title="Determining deployment builder" date="2025-11-27T22:42:46.544" >
          <step title="Builder is BasicBuilder" date="2025-11-27T22:42:46.549" /><!-- duration: 2ms -->
        </step><!-- duration: 9ms -->
        <step title="PreDeployment: context.CleanOutputPath False" date="2025-11-27T22:42:46.592" >
          <step title="PreDeployment: context.OutputPath /home/site/wwwroot" date="2025-11-27T22:42:46.693" >
            <step title="Building" date="2025-11-27T22:42:46.813" >
              <step title="Executing external process" date="2025-11-27T22:42:47.038" type="process" path="starter.sh" arguments="/opt/Kudu/Scripts/parallel_rsync.sh /tmp/zipdeploy/extracted /home/site/wwwroot 8 /tmp/ False True  " /><!-- duration: 1522ms -->
              <step title="Triggering recycle (preview mode disabled)." date="2025-11-27T22:42:49.033" /><!-- duration: 4ms -->
              <step title="Modified file to trigger a restart of the app container." date="2025-11-27T22:42:49.067" /><!-- duration: 2ms -->
              <step title="Skip function trigger and logicapp sync because function is not enabled." date="2025-11-27T22:42:49.072" /><!-- duration: 3ms -->
              <step title="Purge deployment items" date="2025-11-27T22:42:50.035" >
                <step title="Remove 88358b43-, Success, received at 11/27/2025 21:53:15" date="2025-11-27T22:42:50.079" /><!-- duration: 2ms -->
              </step><!-- duration: 48ms -->
            </step><!-- duration: 3329ms -->
          </step><!-- duration: 3452ms -->
          <step title="Cleaning up temp files" date="2025-11-27T22:42:50.146" /><!-- duration: 3ms -->
          <step title="Cleaning up temp files" date="2025-11-27T22:42:50.152" /><!-- duration: 503ms -->
          <step title="Reloading status file with latest updates" date="2025-11-27T22:42:50.695" >
            <step title="WebHooksManager.PublishEventAsync: PostDeployment" date="2025-11-27T22:42:50.698" /><!-- duration: 46ms -->
          </step><!-- duration: 50ms -->
          <step title="Cleaning up temporary deployment - fetch deployment was successful" date="2025-11-27T22:42:50.747" /><!-- duration: 2ms -->
        </step><!-- duration: 4207ms -->
      </step><!-- duration: 5611ms -->
