<step title="Incoming Request" date="2025-11-30T12:16:26.000" instance="e17388" url="/api/zipdeploy?isAsync=true&amp;deployer=GITHUB_ZIP_DEPLOY&amp;message=%7B%22type%22%3A%22deployment%22%2C%22sha%22%3A%227a743e7f0ac4a822dd35c3e33c92cb6af2574af5%22%2C%22repoName%22%3A%22L96Expanded%2FD-D-Initiative%22%2C%22actor%22%3A%22L96Expanded%22%2C%22slotName%22%3A%22production%22%2C%22commitMessage%22%3A%22Trigger%20CI%2FCD%3A%20Update%20README%20description%22%7D" method="POST" type="request" pid="768,1,26" Host="dnd-initiative-prod.scm.azurewebsites.net" User-Agent="GITHUBACTIONS_DeployWebAppToAzure_d8ba7f0e74ab0e5d77dc87dc029177abee8253c2c7da9cd65d79dc2913806d42" Authorization="Bea..." Content-Type="application/octet-stream" Cookie="ARRAffinity=e173888f2e6cd428dbbbd21dde5a1f029e33073760f641fbae8fdb677285960a;Path=/;HttpOnly;Secure;Domain=dnd-initiative-prod.scm.azurewebsites.net; ARRAffinitySameSite=e173888f2e6cd428dbbbd21dde5a1f029e33073760f641fbae8fdb677285960a;Path=/;HttpOnly;SameSite=None;Secure;Domain=dnd-initiative-prod.scm.azurewebsites.net" Transfer-Encoding="chunked" X-ARR-LOG-ID="3eb6fe78-edce-4949-9f00-0e15b508e3a8" CLIENT-IP="172.184.211.242:13328" X-SITE-DEPLOYMENT-ID="dnd-initiative-prod" WAS-DEFAULT-HOSTNAME="dnd-initiative-prod.scm.azurewebsites.net" X-Forwarded-Proto="https" X-AppService-Proto="https" X-Forwarded-TlsVersion="1.3" X-WAWS-Unencoded-URL="/api/zipdeploy?isAsync=true&amp;deployer=GITHUB_ZIP_DEPLOY&amp;message=%7B%22type%22%3A%22deployment%22%2C%22sha%22%3A%227a743e7f0ac4a822dd35c3e33c92cb6af2574af5%22%2C%22repoName%22%3A%22L96Expanded%2FD-D-Initiative%22%2C%22actor%22%3A%22L96Expanded%22%2C%22slotName%22%3A%22production%22%2C%22commitMessage%22%3A%22Trigger%20CI%2FCD%3A%20Update%20README%20description%22%7D" X-Client-IP="172.184.211.242" X-Client-Port="13328" >
  <step title="ZipPushDeploy" date="2025-11-30T12:16:26.020" >
    <step title="ZipDeploy. Extract zip." date="2025-11-30T12:16:26.024" /><!-- duration: 2ms -->
    <step title="None repository commit" date="2025-11-30T12:16:26.029" >
      <step title="Commit id: 9880da69-1480-4af8-a90d-b14eda6c911d" date="2025-11-30T12:16:26.030" Message="N/A" AuthorName="N/A" AuthorEmail="N/A" /><!-- duration: 2ms -->
    </step><!-- duration: 5ms -->
    <step title="Starting PushDeployAsync" date="2025-11-30T12:16:26.035" /><!-- duration: 1ms -->
    <step title="Writing artifact to /tmp/zipdeploy/81369440-61bf-4a51-9f58-3e2b67b480ac.zip" date="2025-11-30T12:16:26.044" >
      <step title="Writing multipart request body to /tmp/zipdeploy/81369440-61bf-4a51-9f58-3e2b67b480ac.zip" date="2025-11-30T12:16:26.047" /><!-- duration: 1ms -->
    </step><!-- duration: 42ms -->
    <step title="Start deployment in the background" date="2025-11-30T12:16:26.092" >
      <step title="Acquiring Deployment Lock" date="2025-11-30T12:16:26.102" /><!-- duration: 2ms -->
      <step title="Acquired Deployment Lock" date="2025-11-30T12:16:26.137" /><!-- duration: 1ms -->
    </step><!-- duration: 89ms -->
  </step><!-- duration: 165ms -->
  <step title="Outgoing response" date="2025-11-30T12:16:26.190" type="response" statusCode="202" statusText="Accepted" /><!-- duration: 2ms -->
</step><!-- duration: 193ms -->
