<step title="Incoming Request" date="2025-11-27T09:58:22.551" instance="e17388" url="/api/zipdeploy?isAsync=true&amp;deployer=GITHUB_ZIP_DEPLOY&amp;message=%7B%22type%22%3A%22deployment%22%2C%22sha%22%3A%22ddfcb5a082535aa944a4842b43dbe57e7fafdd12%22%2C%22repoName%22%3A%22L96Expanded%2FD-D-Initiative%22%2C%22actor%22%3A%22L96Expanded%22%2C%22slotName%22%3A%22production%22%2C%22commitMessage%22%3A%22Remove%20static%20file%20serving%20to%20restore%20working%20API%22%7D" method="POST" type="request" pid="767,1,7" Host="dnd-initiative-prod.scm.azurewebsites.net" User-Agent="GITHUBACTIONS_DeployWebAppToAzure_d8ba7f0e74ab0e5d77dc87dc029177abee8253c2c7da9cd65d79dc2913806d42" Authorization="Bea..." Content-Type="application/octet-stream" Cookie="ARRAffinity=e173888f2e6cd428dbbbd21dde5a1f029e33073760f641fbae8fdb677285960a;Path=/;HttpOnly;Secure;Domain=dnd-initiative-prod.scm.azurewebsites.net; ARRAffinitySameSite=e173888f2e6cd428dbbbd21dde5a1f029e33073760f641fbae8fdb677285960a;Path=/;HttpOnly;SameSite=None;Secure;Domain=dnd-initiative-prod.scm.azurewebsites.net" Transfer-Encoding="chunked" X-ARR-LOG-ID="dc6222fe-b575-4f36-96a8-ba7a56c76b5a" CLIENT-IP="40.76.119.211:36888" X-SITE-DEPLOYMENT-ID="dnd-initiative-prod" WAS-DEFAULT-HOSTNAME="dnd-initiative-prod.scm.azurewebsites.net" X-Forwarded-Proto="https" X-AppService-Proto="https" X-Forwarded-TlsVersion="1.3" X-WAWS-Unencoded-URL="/api/zipdeploy?isAsync=true&amp;deployer=GITHUB_ZIP_DEPLOY&amp;message=%7B%22type%22%3A%22deployment%22%2C%22sha%22%3A%22ddfcb5a082535aa944a4842b43dbe57e7fafdd12%22%2C%22repoName%22%3A%22L96Expanded%2FD-D-Initiative%22%2C%22actor%22%3A%22L96Expanded%22%2C%22slotName%22%3A%22production%22%2C%22commitMessage%22%3A%22Remove%20static%20file%20serving%20to%20restore%20working%20API%22%7D" X-Client-IP="40.76.119.211" X-Client-Port="36888" >
  <step title="ZipPushDeploy" date="2025-11-27T09:58:22.569" >
    <step title="ZipDeploy. Extract zip." date="2025-11-27T09:58:22.578" /><!-- duration: 2ms -->
    <step title="None repository commit" date="2025-11-27T09:58:22.583" >
      <step title="Commit id: d62a86cd-5e42-4358-a799-15fe2ca0b33a" date="2025-11-27T09:58:22.586" Message="N/A" AuthorName="N/A" AuthorEmail="N/A" /><!-- duration: 2ms -->
    </step><!-- duration: 6ms -->
    <step title="Starting PushDeployAsync" date="2025-11-27T09:58:22.591" /><!-- duration: 2ms -->
    <step title="Writing artifact to /tmp/zipdeploy/17a58910-b697-427f-8cc0-dffd4045fcde.zip" date="2025-11-27T09:58:22.601" >
      <step title="Writing multipart request body to /tmp/zipdeploy/17a58910-b697-427f-8cc0-dffd4045fcde.zip" date="2025-11-27T09:58:22.603" /><!-- duration: 2ms -->
    </step><!-- duration: 64ms -->
    <step title="Start deployment in the background" date="2025-11-27T09:58:22.670" >
      <step title="Acquiring Deployment Lock" date="2025-11-27T09:58:22.678" /><!-- duration: 6ms -->
      <step title="Acquired Deployment Lock" date="2025-11-27T09:58:22.748" /><!-- duration: 2ms -->
    </step><!-- duration: 125ms -->
  </step><!-- duration: 230ms -->
  <step title="Outgoing response" date="2025-11-27T09:58:22.803" type="response" statusCode="202" statusText="Accepted" /><!-- duration: 2ms -->
</step><!-- duration: 256ms -->
