<step title="Incoming Request" date="2025-11-27T18:47:23.345" instance="e17388" url="/api/zipdeploy?isAsync=true&amp;deployer=GITHUB_ZIP_DEPLOY&amp;message=%7B%22type%22%3A%22deployment%22%2C%22sha%22%3A%22e25c3283e9e9a6130c3566364fd673776d36d4fa%22%2C%22repoName%22%3A%22L96Expanded%2FD-D-Initiative%22%2C%22actor%22%3A%22L96Expanded%22%2C%22slotName%22%3A%22production%22%2C%22commitMessage%22%3A%22Fix%20SECRET_KEY%20environment%20variable%20and%20CORS%20configuration%22%7D" method="POST" type="request" pid="768,1,19" Host="dnd-initiative-prod.scm.azurewebsites.net" User-Agent="GITHUBACTIONS_DeployWebAppToAzure_d8ba7f0e74ab0e5d77dc87dc029177abee8253c2c7da9cd65d79dc2913806d42" Authorization="Bea..." Content-Type="application/octet-stream" Cookie="ARRAffinity=e173888f2e6cd428dbbbd21dde5a1f029e33073760f641fbae8fdb677285960a;Path=/;HttpOnly;Secure;Domain=dnd-initiative-prod.scm.azurewebsites.net; ARRAffinitySameSite=e173888f2e6cd428dbbbd21dde5a1f029e33073760f641fbae8fdb677285960a;Path=/;HttpOnly;SameSite=None;Secure;Domain=dnd-initiative-prod.scm.azurewebsites.net" Transfer-Encoding="chunked" X-ARR-LOG-ID="aadb480f-f674-4e48-8583-62c4ba7db12a" CLIENT-IP="172.184.219.212:22552" X-SITE-DEPLOYMENT-ID="dnd-initiative-prod" WAS-DEFAULT-HOSTNAME="dnd-initiative-prod.scm.azurewebsites.net" X-Forwarded-Proto="https" X-AppService-Proto="https" X-Forwarded-TlsVersion="1.3" X-WAWS-Unencoded-URL="/api/zipdeploy?isAsync=true&amp;deployer=GITHUB_ZIP_DEPLOY&amp;message=%7B%22type%22%3A%22deployment%22%2C%22sha%22%3A%22e25c3283e9e9a6130c3566364fd673776d36d4fa%22%2C%22repoName%22%3A%22L96Expanded%2FD-D-Initiative%22%2C%22actor%22%3A%22L96Expanded%22%2C%22slotName%22%3A%22production%22%2C%22commitMessage%22%3A%22Fix%20SECRET_KEY%20environment%20variable%20and%20CORS%20configuration%22%7D" X-Client-IP="172.184.219.212" X-Client-Port="22552" >
  <step title="ZipPushDeploy" date="2025-11-27T18:47:23.358" >
    <step title="ZipDeploy. Extract zip." date="2025-11-27T18:47:23.361" /><!-- duration: 2ms -->
    <step title="None repository commit" date="2025-11-27T18:47:23.366" >
      <step title="Commit id: 7ab195fc-7b0a-442b-a240-8b5392521b94" date="2025-11-27T18:47:23.368" Message="N/A" AuthorName="N/A" AuthorEmail="N/A" /><!-- duration: 2ms -->
    </step><!-- duration: 5ms -->
    <step title="Starting PushDeployAsync" date="2025-11-27T18:47:23.373" /><!-- duration: 1ms -->
    <step title="Writing artifact to /tmp/zipdeploy/d6df2a21-3de0-4ce8-ba97-df844063adaa.zip" date="2025-11-27T18:47:23.382" >
      <step title="Writing multipart request body to /tmp/zipdeploy/d6df2a21-3de0-4ce8-ba97-df844063adaa.zip" date="2025-11-27T18:47:23.384" /><!-- duration: 9ms -->
    </step><!-- duration: 24ms -->
    <step title="Start deployment in the background" date="2025-11-27T18:47:23.411" >
      <step title="Acquiring Deployment Lock" date="2025-11-27T18:47:23.430" /><!-- duration: 2ms -->
      <step title="Acquired Deployment Lock" date="2025-11-27T18:47:23.464" /><!-- duration: 2ms -->
    </step><!-- duration: 105ms -->
  </step><!-- duration: 161ms -->
  <step title="Outgoing response" date="2025-11-27T18:47:23.523" type="response" statusCode="202" statusText="Accepted" /><!-- duration: 1ms -->
</step><!-- duration: 181ms -->
