<step title="Incoming Request" date="2025-11-27T08:10:23.599" instance="e17388" url="/api/zipdeploy?isAsync=true&amp;deployer=GITHUB_ZIP_DEPLOY&amp;message=%7B%22type%22%3A%22deployment%22%2C%22sha%22%3A%220638555afbc27d17f74715d4ea2fe3183ac207d9%22%2C%22repoName%22%3A%22L96Expanded%2FD-D-Initiative%22%2C%22actor%22%3A%22L96Expanded%22%2C%22slotName%22%3A%22production%22%2C%22commitMessage%22%3A%22Azure%20deployment%3A%20skipping%20test%22%7D" method="POST" type="request" pid="768,1,17" Host="dnd-initiative-prod.scm.azurewebsites.net" User-Agent="GITHUBACTIONS_DeployWebAppToAzure_d8ba7f0e74ab0e5d77dc87dc029177abee8253c2c7da9cd65d79dc2913806d42" Authorization="Bea..." Content-Type="application/octet-stream" Cookie="ARRAffinity=e173888f2e6cd428dbbbd21dde5a1f029e33073760f641fbae8fdb677285960a;Path=/;HttpOnly;Secure;Domain=dnd-initiative-prod.scm.azurewebsites.net; ARRAffinitySameSite=e173888f2e6cd428dbbbd21dde5a1f029e33073760f641fbae8fdb677285960a;Path=/;HttpOnly;SameSite=None;Secure;Domain=dnd-initiative-prod.scm.azurewebsites.net" Transfer-Encoding="chunked" X-ARR-LOG-ID="6e3ea4a2-9f1c-464f-9d77-99490d4c826f" CLIENT-IP="68.220.59.212:52224" X-SITE-DEPLOYMENT-ID="dnd-initiative-prod" WAS-DEFAULT-HOSTNAME="dnd-initiative-prod.scm.azurewebsites.net" X-Forwarded-Proto="https" X-AppService-Proto="https" X-Forwarded-TlsVersion="1.3" X-WAWS-Unencoded-URL="/api/zipdeploy?isAsync=true&amp;deployer=GITHUB_ZIP_DEPLOY&amp;message=%7B%22type%22%3A%22deployment%22%2C%22sha%22%3A%220638555afbc27d17f74715d4ea2fe3183ac207d9%22%2C%22repoName%22%3A%22L96Expanded%2FD-D-Initiative%22%2C%22actor%22%3A%22L96Expanded%22%2C%22slotName%22%3A%22production%22%2C%22commitMessage%22%3A%22Azure%20deployment%3A%20skipping%20test%22%7D" X-Client-IP="68.220.59.212" X-Client-Port="52224" >
  <step title="ZipPushDeploy" date="2025-11-27T08:10:23.618" >
    <step title="ZipDeploy. Extract zip. Remote build." date="2025-11-27T08:10:23.621" /><!-- duration: 2ms -->
    <step title="None repository commit" date="2025-11-27T08:10:23.627" >
      <step title="Commit id: d8fac1e6-1f8e-4714-82eb-da5ce6136372" date="2025-11-27T08:10:23.629" Message="N/A" AuthorName="N/A" AuthorEmail="N/A" /><!-- duration: 2ms -->
    </step><!-- duration: 5ms -->
    <step title="Starting PushDeployAsync" date="2025-11-27T08:10:23.634" /><!-- duration: 2ms -->
    <step title="Writing artifact to /tmp/zipdeploy/9e7ab67d-5873-4867-a755-f0b54e7a988b.zip" date="2025-11-27T08:10:23.643" >
      <step title="Writing multipart request body to /tmp/zipdeploy/9e7ab67d-5873-4867-a755-f0b54e7a988b.zip" date="2025-11-27T08:10:23.646" /><!-- duration: 5ms -->
    </step><!-- duration: 25ms -->
    <step title="Removing previous build artifact&apos;s manifest file" date="2025-11-27T08:10:23.675" >
      <step title="Start deployment in the background" date="2025-11-27T08:10:23.683" >
        <step title="Acquiring Deployment Lock" date="2025-11-27T08:10:23.698" /><!-- duration: 2ms -->
        <step title="Acquired Deployment Lock" date="2025-11-27T08:10:23.748" /><!-- duration: 2ms -->
      </step><!-- duration: 121ms -->
    </step><!-- duration: 132ms -->
    <step title="Outgoing response" date="2025-11-27T08:10:23.812" type="response" statusCode="202" statusText="Accepted" /><!-- duration: 2ms -->
  </step><!-- duration: 197ms -->
