<step title="Incoming Request" date="2025-11-27T09:48:27.242" instance="e17388" url="/api/zipdeploy?isAsync=true&amp;deployer=GITHUB_ZIP_DEPLOY&amp;message=%7B%22type%22%3A%22deployment%22%2C%22sha%22%3A%22588be73d74ed62c330661c4aeec7617b91480a9c%22%2C%22repoName%22%3A%22L96Expanded%2FD-D-Initiative%22%2C%22actor%22%3A%22L96Expanded%22%2C%22slotName%22%3A%22production%22%2C%22commitMessage%22%3A%22Fix%3A%20Use%20404%20exception%20handler%20for%20SPA%20routing%20instead%20of%20catch-all%20route%22%7D" method="POST" type="request" pid="768,1,20" Host="dnd-initiative-prod.scm.azurewebsites.net" User-Agent="GITHUBACTIONS_DeployWebAppToAzure_d8ba7f0e74ab0e5d77dc87dc029177abee8253c2c7da9cd65d79dc2913806d42" Authorization="Bea..." Content-Type="application/octet-stream" Cookie="ARRAffinity=e173888f2e6cd428dbbbd21dde5a1f029e33073760f641fbae8fdb677285960a;Path=/;HttpOnly;Secure;Domain=dnd-initiative-prod.scm.azurewebsites.net; ARRAffinitySameSite=e173888f2e6cd428dbbbd21dde5a1f029e33073760f641fbae8fdb677285960a;Path=/;HttpOnly;SameSite=None;Secure;Domain=dnd-initiative-prod.scm.azurewebsites.net" Transfer-Encoding="chunked" X-ARR-LOG-ID="6aa41e74-b89e-445e-9980-5159c6a8796b" CLIENT-IP="172.184.173.245:58400" X-SITE-DEPLOYMENT-ID="dnd-initiative-prod" WAS-DEFAULT-HOSTNAME="dnd-initiative-prod.scm.azurewebsites.net" X-Forwarded-Proto="https" X-AppService-Proto="https" X-Forwarded-TlsVersion="1.3" X-WAWS-Unencoded-URL="/api/zipdeploy?isAsync=true&amp;deployer=GITHUB_ZIP_DEPLOY&amp;message=%7B%22type%22%3A%22deployment%22%2C%22sha%22%3A%22588be73d74ed62c330661c4aeec7617b91480a9c%22%2C%22repoName%22%3A%22L96Expanded%2FD-D-Initiative%22%2C%22actor%22%3A%22L96Expanded%22%2C%22slotName%22%3A%22production%22%2C%22commitMessage%22%3A%22Fix%3A%20Use%20404%20exception%20handler%20for%20SPA%20routing%20instead%20of%20catch-all%20route%22%7D" X-Client-IP="172.184.173.245" X-Client-Port="58400" >
  <step title="ZipPushDeploy" date="2025-11-27T09:48:27.255" >
    <step title="ZipDeploy. Extract zip." date="2025-11-27T09:48:27.258" /><!-- duration: 2ms -->
    <step title="None repository commit" date="2025-11-27T09:48:27.263" >
      <step title="Commit id: 62622aab-029c-4205-b209-b739a0613e78" date="2025-11-27T09:48:27.265" Message="N/A" AuthorName="N/A" AuthorEmail="N/A" /><!-- duration: 2ms -->
    </step><!-- duration: 5ms -->
    <step title="Starting PushDeployAsync" date="2025-11-27T09:48:27.270" /><!-- duration: 1ms -->
    <step title="Writing artifact to /tmp/zipdeploy/2eddfa04-b8d3-4c71-ae13-25c07279094b.zip" date="2025-11-27T09:48:27.278" >
      <step title="Writing multipart request body to /tmp/zipdeploy/2eddfa04-b8d3-4c71-ae13-25c07279094b.zip" date="2025-11-27T09:48:27.280" /><!-- duration: 3ms -->
    </step><!-- duration: 364ms -->
    <step title="Start deployment in the background" date="2025-11-27T09:48:27.655" >
      <step title="Acquiring Deployment Lock" date="2025-11-27T09:48:27.662" /><!-- duration: 4ms -->
      <step title="Acquired Deployment Lock" date="2025-11-27T09:48:27.716" /><!-- duration: 1ms -->
    </step><!-- duration: 119ms -->
  </step><!-- duration: 522ms -->
  <step title="Outgoing response" date="2025-11-27T09:48:27.781" type="response" statusCode="202" statusText="Accepted" /><!-- duration: 2ms -->
</step><!-- duration: 542ms -->
