<step title="Incoming Request" date="2025-11-27T19:21:49.608" instance="e17388" url="/api/zipdeploy?isAsync=true&amp;deployer=GITHUB_ZIP_DEPLOY&amp;message=%7B%22type%22%3A%22deployment%22%2C%22sha%22%3A%22df9d4c4d0adff57ac33b4905d388e78731d9a325%22%2C%22repoName%22%3A%22L96Expanded%2FD-D-Initiative%22%2C%22actor%22%3A%22L96Expanded%22%2C%22slotName%22%3A%22production%22%2C%22commitMessage%22%3A%22%22%7D" method="POST" type="request" pid="767,1,7" Host="dnd-initiative-prod.scm.azurewebsites.net" User-Agent="GITHUBACTIONS_DeployWebAppToAzure_d8ba7f0e74ab0e5d77dc87dc029177abee8253c2c7da9cd65d79dc2913806d42" Authorization="Bea..." Content-Type="application/octet-stream" Cookie="ARRAffinity=e173888f2e6cd428dbbbd21dde5a1f029e33073760f641fbae8fdb677285960a;Path=/;HttpOnly;Secure;Domain=dnd-initiative-prod.scm.azurewebsites.net; ARRAffinitySameSite=e173888f2e6cd428dbbbd21dde5a1f029e33073760f641fbae8fdb677285960a;Path=/;HttpOnly;SameSite=None;Secure;Domain=dnd-initiative-prod.scm.azurewebsites.net" Transfer-Encoding="chunked" X-ARR-LOG-ID="cfd8b377-b558-4ab6-9acd-fe8508554462" CLIENT-IP="145.132.101.192:58304" X-SITE-DEPLOYMENT-ID="dnd-initiative-prod" WAS-DEFAULT-HOSTNAME="dnd-initiative-prod.scm.azurewebsites.net" X-Forwarded-Proto="https" X-AppService-Proto="https" X-Forwarded-TlsVersion="1.3" X-WAWS-Unencoded-URL="/api/zipdeploy?isAsync=true&amp;deployer=GITHUB_ZIP_DEPLOY&amp;message=%7B%22type%22%3A%22deployment%22%2C%22sha%22%3A%22df9d4c4d0adff57ac33b4905d388e78731d9a325%22%2C%22repoName%22%3A%22L96Expanded%2FD-D-Initiative%22%2C%22actor%22%3A%22L96Expanded%22%2C%22slotName%22%3A%22production%22%2C%22commitMessage%22%3A%22%22%7D" X-Client-IP="145.132.101.192" X-Client-Port="58304" >
  <step title="ZipPushDeploy" date="2025-11-27T19:21:49.624" >
    <step title="ZipDeploy. Extract zip." date="2025-11-27T19:21:49.627" /><!-- duration: 2ms -->
    <step title="None repository commit" date="2025-11-27T19:21:49.633" >
      <step title="Commit id: 235c9ad0-32f1-45c2-9ded-8e44d9d934e0" date="2025-11-27T19:21:49.635" Message="N/A" AuthorName="N/A" AuthorEmail="N/A" /><!-- duration: 1ms -->
    </step><!-- duration: 4ms -->
    <step title="Starting PushDeployAsync" date="2025-11-27T19:21:49.639" /><!-- duration: 2ms -->
    <step title="Writing artifact to /tmp/zipdeploy/8ab216b2-6300-4ed6-a790-615ff771c108.zip" date="2025-11-27T19:21:49.648" >
      <step title="Writing multipart request body to /tmp/zipdeploy/8ab216b2-6300-4ed6-a790-615ff771c108.zip" date="2025-11-27T19:21:49.650" /><!-- duration: 4ms -->
    </step><!-- duration: 26ms -->
    <step title="Start deployment in the background" date="2025-11-27T19:21:49.680" >
      <step title="Acquiring Deployment Lock" date="2025-11-27T19:21:49.688" /><!-- duration: 2ms -->
      <step title="Acquired Deployment Lock" date="2025-11-27T19:21:49.796" /><!-- duration: 2ms -->
    </step><!-- duration: 162ms -->
  </step><!-- duration: 222ms -->
  <step title="Outgoing response" date="2025-11-27T19:21:49.850" type="response" statusCode="202" statusText="Accepted" /><!-- duration: 2ms -->
</step><!-- duration: 246ms -->
