<step title="BackgroundTrace" date="2025-11-27T22:32:56.636" instance="e17388" url="/api/zipdeploy" method="POST" >
  <step title="Creating temporary deployment - FetchDeploymentManager" date="2025-11-27T22:32:56.662" /><!-- duration: 1ms -->
  <step title="Creating temporary deployment" date="2025-11-27T22:32:56.669" /><!-- duration: 59ms -->
  <step title="Performing fetch based deployment" date="2025-11-27T22:32:56.745" >
    <step title="Cleaning up temp folders from previous zip deployments and extracting pushed zip file /tmp/zipdeploy/b5d5ae7f-cbf8-41a1-947a-8863516d5474.zip (0.03 MB) to /tmp/zipdeploy/extracted" date="2025-11-27T22:32:57.868" >
      <step title="ChmodRecursive Process exited with total time taken in ms: 15" date="2025-11-27T22:32:57.909" /><!-- duration: 2ms -->
    </step><!-- duration: 45ms -->
    <step title="Deployment timer started" date="2025-11-27T22:32:59.917" >
      <step title="DeploymentManager.Deploy(id:44c6d529-2320-45a7-be79-329f489754ac)" date="2025-11-27T22:32:59.921" >
        <step title="Collecting changeset information" date="2025-11-27T22:32:59.927" /><!-- duration: 80ms -->
        <step title="Updating submodules" date="2025-11-27T22:33:00.010" /><!-- duration: 1114ms -->
        <step title="Determining deployment builder" date="2025-11-27T22:33:01.309" >
          <step title="Builder is BasicBuilder" date="2025-11-27T22:33:01.318" /><!-- duration: 4ms -->
        </step><!-- duration: 16ms -->
        <step title="PreDeployment: context.CleanOutputPath False" date="2025-11-27T22:33:01.370" >
          <step title="PreDeployment: context.OutputPath /home/site/wwwroot" date="2025-11-27T22:33:01.497" >
            <step title="Building" date="2025-11-27T22:33:01.618" >
              <step title="Executing external process" date="2025-11-27T22:33:01.894" type="process" path="starter.sh" arguments="/opt/Kudu/Scripts/parallel_rsync.sh /tmp/zipdeploy/extracted /home/site/wwwroot 8 /tmp/ False True  " /><!-- duration: 2153ms -->
              <step title="Triggering recycle (preview mode disabled)." date="2025-11-27T22:33:04.339" /><!-- duration: 16ms -->
              <step title="Modified file to trigger a restart of the app container." date="2025-11-27T22:33:04.408" /><!-- duration: 6ms -->
              <step title="Skip function trigger and logicapp sync because function is not enabled." date="2025-11-27T22:33:04.428" /><!-- duration: 16ms -->
              <step title="Purge deployment items" date="2025-11-27T22:33:05.664" >
                <step title="Remove 1ca28230-, Success, received at 11/27/2025 19:16:32" date="2025-11-27T22:33:05.741" /><!-- duration: 3ms -->
              </step><!-- duration: 82ms -->
            </step><!-- duration: 4192ms -->
          </step><!-- duration: 4318ms -->
          <step title="Cleaning up temp files" date="2025-11-27T22:33:05.818" /><!-- duration: 6ms -->
          <step title="Cleaning up temp files" date="2025-11-27T22:33:05.825" /><!-- duration: 510ms -->
          <step title="Reloading status file with latest updates" date="2025-11-27T22:33:06.390" >
            <step title="WebHooksManager.PublishEventAsync: PostDeployment" date="2025-11-27T22:33:06.395" /><!-- duration: 25ms -->
          </step><!-- duration: 30ms -->
          <step title="Cleaning up temporary deployment - fetch deployment was successful" date="2025-11-27T22:33:06.424" /><!-- duration: 3ms -->
        </step><!-- duration: 5119ms -->
      </step><!-- duration: 6588ms -->
