<step title="Incoming Request" date="2025-11-30T12:16:32.894" instance="e17388" url="/api/deployments/latest?deployer=GITHUB_ZIP_DEPLOY&amp;time=2025-11-30_12-16-26Z" method="GET" type="request" pid="768,1,22" Host="dnd-initiative-prod.scm.azurewebsites.net" User-Agent="GITHUBACTIONS_DeployWebAppToAzure_d8ba7f0e74ab0e5d77dc87dc029177abee8253c2c7da9cd65d79dc2913806d42" Authorization="Bea..." Content-Type="application/json; charset=utf-8" Cookie="ARRAffinity=e173888f2e6cd428dbbbd21dde5a1f029e33073760f641fbae8fdb677285960a;Path=/;HttpOnly;Secure;Domain=dnd-initiative-prod.scm.azurewebsites.net; ARRAffinitySameSite=e173888f2e6cd428dbbbd21dde5a1f029e33073760f641fbae8fdb677285960a;Path=/;HttpOnly;SameSite=None;Secure;Domain=dnd-initiative-prod.scm.azurewebsites.net" Content-Length="0" X-ARR-LOG-ID="a6145666-c735-4731-bcb6-1a1211c81afc" CLIENT-IP="172.184.211.242:13329" X-SITE-DEPLOYMENT-ID="dnd-initiative-prod" WAS-DEFAULT-HOSTNAME="dnd-initiative-prod.scm.azurewebsites.net" X-Forwarded-Proto="https" X-AppService-Proto="https" X-Forwarded-TlsVersion="1.3" X-WAWS-Unencoded-URL="/api/deployments/latest?deployer=GITHUB_ZIP_DEPLOY&amp;time=2025-11-30_12-16-26Z" X-Client-IP="172.184.211.242" X-Client-Port="13329" >
  <step title="Cleanup Xml Logs" date="2025-11-30T12:16:32.897" >
    <step title="Cleanup Infos" date="2025-11-30T12:16:32.912" totalFiles="462" totalCleanup="302" /><!-- duration: 8ms -->
  </step><!-- duration: 35ms -->
  <step title="DeploymentService.GetResult" date="2025-11-30T12:16:32.940" >
    <step title="DeploymentService.GetLatestDeployment" date="2025-11-30T12:16:32.947" >
      <step title="DeploymentManager.GetResults" date="2025-11-30T12:16:32.949" /><!-- duration: 832ms -->
    </step><!-- duration: 838ms -->
  </step><!-- duration: 846ms -->
  <step title="Outgoing response" date="2025-11-30T12:16:33.788" type="response" statusCode="202" statusText="Accepted" /><!-- duration: 2ms -->
</step><!-- duration: 897ms -->
