<step title="Incoming Request" date="2025-11-27T22:42:41.789" instance="e17388" url="/api/zipdeploy?isAsync=true&amp;deployer=GITHUB_ZIP_DEPLOY&amp;message=%7B%22type%22%3A%22deployment%22%2C%22sha%22%3A%22ccde669bc45aa320b808b0755e6b6edd24da0507%22%2C%22repoName%22%3A%22L96Expanded%2FD-D-Initiative%22%2C%22actor%22%3A%22L96Expanded%22%2C%22slotName%22%3A%22production%22%2C%22commitMessage%22%3A%22Add%20package-lock.json%20and%20use%20npm%20install%20in%20workflow%22%7D" method="POST" type="request" pid="768,1,7" Host="dnd-initiative-prod.scm.azurewebsites.net" User-Agent="GITHUBACTIONS_DeployWebAppToAzure_d8ba7f0e74ab0e5d77dc87dc029177abee8253c2c7da9cd65d79dc2913806d42" Authorization="Bea..." Content-Type="application/octet-stream" Cookie="ARRAffinity=e173888f2e6cd428dbbbd21dde5a1f029e33073760f641fbae8fdb677285960a;Path=/;HttpOnly;Secure;Domain=dnd-initiative-prod.scm.azurewebsites.net; ARRAffinitySameSite=e173888f2e6cd428dbbbd21dde5a1f029e33073760f641fbae8fdb677285960a;Path=/;HttpOnly;SameSite=None;Secure;Domain=dnd-initiative-prod.scm.azurewebsites.net" Transfer-Encoding="chunked" X-ARR-LOG-ID="72e72c3d-ec17-4984-b8c4-343bb78ac428" CLIENT-IP="135.232.177.203:45096" X-SITE-DEPLOYMENT-ID="dnd-initiative-prod" WAS-DEFAULT-HOSTNAME="dnd-initiative-prod.scm.azurewebsites.net" X-Forwarded-Proto="https" X-AppService-Proto="https" X-Forwarded-TlsVersion="1.3" X-WAWS-Unencoded-URL="/api/zipdeploy?isAsync=true&amp;deployer=GITHUB_ZIP_DEPLOY&amp;message=%7B%22type%22%3A%22deployment%22%2C%22sha%22%3A%22ccde669bc45aa320b808b0755e6b6edd24da0507%22%2C%22repoName%22%3A%22L96Expanded%2FD-D-Initiative%22%2C%22actor%22%3A%22L96Expanded%22%2C%22slotName%22%3A%22production%22%2C%22commitMessage%22%3A%22Add%20package-lock.json%20and%20use%20npm%20install%20in%20workflow%22%7D" X-Client-IP="135.232.177.203" X-Client-Port="45096" >
  <step title="ZipPushDeploy" date="2025-11-27T22:42:41.806" >
    <step title="ZipDeploy. Extract zip." date="2025-11-27T22:42:41.812" /><!-- duration: 2ms -->
    <step title="None repository commit" date="2025-11-27T22:42:41.817" >
      <step title="Commit id: 3c37364a-9f25-4506-82a7-9525f035de1a" date="2025-11-27T22:42:41.819" Message="N/A" AuthorName="N/A" AuthorEmail="N/A" /><!-- duration: 1ms -->
    </step><!-- duration: 5ms -->
    <step title="Starting PushDeployAsync" date="2025-11-27T22:42:41.824" /><!-- duration: 2ms -->
    <step title="Writing artifact to /tmp/zipdeploy/35a0685c-d976-459d-8d92-3ac47873eedd.zip" date="2025-11-27T22:42:41.833" >
      <step title="Writing multipart request body to /tmp/zipdeploy/35a0685c-d976-459d-8d92-3ac47873eedd.zip" date="2025-11-27T22:42:41.835" /><!-- duration: 2ms -->
    </step><!-- duration: 21ms -->
    <step title="Start deployment in the background" date="2025-11-27T22:42:41.863" >
      <step title="Acquiring Deployment Lock" date="2025-11-27T22:42:41.872" /><!-- duration: 2ms -->
      <step title="Acquired Deployment Lock" date="2025-11-27T22:42:41.923" /><!-- duration: 2ms -->
    </step><!-- duration: 111ms -->
  </step><!-- duration: 172ms -->
  <step title="Outgoing response" date="2025-11-27T22:42:41.983" type="response" statusCode="202" statusText="Accepted" /><!-- duration: 2ms -->
</step><!-- duration: 197ms -->
