<step title="BackgroundTrace" date="2025-11-30T11:58:06.434" instance="e17388" url="/api/zipdeploy" method="POST" >
  <step title="Creating temporary deployment - FetchDeploymentManager" date="2025-11-30T11:58:06.502" /><!-- duration: 1ms -->
  <step title="Creating temporary deployment" date="2025-11-30T11:58:06.506" /><!-- duration: 38ms -->
  <step title="Performing fetch based deployment" date="2025-11-30T11:58:06.567" >
    <step title="Cleaning up temp folders from previous zip deployments and extracting pushed zip file /tmp/zipdeploy/24365d2c-146f-446e-88a2-575bd6bed198.zip (0.05 MB) to /tmp/zipdeploy/extracted" date="2025-11-30T11:58:07.705" >
      <step title="ChmodRecursive Process exited with total time taken in ms: 17" date="2025-11-30T11:58:07.751" /><!-- duration: 2ms -->
    </step><!-- duration: 50ms -->
    <step title="Deployment timer started" date="2025-11-30T11:58:09.763" >
      <step title="DeploymentManager.Deploy(id:e7f6f266-9f5d-4f90-a685-c1760b35d65b)" date="2025-11-30T11:58:09.766" >
        <step title="Collecting changeset information" date="2025-11-30T11:58:09.779" /><!-- duration: 87ms -->
        <step title="Updating submodules" date="2025-11-30T11:58:09.868" /><!-- duration: 1130ms -->
        <step title="Determining deployment builder" date="2025-11-30T11:58:11.186" >
          <step title="Builder is BasicBuilder" date="2025-11-30T11:58:11.194" /><!-- duration: 2ms -->
        </step><!-- duration: 12ms -->
        <step title="PreDeployment: context.CleanOutputPath False" date="2025-11-30T11:58:11.243" >
          <step title="PreDeployment: context.OutputPath /home/site/wwwroot" date="2025-11-30T11:58:11.351" >
            <step title="Building" date="2025-11-30T11:58:11.463" >
              <step title="Executing external process" date="2025-11-30T11:58:11.708" type="process" path="starter.sh" arguments="/opt/Kudu/Scripts/parallel_rsync.sh /tmp/zipdeploy/extracted /home/site/wwwroot 8 /tmp/ False True  " /><!-- duration: 1447ms -->
              <step title="Triggering recycle (preview mode disabled)." date="2025-11-30T11:58:13.379" /><!-- duration: 4ms -->
              <step title="Modified file to trigger a restart of the app container." date="2025-11-30T11:58:13.400" /><!-- duration: 2ms -->
              <step title="Skip function trigger and logicapp sync because function is not enabled." date="2025-11-30T11:58:13.404" /><!-- duration: 3ms -->
              <step title="Purge deployment items" date="2025-11-30T11:58:14.973" >
                <step title="Remove 3c37364a-, Success, received at 11/27/2025 22:42:45" date="2025-11-30T11:58:15.017" /><!-- duration: 2ms -->
              </step><!-- duration: 47ms -->
            </step><!-- duration: 3624ms -->
          </step><!-- duration: 3739ms -->
          <step title="Cleaning up temp files" date="2025-11-30T11:58:15.092" /><!-- duration: 2ms -->
          <step title="Cleaning up temp files" date="2025-11-30T11:58:15.096" /><!-- duration: 503ms -->
          <step title="Reloading status file with latest updates" date="2025-11-30T11:58:15.615" >
            <step title="WebHooksManager.PublishEventAsync: PostDeployment" date="2025-11-30T11:58:15.617" /><!-- duration: 45ms -->
          </step><!-- duration: 49ms -->
          <step title="Cleaning up temporary deployment - fetch deployment was successful" date="2025-11-30T11:58:15.668" /><!-- duration: 1ms -->
        </step><!-- duration: 4487ms -->
      </step><!-- duration: 5971ms -->
