<step title="Incoming Request" date="2025-11-27T23:21:56.427" instance="e17388" url="/api/zipdeploy?isAsync=true&amp;deployer=GITHUB_ZIP_DEPLOY&amp;message=%7B%22type%22%3A%22deployment%22%2C%22sha%22%3A%22441191a337a88f135da09c7275c9bd52efbd72be%22%2C%22repoName%22%3A%22L96Expanded%2FD-D-Initiative%22%2C%22actor%22%3A%22L96Expanded%22%2C%22slotName%22%3A%22production%22%2C%22commitMessage%22%3A%22Trigger%20backend%20deployment%20-%20bump%20version%20to%201.0.1%22%7D" method="POST" type="request" pid="769,1,23" Host="dnd-initiative-prod.scm.azurewebsites.net" User-Agent="GITHUBACTIONS_DeployWebAppToAzure_d8ba7f0e74ab0e5d77dc87dc029177abee8253c2c7da9cd65d79dc2913806d42" Authorization="Bea..." Content-Type="application/octet-stream" Cookie="ARRAffinity=e173888f2e6cd428dbbbd21dde5a1f029e33073760f641fbae8fdb677285960a;Path=/;HttpOnly;Secure;Domain=dnd-initiative-prod.scm.azurewebsites.net; ARRAffinitySameSite=e173888f2e6cd428dbbbd21dde5a1f029e33073760f641fbae8fdb677285960a;Path=/;HttpOnly;SameSite=None;Secure;Domain=dnd-initiative-prod.scm.azurewebsites.net" Transfer-Encoding="chunked" X-ARR-LOG-ID="146482f5-0012-4bc9-80d8-22746eb3b279" CLIENT-IP="172.178.117.210:48144" X-SITE-DEPLOYMENT-ID="dnd-initiative-prod" WAS-DEFAULT-HOSTNAME="dnd-initiative-prod.scm.azurewebsites.net" X-Forwarded-Proto="https" X-AppService-Proto="https" X-Forwarded-TlsVersion="1.3" X-WAWS-Unencoded-URL="/api/zipdeploy?isAsync=true&amp;deployer=GITHUB_ZIP_DEPLOY&amp;message=%7B%22type%22%3A%22deployment%22%2C%22sha%22%3A%22441191a337a88f135da09c7275c9bd52efbd72be%22%2C%22repoName%22%3A%22L96Expanded%2FD-D-Initiative%22%2C%22actor%22%3A%22L96Expanded%22%2C%22slotName%22%3A%22production%22%2C%22commitMessage%22%3A%22Trigger%20backend%20deployment%20-%20bump%20version%20to%201.0.1%22%7D" X-Client-IP="172.178.117.210" X-Client-Port="48144" >
  <step title="ZipPushDeploy" date="2025-11-27T23:21:56.436" >
    <step title="ZipDeploy. Extract zip." date="2025-11-27T23:21:56.440" /><!-- duration: 7ms -->
    <step title="None repository commit" date="2025-11-27T23:21:56.450" >
      <step title="Commit id: 11c87587-adab-463d-aaeb-683527ecb345" date="2025-11-27T23:21:56.451" Message="N/A" AuthorName="N/A" AuthorEmail="N/A" /><!-- duration: 2ms -->
    </step><!-- duration: 5ms -->
    <step title="Starting PushDeployAsync" date="2025-11-27T23:21:56.456" /><!-- duration: 2ms -->
    <step title="Writing artifact to /tmp/zipdeploy/422331cd-6d74-4220-a8fc-fa301fc4a176.zip" date="2025-11-27T23:21:56.462" >
      <step title="Writing multipart request body to /tmp/zipdeploy/422331cd-6d74-4220-a8fc-fa301fc4a176.zip" date="2025-11-27T23:21:56.465" /><!-- duration: 4ms -->
    </step><!-- duration: 23ms -->
    <step title="Start deployment in the background" date="2025-11-27T23:21:56.492" >
      <step title="Acquiring Deployment Lock" date="2025-11-27T23:21:56.504" /><!-- duration: 3ms -->
      <step title="Acquired Deployment Lock" date="2025-11-27T23:21:56.620" /><!-- duration: 2ms -->
    </step><!-- duration: 204ms -->
  </step><!-- duration: 263ms -->
  <step title="Outgoing response" date="2025-11-27T23:21:56.703" type="response" statusCode="202" statusText="Accepted" /><!-- duration: 2ms -->
</step><!-- duration: 279ms -->
