<step title="Incoming Request" date="2025-11-30T10:43:19.807" instance="e17388" url="/api/zipdeploy?isAsync=true&amp;deployer=GITHUB_ZIP_DEPLOY&amp;message=%7B%22type%22%3A%22deployment%22%2C%22sha%22%3A%2272c0869483e40e3dea43cb938b0e44e3a01b15a0%22%2C%22repoName%22%3A%22L96Expanded%2FD-D-Initiative%22%2C%22actor%22%3A%22L96Expanded%22%2C%22slotName%22%3A%22production%22%2C%22commitMessage%22%3A%22Fix%20modal%20width%20to%20allow%20full%20responsiveness%22%7D" method="POST" type="request" pid="768,1,47" Host="dnd-initiative-prod.scm.azurewebsites.net" User-Agent="GITHUBACTIONS_DeployWebAppToAzure_d8ba7f0e74ab0e5d77dc87dc029177abee8253c2c7da9cd65d79dc2913806d42" Authorization="Bea..." Content-Type="application/octet-stream" Cookie="ARRAffinity=e173888f2e6cd428dbbbd21dde5a1f029e33073760f641fbae8fdb677285960a;Path=/;HttpOnly;Secure;Domain=dnd-initiative-prod.scm.azurewebsites.net; ARRAffinitySameSite=e173888f2e6cd428dbbbd21dde5a1f029e33073760f641fbae8fdb677285960a;Path=/;HttpOnly;SameSite=None;Secure;Domain=dnd-initiative-prod.scm.azurewebsites.net" Transfer-Encoding="chunked" X-ARR-LOG-ID="0383bf89-870f-4446-ab8b-d6a276a20d34" CLIENT-IP="172.208.153.209:61448" X-SITE-DEPLOYMENT-ID="dnd-initiative-prod" WAS-DEFAULT-HOSTNAME="dnd-initiative-prod.scm.azurewebsites.net" X-Forwarded-Proto="https" X-AppService-Proto="https" X-Forwarded-TlsVersion="1.3" X-WAWS-Unencoded-URL="/api/zipdeploy?isAsync=true&amp;deployer=GITHUB_ZIP_DEPLOY&amp;message=%7B%22type%22%3A%22deployment%22%2C%22sha%22%3A%2272c0869483e40e3dea43cb938b0e44e3a01b15a0%22%2C%22repoName%22%3A%22L96Expanded%2FD-D-Initiative%22%2C%22actor%22%3A%22L96Expanded%22%2C%22slotName%22%3A%22production%22%2C%22commitMessage%22%3A%22Fix%20modal%20width%20to%20allow%20full%20responsiveness%22%7D" X-Client-IP="172.208.153.209" X-Client-Port="61448" >
  <step title="ZipPushDeploy" date="2025-11-30T10:43:19.824" >
    <step title="ZipDeploy. Extract zip." date="2025-11-30T10:43:19.828" /><!-- duration: 3ms -->
    <step title="None repository commit" date="2025-11-30T10:43:19.835" >
      <step title="Commit id: 5adf4d0a-3ee1-41f0-9920-54df5e808b20" date="2025-11-30T10:43:19.836" Message="N/A" AuthorName="N/A" AuthorEmail="N/A" /><!-- duration: 2ms -->
    </step><!-- duration: 5ms -->
    <step title="Starting PushDeployAsync" date="2025-11-30T10:43:19.842" /><!-- duration: 1ms -->
    <step title="Writing artifact to /tmp/zipdeploy/d9f7c5bd-d217-497e-87d6-1c9fa342910b.zip" date="2025-11-30T10:43:19.850" >
      <step title="Writing multipart request body to /tmp/zipdeploy/d9f7c5bd-d217-497e-87d6-1c9fa342910b.zip" date="2025-11-30T10:43:19.856" /><!-- duration: 4ms -->
    </step><!-- duration: 24ms -->
    <step title="Start deployment in the background" date="2025-11-30T10:43:19.880" >
      <step title="Acquiring Deployment Lock" date="2025-11-30T10:43:19.889" /><!-- duration: 3ms -->
      <step title="Acquired Deployment Lock" date="2025-11-30T10:43:19.922" /><!-- duration: 2ms -->
    </step><!-- duration: 112ms -->
  </step><!-- duration: 171ms -->
  <step title="Outgoing response" date="2025-11-30T10:43:20.000" type="response" statusCode="202" statusText="Accepted" /><!-- duration: 2ms -->
</step><!-- duration: 196ms -->
