<step title="Incoming Request" date="2025-11-27T21:53:12.117" instance="e17388" url="/api/zipdeploy?isAsync=true&amp;deployer=GITHUB_ZIP_DEPLOY&amp;message=%7B%22type%22%3A%22deployment%22%2C%22sha%22%3A%22f650643831788df0d4c5f787a11b7a0839671620%22%2C%22repoName%22%3A%22L96Expanded%2FD-D-Initiative%22%2C%22actor%22%3A%22L96Expanded%22%2C%22slotName%22%3A%22production%22%2C%22commitMessage%22%3A%22Fix%20frontend%20API%20URL%20configuration%20and%20add%20Static%20Web%20App%20config%22%7D" method="POST" type="request" pid="768,1,63" Host="dnd-initiative-prod.scm.azurewebsites.net" User-Agent="GITHUBACTIONS_DeployWebAppToAzure_d8ba7f0e74ab0e5d77dc87dc029177abee8253c2c7da9cd65d79dc2913806d42" Authorization="Bea..." Content-Type="application/octet-stream" Cookie="ARRAffinity=e173888f2e6cd428dbbbd21dde5a1f029e33073760f641fbae8fdb677285960a;Path=/;HttpOnly;Secure;Domain=dnd-initiative-prod.scm.azurewebsites.net; ARRAffinitySameSite=e173888f2e6cd428dbbbd21dde5a1f029e33073760f641fbae8fdb677285960a;Path=/;HttpOnly;SameSite=None;Secure;Domain=dnd-initiative-prod.scm.azurewebsites.net" Transfer-Encoding="chunked" X-ARR-LOG-ID="62e45524-1df0-42e5-9489-3cd4892ebe8d" CLIENT-IP="57.151.128.130:31760" X-SITE-DEPLOYMENT-ID="dnd-initiative-prod" WAS-DEFAULT-HOSTNAME="dnd-initiative-prod.scm.azurewebsites.net" X-Forwarded-Proto="https" X-AppService-Proto="https" X-Forwarded-TlsVersion="1.3" X-WAWS-Unencoded-URL="/api/zipdeploy?isAsync=true&amp;deployer=GITHUB_ZIP_DEPLOY&amp;message=%7B%22type%22%3A%22deployment%22%2C%22sha%22%3A%22f650643831788df0d4c5f787a11b7a0839671620%22%2C%22repoName%22%3A%22L96Expanded%2FD-D-Initiative%22%2C%22actor%22%3A%22L96Expanded%22%2C%22slotName%22%3A%22production%22%2C%22commitMessage%22%3A%22Fix%20frontend%20API%20URL%20configuration%20and%20add%20Static%20Web%20App%20config%22%7D" X-Client-IP="57.151.128.130" X-Client-Port="31760" >
  <step title="ZipPushDeploy" date="2025-11-27T21:53:12.133" >
    <step title="ZipDeploy. Extract zip." date="2025-11-27T21:53:12.137" /><!-- duration: 2ms -->
    <step title="None repository commit" date="2025-11-27T21:53:12.141" >
      <step title="Commit id: 88358b43-8727-4084-8638-34cec6d6f3eb" date="2025-11-27T21:53:12.143" Message="N/A" AuthorName="N/A" AuthorEmail="N/A" /><!-- duration: 2ms -->
    </step><!-- duration: 5ms -->
    <step title="Starting PushDeployAsync" date="2025-11-27T21:53:12.150" /><!-- duration: 2ms -->
    <step title="Writing artifact to /tmp/zipdeploy/bede5d93-0160-4dac-ad59-feca6bc367db.zip" date="2025-11-27T21:53:12.161" >
      <step title="Writing multipart request body to /tmp/zipdeploy/bede5d93-0160-4dac-ad59-feca6bc367db.zip" date="2025-11-27T21:53:12.163" /><!-- duration: 2ms -->
    </step><!-- duration: 18ms -->
    <step title="Start deployment in the background" date="2025-11-27T21:53:12.184" >
      <step title="Acquiring Deployment Lock" date="2025-11-27T21:53:12.213" /><!-- duration: 2ms -->
      <step title="Acquired Deployment Lock" date="2025-11-27T21:53:12.245" /><!-- duration: 2ms -->
    </step><!-- duration: 109ms -->
  </step><!-- duration: 163ms -->
  <step title="Outgoing response" date="2025-11-27T21:53:12.300" type="response" statusCode="202" statusText="Accepted" /><!-- duration: 2ms -->
</step><!-- duration: 187ms -->
