<step title="Incoming Request" date="2025-11-27T19:21:56.217" instance="e17388" url="/api/deployments/latest?deployer=GITHUB_ZIP_DEPLOY&amp;time=2025-11-27_19-21-49Z" method="GET" type="request" pid="767,1,23" Host="dnd-initiative-prod.scm.azurewebsites.net" User-Agent="GITHUBACTIONS_DeployWebAppToAzure_d8ba7f0e74ab0e5d77dc87dc029177abee8253c2c7da9cd65d79dc2913806d42" Authorization="Bea..." Content-Type="application/json; charset=utf-8" Cookie="ARRAffinity=e173888f2e6cd428dbbbd21dde5a1f029e33073760f641fbae8fdb677285960a;Path=/;HttpOnly;Secure;Domain=dnd-initiative-prod.scm.azurewebsites.net; ARRAffinitySameSite=e173888f2e6cd428dbbbd21dde5a1f029e33073760f641fbae8fdb677285960a;Path=/;HttpOnly;SameSite=None;Secure;Domain=dnd-initiative-prod.scm.azurewebsites.net" Content-Length="0" X-ARR-LOG-ID="0141f63c-31ce-4a35-a353-f4198e62c66d" CLIENT-IP="145.132.101.192:58305" X-SITE-DEPLOYMENT-ID="dnd-initiative-prod" WAS-DEFAULT-HOSTNAME="dnd-initiative-prod.scm.azurewebsites.net" X-Forwarded-Proto="https" X-AppService-Proto="https" X-Forwarded-TlsVersion="1.3" X-WAWS-Unencoded-URL="/api/deployments/latest?deployer=GITHUB_ZIP_DEPLOY&amp;time=2025-11-27_19-21-49Z" X-Client-IP="145.132.101.192" X-Client-Port="58305" >
  <step title="Cleanup Xml Logs" date="2025-11-27T19:21:56.222" >
    <step title="Cleanup Infos" date="2025-11-27T19:21:56.238" totalFiles="256" totalCleanup="96" /><!-- duration: 9ms -->
  </step><!-- duration: 27ms -->
  <step title="DeploymentService.GetResult" date="2025-11-27T19:21:56.260" >
    <step title="DeploymentService.GetLatestDeployment" date="2025-11-27T19:21:56.261" >
      <step title="DeploymentManager.GetResults" date="2025-11-27T19:21:56.263" /><!-- duration: 581ms -->
    </step><!-- duration: 585ms -->
  </step><!-- duration: 589ms -->
  <step title="Outgoing response" date="2025-11-27T19:21:56.850" type="response" statusCode="202" statusText="Accepted" /><!-- duration: 2ms -->
</step><!-- duration: 636ms -->
