<step title="BackgroundTrace" date="2025-11-27T22:24:09.131" instance="e17388" url="/api/zipdeploy" method="POST" >
  <step title="Creating temporary deployment - FetchDeploymentManager" date="2025-11-27T22:24:09.188" /><!-- duration: 1ms -->
  <step title="Creating temporary deployment" date="2025-11-27T22:24:09.191" /><!-- duration: 63ms -->
  <step title="Performing fetch based deployment" date="2025-11-27T22:24:09.311" >
    <step title="Cleaning up temp folders from previous zip deployments and extracting pushed zip file /tmp/zipdeploy/25f124c1-534c-416d-9d11-4eba689f2767.zip (0.03 MB) to /tmp/zipdeploy/extracted" date="2025-11-27T22:24:10.443" >
      <step title="ChmodRecursive Process exited with total time taken in ms: 22" date="2025-11-27T22:24:10.495" /><!-- duration: 2ms -->
    </step><!-- duration: 57ms -->
    <step title="Deployment timer started" date="2025-11-27T22:24:12.508" >
      <step title="DeploymentManager.Deploy(id:c4a69caf-5fcc-4129-b33f-9280c1fc3f1f)" date="2025-11-27T22:24:12.511" >
        <step title="Collecting changeset information" date="2025-11-27T22:24:12.522" /><!-- duration: 75ms -->
        <step title="Updating submodules" date="2025-11-27T22:24:12.599" /><!-- duration: 1127ms -->
        <step title="Determining deployment builder" date="2025-11-27T22:24:13.893" >
          <step title="Builder is BasicBuilder" date="2025-11-27T22:24:13.898" /><!-- duration: 1ms -->
        </step><!-- duration: 9ms -->
        <step title="PreDeployment: context.CleanOutputPath False" date="2025-11-27T22:24:13.944" >
          <step title="PreDeployment: context.OutputPath /home/site/wwwroot" date="2025-11-27T22:24:14.053" >
            <step title="Building" date="2025-11-27T22:24:14.170" >
              <step title="Executing external process" date="2025-11-27T22:24:14.431" type="process" path="starter.sh" arguments="/opt/Kudu/Scripts/parallel_rsync.sh /tmp/zipdeploy/extracted /home/site/wwwroot 8 /tmp/ False True  " /><!-- duration: 1615ms -->
              <step title="Triggering recycle (preview mode disabled)." date="2025-11-27T22:24:16.264" /><!-- duration: 2ms -->
              <step title="Modified file to trigger a restart of the app container." date="2025-11-27T22:24:16.281" /><!-- duration: 2ms -->
              <step title="Skip function trigger and logicapp sync because function is not enabled." date="2025-11-27T22:24:16.286" /><!-- duration: 4ms -->
              <step title="Purge deployment items" date="2025-11-27T22:24:17.241" >
                <step title="Remove 2a8b37eb-, Success, received at 11/27/2025 19:10:37" date="2025-11-27T22:24:17.286" /><!-- duration: 3ms -->
              </step><!-- duration: 49ms -->
            </step><!-- duration: 3183ms -->
          </step><!-- duration: 3302ms -->
          <step title="Cleaning up temp files" date="2025-11-27T22:24:17.357" /><!-- duration: 2ms -->
          <step title="Cleaning up temp files" date="2025-11-27T22:24:17.362" /><!-- duration: 503ms -->
          <step title="Reloading status file with latest updates" date="2025-11-27T22:24:17.881" >
            <step title="WebHooksManager.PublishEventAsync: PostDeployment" date="2025-11-27T22:24:17.884" /><!-- duration: 29ms -->
          </step><!-- duration: 33ms -->
          <step title="Cleaning up temporary deployment - fetch deployment was successful" date="2025-11-27T22:24:17.917" /><!-- duration: 1ms -->
        </step><!-- duration: 4040ms -->
      </step><!-- duration: 5481ms -->
