<step title="Incoming Request" date="2025-11-27T22:58:28.216" instance="e17388" url="/api/zipdeploy?isAsync=true&amp;deployer=GITHUB_ZIP_DEPLOY&amp;message=%7B%22type%22%3A%22deployment%22%2C%22sha%22%3A%22b17049e26abaf0ba34b2406a17c48c142c81afd7%22%2C%22repoName%22%3A%22L96Expanded%2FD-D-Initiative%22%2C%22actor%22%3A%22L96Expanded%22%2C%22slotName%22%3A%22production%22%2C%22commitMessage%22%3A%22Fix%20workflow%20name%20to%20match%20Azure%20expectation%3A%20Azure%20Static%20Web%20Apps%20CI%2FCD%22%7D" method="POST" type="request" pid="768,1,5" Host="dnd-initiative-prod.scm.azurewebsites.net" User-Agent="GITHUBACTIONS_DeployWebAppToAzure_d8ba7f0e74ab0e5d77dc87dc029177abee8253c2c7da9cd65d79dc2913806d42" Authorization="Bea..." Content-Type="application/octet-stream" Cookie="ARRAffinity=e173888f2e6cd428dbbbd21dde5a1f029e33073760f641fbae8fdb677285960a;Path=/;HttpOnly;Secure;Domain=dnd-initiative-prod.scm.azurewebsites.net; ARRAffinitySameSite=e173888f2e6cd428dbbbd21dde5a1f029e33073760f641fbae8fdb677285960a;Path=/;HttpOnly;SameSite=None;Secure;Domain=dnd-initiative-prod.scm.azurewebsites.net" Transfer-Encoding="chunked" X-ARR-LOG-ID="22b358e8-8f75-428c-bd15-0d740b5ca65c" CLIENT-IP="52.159.246.5:15392" X-SITE-DEPLOYMENT-ID="dnd-initiative-prod" WAS-DEFAULT-HOSTNAME="dnd-initiative-prod.scm.azurewebsites.net" X-Forwarded-Proto="https" X-AppService-Proto="https" X-Forwarded-TlsVersion="1.3" X-WAWS-Unencoded-URL="/api/zipdeploy?isAsync=true&amp;deployer=GITHUB_ZIP_DEPLOY&amp;message=%7B%22type%22%3A%22deployment%22%2C%22sha%22%3A%22b17049e26abaf0ba34b2406a17c48c142c81afd7%22%2C%22repoName%22%3A%22L96Expanded%2FD-D-Initiative%22%2C%22actor%22%3A%22L96Expanded%22%2C%22slotName%22%3A%22production%22%2C%22commitMessage%22%3A%22Fix%20workflow%20name%20to%20match%20Azure%20expectation%3A%20Azure%20Static%20Web%20Apps%20CI%2FCD%22%7D" X-Client-IP="52.159.246.5" X-Client-Port="15392" >
  <step title="ZipPushDeploy" date="2025-11-27T22:58:28.232" >
    <step title="ZipDeploy. Extract zip." date="2025-11-27T22:58:28.236" /><!-- duration: 2ms -->
    <step title="None repository commit" date="2025-11-27T22:58:28.241" >
      <step title="Commit id: a1f1aaa3-ffea-42d4-b581-e03fbad2a051" date="2025-11-27T22:58:28.243" Message="N/A" AuthorName="N/A" AuthorEmail="N/A" /><!-- duration: 1ms -->
    </step><!-- duration: 5ms -->
    <step title="Starting PushDeployAsync" date="2025-11-27T22:58:28.247" /><!-- duration: 2ms -->
    <step title="Writing artifact to /tmp/zipdeploy/60a7dc66-2986-4851-87a5-32b65f16b808.zip" date="2025-11-27T22:58:28.256" >
      <step title="Writing multipart request body to /tmp/zipdeploy/60a7dc66-2986-4851-87a5-32b65f16b808.zip" date="2025-11-27T22:58:28.258" /><!-- duration: 2ms -->
    </step><!-- duration: 19ms -->
    <step title="Start deployment in the background" date="2025-11-27T22:58:28.281" >
      <step title="Acquiring Deployment Lock" date="2025-11-27T22:58:28.315" /><!-- duration: 2ms -->
      <step title="Acquired Deployment Lock" date="2025-11-27T22:58:28.353" /><!-- duration: 2ms -->
    </step><!-- duration: 178ms -->
  </step><!-- duration: 230ms -->
  <step title="Outgoing response" date="2025-11-27T22:58:28.468" type="response" statusCode="202" statusText="Accepted" /><!-- duration: 2ms -->
</step><!-- duration: 255ms -->
