<step title="BackgroundTrace" date="2025-11-28T09:30:37.868" instance="e17388" url="/api/zipdeploy" method="POST" >
  <step title="Creating temporary deployment - FetchDeploymentManager" date="2025-11-28T09:30:37.906" /><!-- duration: 1ms -->
  <step title="Creating temporary deployment" date="2025-11-28T09:30:37.909" /><!-- duration: 44ms -->
  <step title="Performing fetch based deployment" date="2025-11-28T09:30:37.979" >
    <step title="Cleaning up temp folders from previous zip deployments and extracting pushed zip file /tmp/zipdeploy/601b6394-446d-4bf0-8957-f07ce82b7e71.zip (0.03 MB) to /tmp/zipdeploy/extracted" date="2025-11-28T09:30:39.149" >
      <step title="ChmodRecursive Process exited with total time taken in ms: 19" date="2025-11-28T09:30:39.214" /><!-- duration: 2ms -->
    </step><!-- duration: 71ms -->
    <step title="Deployment timer started" date="2025-11-28T09:30:41.226" >
      <step title="DeploymentManager.Deploy(id:3539547e-0b6d-4be8-996d-7fc7f82ae98c)" date="2025-11-28T09:30:41.230" >
        <step title="Collecting changeset information" date="2025-11-28T09:30:41.236" /><!-- duration: 72ms -->
        <step title="Updating submodules" date="2025-11-28T09:30:41.317" /><!-- duration: 1129ms -->
        <step title="Determining deployment builder" date="2025-11-28T09:30:42.644" >
          <step title="Builder is BasicBuilder" date="2025-11-28T09:30:42.650" /><!-- duration: 1ms -->
        </step><!-- duration: 9ms -->
        <step title="PreDeployment: context.CleanOutputPath False" date="2025-11-28T09:30:42.694" >
          <step title="PreDeployment: context.OutputPath /home/site/wwwroot" date="2025-11-28T09:30:42.783" >
            <step title="Building" date="2025-11-28T09:30:42.897" >
              <step title="Executing external process" date="2025-11-28T09:30:43.118" type="process" path="starter.sh" arguments="/opt/Kudu/Scripts/parallel_rsync.sh /tmp/zipdeploy/extracted /home/site/wwwroot 8 /tmp/ False True  " /><!-- duration: 1349ms -->
              <step title="Triggering recycle (preview mode disabled)." date="2025-11-28T09:30:44.666" /><!-- duration: 4ms -->
              <step title="Modified file to trigger a restart of the app container." date="2025-11-28T09:30:44.695" /><!-- duration: 1ms -->
              <step title="Skip function trigger and logicapp sync because function is not enabled." date="2025-11-28T09:30:44.700" /><!-- duration: 2ms -->
              <step title="Purge deployment items" date="2025-11-28T09:30:46.186" >
                <step title="Remove edb349b7-, Success, received at 11/27/2025 22:32:50" date="2025-11-28T09:30:46.231" /><!-- duration: 2ms -->
              </step><!-- duration: 48ms -->
            </step><!-- duration: 3399ms -->
          </step><!-- duration: 3515ms -->
          <step title="Cleaning up temp files" date="2025-11-28T09:30:46.299" /><!-- duration: 2ms -->
          <step title="Cleaning up temp files" date="2025-11-28T09:30:46.303" /><!-- duration: 502ms -->
          <step title="Reloading status file with latest updates" date="2025-11-28T09:30:46.851" >
            <step title="WebHooksManager.PublishEventAsync: PostDeployment" date="2025-11-28T09:30:46.854" /><!-- duration: 26ms -->
          </step><!-- duration: 30ms -->
          <step title="Cleaning up temporary deployment - fetch deployment was successful" date="2025-11-28T09:30:46.884" /><!-- duration: 1ms -->
        </step><!-- duration: 4239ms -->
      </step><!-- duration: 5711ms -->
