<step title="BackgroundTrace" date="2025-11-27T18:55:58.025" instance="e17388" url="/api/zipdeploy" method="POST" >
  <step title="Creating temporary deployment - FetchDeploymentManager" date="2025-11-27T18:55:58.090" /><!-- duration: 1ms -->
  <step title="Creating temporary deployment" date="2025-11-27T18:55:58.093" /><!-- duration: 40ms -->
  <step title="Performing fetch based deployment" date="2025-11-27T18:55:58.156" >
    <step title="Cleaning up temp folders from previous zip deployments and extracting pushed zip file /tmp/zipdeploy/bcd2dbcf-eea9-4799-88cd-36febc3dba57.zip (0.03 MB) to /tmp/zipdeploy/extracted" date="2025-11-27T18:55:59.310" >
      <step title="ChmodRecursive Process exited with total time taken in ms: 16" date="2025-11-27T18:55:59.352" /><!-- duration: 2ms -->
    </step><!-- duration: 47ms -->
    <step title="Deployment timer started" date="2025-11-27T18:56:01.363" >
      <step title="DeploymentManager.Deploy(id:258d6996-2ba1-45a7-9590-951c57bab804)" date="2025-11-27T18:56:01.366" >
        <step title="Collecting changeset information" date="2025-11-27T18:56:01.373" /><!-- duration: 79ms -->
        <step title="Updating submodules" date="2025-11-27T18:56:01.455" /><!-- duration: 1123ms -->
        <step title="Determining deployment builder" date="2025-11-27T18:56:02.773" >
          <step title="Builder is BasicBuilder" date="2025-11-27T18:56:02.779" /><!-- duration: 2ms -->
        </step><!-- duration: 10ms -->
        <step title="PreDeployment: context.CleanOutputPath False" date="2025-11-27T18:56:02.820" >
          <step title="PreDeployment: context.OutputPath /home/site/wwwroot" date="2025-11-27T18:56:02.928" >
            <step title="Building" date="2025-11-27T18:56:03.050" >
              <step title="Executing external process" date="2025-11-27T18:56:03.285" type="process" path="starter.sh" arguments="/opt/Kudu/Scripts/parallel_rsync.sh /tmp/zipdeploy/extracted /home/site/wwwroot 8 /tmp/ False True  " /><!-- duration: 1654ms -->
              <step title="Triggering recycle (preview mode disabled)." date="2025-11-27T18:56:05.737" /><!-- duration: 8ms -->
              <step title="Modified file to trigger a restart of the app container." date="2025-11-27T18:56:05.764" /><!-- duration: 2ms -->
              <step title="Skip function trigger and logicapp sync because function is not enabled." date="2025-11-27T18:56:05.772" /><!-- duration: 4ms -->
              <step title="Purge deployment items" date="2025-11-27T18:56:07.021" >
                <step title="Remove 62622aab-, Success, received at 11/27/2025 09:48:31" date="2025-11-27T18:56:07.069" /><!-- duration: 1ms -->
              </step><!-- duration: 51ms -->
            </step><!-- duration: 4093ms -->
          </step><!-- duration: 4218ms -->
          <step title="Cleaning up temp files" date="2025-11-27T18:56:07.147" /><!-- duration: 2ms -->
          <step title="Cleaning up temp files" date="2025-11-27T18:56:07.151" /><!-- duration: 502ms -->
          <step title="Reloading status file with latest updates" date="2025-11-27T18:56:07.697" >
            <step title="WebHooksManager.PublishEventAsync: PostDeployment" date="2025-11-27T18:56:07.701" /><!-- duration: 31ms -->
          </step><!-- duration: 36ms -->
          <step title="Cleaning up temporary deployment - fetch deployment was successful" date="2025-11-27T18:56:07.736" /><!-- duration: 1ms -->
        </step><!-- duration: 4994ms -->
      </step><!-- duration: 6467ms -->
