<step title="Incoming Request" date="2025-11-28T09:30:44.733" instance="e17388" url="/api/deployments/latest?deployer=GITHUB_ZIP_DEPLOY&amp;time=2025-11-28_09-30-37Z" method="GET" type="request" pid="768,1,59" Host="dnd-initiative-prod.scm.azurewebsites.net" User-Agent="GITHUBACTIONS_DeployWebAppToAzure_d8ba7f0e74ab0e5d77dc87dc029177abee8253c2c7da9cd65d79dc2913806d42" Authorization="Bea..." Content-Type="application/json; charset=utf-8" Cookie="ARRAffinity=e173888f2e6cd428dbbbd21dde5a1f029e33073760f641fbae8fdb677285960a;Path=/;HttpOnly;Secure;Domain=dnd-initiative-prod.scm.azurewebsites.net; ARRAffinitySameSite=e173888f2e6cd428dbbbd21dde5a1f029e33073760f641fbae8fdb677285960a;Path=/;HttpOnly;SameSite=None;Secure;Domain=dnd-initiative-prod.scm.azurewebsites.net" Content-Length="0" X-ARR-LOG-ID="b48c9026-8ab0-45c0-98c4-991cf3218120" CLIENT-IP="20.42.42.210:37905" X-SITE-DEPLOYMENT-ID="dnd-initiative-prod" WAS-DEFAULT-HOSTNAME="dnd-initiative-prod.scm.azurewebsites.net" X-Forwarded-Proto="https" X-AppService-Proto="https" X-Forwarded-TlsVersion="1.3" X-WAWS-Unencoded-URL="/api/deployments/latest?deployer=GITHUB_ZIP_DEPLOY&amp;time=2025-11-28_09-30-37Z" X-Client-IP="20.42.42.210" X-Client-Port="37905" >
  <step title="Cleanup Xml Logs" date="2025-11-28T09:30:44.740" >
    <step title="Cleanup Infos" date="2025-11-28T09:30:44.748" totalFiles="429" totalCleanup="269" /><!-- duration: 5ms -->
  </step><!-- duration: 14ms -->
  <step title="DeploymentService.GetResult" date="2025-11-28T09:30:44.759" >
    <step title="DeploymentService.GetLatestDeployment" date="2025-11-28T09:30:44.761" >
      <step title="DeploymentManager.GetResults" date="2025-11-28T09:30:44.763" /><!-- duration: 824ms -->
    </step><!-- duration: 828ms -->
  </step><!-- duration: 832ms -->
  <step title="Outgoing response" date="2025-11-28T09:30:45.593" type="response" statusCode="202" statusText="Accepted" /><!-- duration: 2ms -->
</step><!-- duration: 864ms -->
