<step title="BackgroundTrace" date="2025-11-27T23:23:03.411" instance="e17388" url="/api/zipdeploy" method="POST" >
  <step title="Creating temporary deployment - FetchDeploymentManager" date="2025-11-27T23:23:03.486" /><!-- duration: 1ms -->
  <step title="Creating temporary deployment" date="2025-11-27T23:23:03.490" /><!-- duration: 44ms -->
  <step title="Performing fetch based deployment" date="2025-11-27T23:23:03.554" >
    <step title="Cleaning up temp folders from previous zip deployments and extracting pushed zip file /tmp/zipdeploy/af75b0cd-1d01-498e-8753-d16a43ee790d.zip (0.03 MB) to /tmp/zipdeploy/extracted" date="2025-11-27T23:23:04.710" >
      <step title="ChmodRecursive Process exited with total time taken in ms: 16" date="2025-11-27T23:23:04.751" /><!-- duration: 2ms -->
    </step><!-- duration: 46ms -->
    <step title="Deployment timer started" date="2025-11-27T23:23:06.761" >
      <step title="DeploymentManager.Deploy(id:e8fc03bf-fd8d-4dd5-ad26-e6c21b0109da)" date="2025-11-27T23:23:06.765" >
        <step title="Collecting changeset information" date="2025-11-27T23:23:06.770" /><!-- duration: 78ms -->
        <step title="Updating submodules" date="2025-11-27T23:23:06.851" /><!-- duration: 1116ms -->
        <step title="Determining deployment builder" date="2025-11-27T23:23:08.157" >
          <step title="Builder is BasicBuilder" date="2025-11-27T23:23:08.166" /><!-- duration: 2ms -->
        </step><!-- duration: 13ms -->
        <step title="PreDeployment: context.CleanOutputPath False" date="2025-11-27T23:23:08.209" >
          <step title="PreDeployment: context.OutputPath /home/site/wwwroot" date="2025-11-27T23:23:08.302" >
            <step title="Building" date="2025-11-27T23:23:08.414" >
              <step title="Executing external process" date="2025-11-27T23:23:08.659" type="process" path="starter.sh" arguments="/opt/Kudu/Scripts/parallel_rsync.sh /tmp/zipdeploy/extracted /home/site/wwwroot 8 /tmp/ False True  " /><!-- duration: 1603ms -->
              <step title="Triggering recycle (preview mode disabled)." date="2025-11-27T23:23:10.482" /><!-- duration: 3ms -->
              <step title="Modified file to trigger a restart of the app container." date="2025-11-27T23:23:10.501" /><!-- duration: 2ms -->
              <step title="Skip function trigger and logicapp sync because function is not enabled." date="2025-11-27T23:23:10.505" /><!-- duration: 4ms -->
              <step title="Purge deployment items" date="2025-11-27T23:23:11.618" >
                <step title="Remove c4a69caf-, Success, received at 11/27/2025 22:24:12" date="2025-11-27T23:23:11.666" /><!-- duration: 2ms -->
              </step><!-- duration: 51ms -->
            </step><!-- duration: 3316ms -->
          </step><!-- duration: 3430ms -->
          <step title="Cleaning up temp files" date="2025-11-27T23:23:11.733" /><!-- duration: 3ms -->
          <step title="Cleaning up temp files" date="2025-11-27T23:23:11.738" /><!-- duration: 502ms -->
          <step title="Reloading status file with latest updates" date="2025-11-27T23:23:12.256" >
            <step title="WebHooksManager.PublishEventAsync: PostDeployment" date="2025-11-27T23:23:12.259" /><!-- duration: 56ms -->
          </step><!-- duration: 60ms -->
          <step title="Cleaning up temporary deployment - fetch deployment was successful" date="2025-11-27T23:23:12.318" /><!-- duration: 2ms -->
        </step><!-- duration: 4170ms -->
      </step><!-- duration: 5622ms -->
