<step title="BackgroundTrace" date="2025-11-27T09:06:24.221" instance="e17388" url="/api/zipdeploy" method="POST" >
  <step title="Creating temporary deployment - FetchDeploymentManager" date="2025-11-27T09:06:24.348" /><!-- duration: 1ms -->
  <step title="Creating temporary deployment" date="2025-11-27T09:06:24.354" /><!-- duration: 80ms -->
  <step title="Performing fetch based deployment" date="2025-11-27T09:06:24.449" >
    <step title="Cleaning up temp folders from previous zip deployments and extracting pushed zip file /tmp/zipdeploy/0ec0f03a-88ed-4e5c-a323-3b2b67334cd8.zip (3.61 MB) to /tmp/zipdeploy/extracted" date="2025-11-27T09:06:25.603" >
      <step title="ChmodRecursive Process exited with total time taken in ms: 12" date="2025-11-27T09:06:25.651" /><!-- duration: 2ms -->
    </step><!-- duration: 54ms -->
    <step title="Deployment timer started" date="2025-11-27T09:06:27.664" >
      <step title="DeploymentManager.Deploy(id:843c9d9b-42d3-43bb-a544-0066e714e6a5)" date="2025-11-27T09:06:27.668" >
        <step title="Collecting changeset information" date="2025-11-27T09:06:27.684" /><!-- duration: 81ms -->
        <step title="Updating submodules" date="2025-11-27T09:06:27.768" /><!-- duration: 1114ms -->
        <step title="Determining deployment builder" date="2025-11-27T09:06:29.101" >
          <step title="Builder is OryxBuilder" date="2025-11-27T09:06:29.108" /><!-- duration: 2ms -->
        </step><!-- duration: 11ms -->
        <step title="PreDeployment: context.CleanOutputPath False" date="2025-11-27T09:06:29.154" >
          <step title="PreDeployment: context.OutputPath /home/site/wwwroot" date="2025-11-27T09:06:29.264" >
            <step title="Building" date="2025-11-27T09:06:29.396" >
              <step title="Executing external process" date="2025-11-27T09:06:29.663" type="process" path="bash" arguments="-c &quot;oryx build /tmp/zipdeploy/extracted -o /home/site/wwwroot --platform python --platform-version 3.11 -p virtualenv_name=antenv --log-file /tmp/build-debug.log  -i /tmp/8de2d9440586d36 --compress-destination-dir | tee /tmp/oryx-build.log ; exit $PIPESTATUS &quot;" /><!-- duration: 33703ms -->
              <step title="Using PythonDeploymentLogParser" date="2025-11-27T09:07:03.724" /><!-- duration: 2ms -->
              <step title="Triggering recycle (preview mode disabled)." date="2025-11-27T09:07:04.766" /><!-- duration: 3ms -->
              <step title="Modified file to trigger a restart of the app container." date="2025-11-27T09:07:04.785" /><!-- duration: 2ms -->
              <step title="Skip function trigger and logicapp sync because function is not enabled." date="2025-11-27T09:07:04.789" /><!-- duration: 2ms -->
            </step><!-- duration: 36302ms -->
          </step><!-- duration: 36440ms -->
          <step title="Cleaning up temp files" date="2025-11-27T09:07:05.705" /><!-- duration: 2069ms -->
          <step title="Cleaning up temp files" date="2025-11-27T09:07:07.781" /><!-- duration: 503ms -->
          <step title="Reloading status file with latest updates" date="2025-11-27T09:07:08.320" >
            <step title="WebHooksManager.PublishEventAsync: PostDeployment" date="2025-11-27T09:07:08.325" /><!-- duration: 47ms -->
          </step><!-- duration: 56ms -->
          <step title="Cleaning up temporary deployment - fetch deployment was successful" date="2025-11-27T09:07:08.379" /><!-- duration: 2ms -->
        </step><!-- duration: 39280ms -->
      </step><!-- duration: 40776ms -->
