<step title="Incoming Request" date="2025-11-27T10:17:52.977" instance="e17388" url="/api/zipdeploy?isAsync=true&amp;deployer=GITHUB_ZIP_DEPLOY&amp;message=%7B%22type%22%3A%22deployment%22%2C%22sha%22%3A%22a6e1d1e158f165b0de1990f2f88c7cb7b4bc74d3%22%2C%22repoName%22%3A%22L96Expanded%2FD-D-Initiative%22%2C%22actor%22%3A%22L96Expanded%22%2C%22slotName%22%3A%22production%22%2C%22commitMessage%22%3A%22Remove%20backend%2Fstatic%20from%20git%20tracking%22%7D" method="POST" type="request" pid="768,1,7" Host="dnd-initiative-prod.scm.azurewebsites.net" User-Agent="GITHUBACTIONS_DeployWebAppToAzure_d8ba7f0e74ab0e5d77dc87dc029177abee8253c2c7da9cd65d79dc2913806d42" Authorization="Bea..." Content-Type="application/octet-stream" Cookie="ARRAffinity=e173888f2e6cd428dbbbd21dde5a1f029e33073760f641fbae8fdb677285960a;Path=/;HttpOnly;Secure;Domain=dnd-initiative-prod.scm.azurewebsites.net; ARRAffinitySameSite=e173888f2e6cd428dbbbd21dde5a1f029e33073760f641fbae8fdb677285960a;Path=/;HttpOnly;SameSite=None;Secure;Domain=dnd-initiative-prod.scm.azurewebsites.net" Transfer-Encoding="chunked" X-ARR-LOG-ID="dde9d2bd-f55f-4d1a-82d3-053d7407e7f2" CLIENT-IP="20.55.87.52:38912" X-SITE-DEPLOYMENT-ID="dnd-initiative-prod" WAS-DEFAULT-HOSTNAME="dnd-initiative-prod.scm.azurewebsites.net" X-Forwarded-Proto="https" X-AppService-Proto="https" X-Forwarded-TlsVersion="1.3" X-WAWS-Unencoded-URL="/api/zipdeploy?isAsync=true&amp;deployer=GITHUB_ZIP_DEPLOY&amp;message=%7B%22type%22%3A%22deployment%22%2C%22sha%22%3A%22a6e1d1e158f165b0de1990f2f88c7cb7b4bc74d3%22%2C%22repoName%22%3A%22L96Expanded%2FD-D-Initiative%22%2C%22actor%22%3A%22L96Expanded%22%2C%22slotName%22%3A%22production%22%2C%22commitMessage%22%3A%22Remove%20backend%2Fstatic%20from%20git%20tracking%22%7D" X-Client-IP="20.55.87.52" X-Client-Port="38912" >
  <step title="ZipPushDeploy" date="2025-11-27T10:17:52.994" >
    <step title="ZipDeploy. Extract zip." date="2025-11-27T10:17:52.998" /><!-- duration: 2ms -->
    <step title="None repository commit" date="2025-11-27T10:17:53.003" >
      <step title="Commit id: b7e71cb3-79c4-4b53-8827-e8e13dfc2506" date="2025-11-27T10:17:53.005" Message="N/A" AuthorName="N/A" AuthorEmail="N/A" /><!-- duration: 2ms -->
    </step><!-- duration: 5ms -->
    <step title="Starting PushDeployAsync" date="2025-11-27T10:17:53.010" /><!-- duration: 2ms -->
    <step title="Writing artifact to /tmp/zipdeploy/d9658b02-0abe-424d-852b-7c0c45803ff8.zip" date="2025-11-27T10:17:53.019" >
      <step title="Writing multipart request body to /tmp/zipdeploy/d9658b02-0abe-424d-852b-7c0c45803ff8.zip" date="2025-11-27T10:17:53.021" /><!-- duration: 2ms -->
    </step><!-- duration: 21ms -->
    <step title="Start deployment in the background" date="2025-11-27T10:17:53.046" >
      <step title="Acquiring Deployment Lock" date="2025-11-27T10:17:53.056" /><!-- duration: 2ms -->
      <step title="Acquired Deployment Lock" date="2025-11-27T10:17:53.127" /><!-- duration: 2ms -->
    </step><!-- duration: 142ms -->
  </step><!-- duration: 197ms -->
  <step title="Outgoing response" date="2025-11-27T10:17:53.197" type="response" statusCode="202" statusText="Accepted" /><!-- duration: 4ms -->
</step><!-- duration: 225ms -->
