<step title="Incoming Request" date="2025-11-27T22:33:02.685" instance="e17388" url="/api/deployments/latest?deployer=GITHUB_ZIP_DEPLOY&amp;time=2025-11-27_22-32-56Z" method="GET" type="request" pid="768,1,20" Host="dnd-initiative-prod.scm.azurewebsites.net" User-Agent="GITHUBACTIONS_DeployWebAppToAzure_d8ba7f0e74ab0e5d77dc87dc029177abee8253c2c7da9cd65d79dc2913806d42" Authorization="Bea..." Content-Type="application/json; charset=utf-8" Cookie="ARRAffinity=e173888f2e6cd428dbbbd21dde5a1f029e33073760f641fbae8fdb677285960a;Path=/;HttpOnly;Secure;Domain=dnd-initiative-prod.scm.azurewebsites.net; ARRAffinitySameSite=e173888f2e6cd428dbbbd21dde5a1f029e33073760f641fbae8fdb677285960a;Path=/;HttpOnly;SameSite=None;Secure;Domain=dnd-initiative-prod.scm.azurewebsites.net" Content-Length="0" X-ARR-LOG-ID="822834c0-9c84-4e02-b59d-36352f77c2d7" CLIENT-IP="135.232.177.193:26633" X-SITE-DEPLOYMENT-ID="dnd-initiative-prod" WAS-DEFAULT-HOSTNAME="dnd-initiative-prod.scm.azurewebsites.net" X-Forwarded-Proto="https" X-AppService-Proto="https" X-Forwarded-TlsVersion="1.3" X-WAWS-Unencoded-URL="/api/deployments/latest?deployer=GITHUB_ZIP_DEPLOY&amp;time=2025-11-27_22-32-56Z" X-Client-IP="135.232.177.193" X-Client-Port="26633" >
  <step title="Cleanup Xml Logs" date="2025-11-27T22:33:02.690" >
    <step title="Cleanup Infos" date="2025-11-27T22:33:02.714" totalFiles="354" totalCleanup="194" /><!-- duration: 10ms -->
  </step><!-- duration: 40ms -->
  <step title="DeploymentService.GetResult" date="2025-11-27T22:33:02.739" >
    <step title="DeploymentService.GetLatestDeployment" date="2025-11-27T22:33:02.746" >
      <step title="DeploymentManager.GetResults" date="2025-11-27T22:33:02.755" /><!-- duration: 663ms -->
    </step><!-- duration: 675ms -->
  </step><!-- duration: 685ms -->
  <step title="Outgoing response" date="2025-11-27T22:33:03.430" type="response" statusCode="202" statusText="Accepted" /><!-- duration: 4ms -->
</step><!-- duration: 752ms -->
