<step title="Incoming Request" date="2025-11-27T09:52:47.737" instance="e17388" url="/api/zipdeploy?isAsync=true&amp;deployer=GITHUB_ZIP_DEPLOY&amp;message=%7B%22type%22%3A%22deployment%22%2C%22sha%22%3A%222ac9370ae60b01a8602c00f3872987f2ade4218f%22%2C%22repoName%22%3A%22L96Expanded%2FD-D-Initiative%22%2C%22actor%22%3A%22L96Expanded%22%2C%22slotName%22%3A%22production%22%2C%22commitMessage%22%3A%22Fix%20404%20handler%20to%20return%20proper%20JSONResponse%20for%20API%20routes%22%7D" method="POST" type="request" pid="769,1,3" Host="dnd-initiative-prod.scm.azurewebsites.net" User-Agent="GITHUBACTIONS_DeployWebAppToAzure_d8ba7f0e74ab0e5d77dc87dc029177abee8253c2c7da9cd65d79dc2913806d42" Authorization="Bea..." Content-Type="application/octet-stream" Cookie="ARRAffinity=e173888f2e6cd428dbbbd21dde5a1f029e33073760f641fbae8fdb677285960a;Path=/;HttpOnly;Secure;Domain=dnd-initiative-prod.scm.azurewebsites.net; ARRAffinitySameSite=e173888f2e6cd428dbbbd21dde5a1f029e33073760f641fbae8fdb677285960a;Path=/;HttpOnly;SameSite=None;Secure;Domain=dnd-initiative-prod.scm.azurewebsites.net" Transfer-Encoding="chunked" X-ARR-LOG-ID="bdb03b67-4734-4476-b8ca-d9cdaec6db9d" CLIENT-IP="48.214.53.87:47160" X-SITE-DEPLOYMENT-ID="dnd-initiative-prod" WAS-DEFAULT-HOSTNAME="dnd-initiative-prod.scm.azurewebsites.net" X-Forwarded-Proto="https" X-AppService-Proto="https" X-Forwarded-TlsVersion="1.3" X-WAWS-Unencoded-URL="/api/zipdeploy?isAsync=true&amp;deployer=GITHUB_ZIP_DEPLOY&amp;message=%7B%22type%22%3A%22deployment%22%2C%22sha%22%3A%222ac9370ae60b01a8602c00f3872987f2ade4218f%22%2C%22repoName%22%3A%22L96Expanded%2FD-D-Initiative%22%2C%22actor%22%3A%22L96Expanded%22%2C%22slotName%22%3A%22production%22%2C%22commitMessage%22%3A%22Fix%20404%20handler%20to%20return%20proper%20JSONResponse%20for%20API%20routes%22%7D" X-Client-IP="48.214.53.87" X-Client-Port="47160" >
  <step title="ZipPushDeploy" date="2025-11-27T09:52:47.753" >
    <step title="ZipDeploy. Extract zip." date="2025-11-27T09:52:47.757" /><!-- duration: 2ms -->
    <step title="None repository commit" date="2025-11-27T09:52:47.762" >
      <step title="Commit id: 3eb01c6a-50cf-4cf4-b50e-e504a7167dcd" date="2025-11-27T09:52:47.764" Message="N/A" AuthorName="N/A" AuthorEmail="N/A" /><!-- duration: 2ms -->
    </step><!-- duration: 5ms -->
    <step title="Starting PushDeployAsync" date="2025-11-27T09:52:47.769" /><!-- duration: 2ms -->
    <step title="Writing artifact to /tmp/zipdeploy/b47df104-e26d-4650-abce-735f51959817.zip" date="2025-11-27T09:52:47.781" >
      <step title="Writing multipart request body to /tmp/zipdeploy/b47df104-e26d-4650-abce-735f51959817.zip" date="2025-11-27T09:52:47.791" /><!-- duration: 2ms -->
    </step><!-- duration: 132ms -->
    <step title="Start deployment in the background" date="2025-11-27T09:52:47.919" >
      <step title="Acquiring Deployment Lock" date="2025-11-27T09:52:47.941" /><!-- duration: 2ms -->
      <step title="Acquired Deployment Lock" date="2025-11-27T09:52:47.975" /><!-- duration: 2ms -->
    </step><!-- duration: 99ms -->
  </step><!-- duration: 274ms -->
  <step title="Outgoing response" date="2025-11-27T09:52:48.031" type="response" statusCode="202" statusText="Accepted" /><!-- duration: 2ms -->
</step><!-- duration: 297ms -->
