<step title="BackgroundTrace" date="2025-11-27T09:43:49.588" instance="e17388" url="/api/zipdeploy" method="POST" >
  <step title="Creating temporary deployment - FetchDeploymentManager" date="2025-11-27T09:43:49.657" /><!-- duration: 1ms -->
  <step title="Creating temporary deployment" date="2025-11-27T09:43:49.661" /><!-- duration: 89ms -->
  <step title="Performing fetch based deployment" date="2025-11-27T09:43:49.771" >
    <step title="Cleaning up temp folders from previous zip deployments and extracting pushed zip file /tmp/zipdeploy/df5576d6-a4d3-4dd2-9b87-a72256071913.zip (3.61 MB) to /tmp/zipdeploy/extracted" date="2025-11-27T09:43:50.914" >
      <step title="ChmodRecursive Process exited with total time taken in ms: 19" date="2025-11-27T09:43:50.971" /><!-- duration: 3ms -->
    </step><!-- duration: 64ms -->
    <step title="Deployment timer started" date="2025-11-27T09:43:52.984" >
      <step title="DeploymentManager.Deploy(id:f94b7521-dada-4414-823a-f5503e1cff0e)" date="2025-11-27T09:43:52.988" >
        <step title="Collecting changeset information" date="2025-11-27T09:43:53.008" /><!-- duration: 91ms -->
        <step title="Updating submodules" date="2025-11-27T09:43:53.102" /><!-- duration: 1106ms -->
        <step title="Determining deployment builder" date="2025-11-27T09:43:54.399" >
          <step title="Builder is BasicBuilder" date="2025-11-27T09:43:54.407" /><!-- duration: 1ms -->
        </step><!-- duration: 12ms -->
        <step title="PreDeployment: context.CleanOutputPath False" date="2025-11-27T09:43:54.465" >
          <step title="PreDeployment: context.OutputPath /home/site/wwwroot" date="2025-11-27T09:43:54.582" >
            <step title="Building" date="2025-11-27T09:43:54.716" >
              <step title="Executing external process" date="2025-11-27T09:43:54.979" type="process" path="starter.sh" arguments="/opt/Kudu/Scripts/parallel_rsync.sh /tmp/zipdeploy/extracted /home/site/wwwroot 8 /tmp/ False True  " /><!-- duration: 1564ms -->
              <step title="Triggering recycle (preview mode disabled)." date="2025-11-27T09:43:57.627" /><!-- duration: 2ms -->
              <step title="Modified file to trigger a restart of the app container." date="2025-11-27T09:43:57.648" /><!-- duration: 1ms -->
              <step title="Skip function trigger and logicapp sync because function is not enabled." date="2025-11-27T09:43:57.652" /><!-- duration: 2ms -->
            </step><!-- duration: 4024ms -->
          </step><!-- duration: 4162ms -->
          <step title="Cleaning up temp files" date="2025-11-27T09:43:58.746" /><!-- duration: 3ms -->
          <step title="Cleaning up temp files" date="2025-11-27T09:43:58.750" /><!-- duration: 502ms -->
          <step title="Reloading status file with latest updates" date="2025-11-27T09:43:59.303" >
            <step title="WebHooksManager.PublishEventAsync: PostDeployment" date="2025-11-27T09:43:59.306" /><!-- duration: 62ms -->
          </step><!-- duration: 67ms -->
          <step title="Cleaning up temporary deployment - fetch deployment was successful" date="2025-11-27T09:43:59.373" /><!-- duration: 2ms -->
        </step><!-- duration: 4991ms -->
      </step><!-- duration: 6476ms -->
