<step title="BackgroundTrace" date="2025-11-27T09:48:27.657" instance="e17388" url="/api/zipdeploy" method="POST" >
  <step title="Creating temporary deployment - FetchDeploymentManager" date="2025-11-27T09:48:27.719" /><!-- duration: 1ms -->
  <step title="Creating temporary deployment" date="2025-11-27T09:48:27.722" /><!-- duration: 49ms -->
  <step title="Performing fetch based deployment" date="2025-11-27T09:48:27.790" >
    <step title="Cleaning up temp folders from previous zip deployments and extracting pushed zip file /tmp/zipdeploy/2eddfa04-b8d3-4c71-ae13-25c07279094b.zip (3.61 MB) to /tmp/zipdeploy/extracted" date="2025-11-27T09:48:28.994" >
      <step title="ChmodRecursive Process exited with total time taken in ms: 13" date="2025-11-27T09:48:29.052" /><!-- duration: 2ms -->
    </step><!-- duration: 65ms -->
    <step title="Deployment timer started" date="2025-11-27T09:48:31.068" >
      <step title="DeploymentManager.Deploy(id:62622aab-029c-4205-b209-b739a0613e78)" date="2025-11-27T09:48:31.072" >
        <step title="Collecting changeset information" date="2025-11-27T09:48:31.089" /><!-- duration: 91ms -->
        <step title="Updating submodules" date="2025-11-27T09:48:31.182" /><!-- duration: 1157ms -->
        <step title="Determining deployment builder" date="2025-11-27T09:48:32.568" >
          <step title="Builder is BasicBuilder" date="2025-11-27T09:48:32.573" /><!-- duration: 3ms -->
        </step><!-- duration: 9ms -->
        <step title="PreDeployment: context.CleanOutputPath False" date="2025-11-27T09:48:32.626" >
          <step title="PreDeployment: context.OutputPath /home/site/wwwroot" date="2025-11-27T09:48:32.749" >
            <step title="Building" date="2025-11-27T09:48:32.880" >
              <step title="Executing external process" date="2025-11-27T09:48:33.181" type="process" path="starter.sh" arguments="/opt/Kudu/Scripts/parallel_rsync.sh /tmp/zipdeploy/extracted /home/site/wwwroot 8 /tmp/ False True  " /><!-- duration: 1827ms -->
              <step title="Triggering recycle (preview mode disabled)." date="2025-11-27T09:48:35.256" /><!-- duration: 3ms -->
              <step title="Modified file to trigger a restart of the app container." date="2025-11-27T09:48:35.284" /><!-- duration: 2ms -->
              <step title="Skip function trigger and logicapp sync because function is not enabled." date="2025-11-27T09:48:35.288" /><!-- duration: 2ms -->
              <step title="Purge deployment items" date="2025-11-27T09:48:36.428" >
                <step title="Remove 04d6ccbd-, Success, received at 11/27/2025 07:59:18" date="2025-11-27T09:48:36.478" /><!-- duration: 1ms -->
              </step><!-- duration: 53ms -->
            </step><!-- duration: 3672ms -->
          </step><!-- duration: 3807ms -->
          <step title="Cleaning up temp files" date="2025-11-27T09:48:36.557" /><!-- duration: 3ms -->
          <step title="Cleaning up temp files" date="2025-11-27T09:48:36.561" /><!-- duration: 504ms -->
          <step title="Reloading status file with latest updates" date="2025-11-27T09:48:37.109" >
            <step title="WebHooksManager.PublishEventAsync: PostDeployment" date="2025-11-27T09:48:37.111" /><!-- duration: 28ms -->
          </step><!-- duration: 32ms -->
          <step title="Cleaning up temporary deployment - fetch deployment was successful" date="2025-11-27T09:48:37.143" /><!-- duration: 2ms -->
        </step><!-- duration: 4589ms -->
      </step><!-- duration: 6153ms -->
