<step title="Incoming Request" date="2025-11-27T22:17:55.112" instance="e17388" url="/api/zipdeploy?isAsync=true&amp;deployer=GITHUB_ZIP_DEPLOY&amp;message=%7B%22type%22%3A%22deployment%22%2C%22sha%22%3A%22fa1eaa7c95e7760676304c62edd456a67b9eb23a%22%2C%22repoName%22%3A%22L96Expanded%2FD-D-Initiative%22%2C%22actor%22%3A%22L96Expanded%22%2C%22slotName%22%3A%22production%22%2C%22commitMessage%22%3A%22Fix%20SPA%20routing%3A%20Update%20staticwebapp.config.json%20to%20serve%20index.html%20for%20all%20routes%22%7D" method="POST" type="request" pid="768,1,16" Host="dnd-initiative-prod.scm.azurewebsites.net" User-Agent="GITHUBACTIONS_DeployWebAppToAzure_d8ba7f0e74ab0e5d77dc87dc029177abee8253c2c7da9cd65d79dc2913806d42" Authorization="Bea..." Content-Type="application/octet-stream" Cookie="ARRAffinity=e173888f2e6cd428dbbbd21dde5a1f029e33073760f641fbae8fdb677285960a;Path=/;HttpOnly;Secure;Domain=dnd-initiative-prod.scm.azurewebsites.net; ARRAffinitySameSite=e173888f2e6cd428dbbbd21dde5a1f029e33073760f641fbae8fdb677285960a;Path=/;HttpOnly;SameSite=None;Secure;Domain=dnd-initiative-prod.scm.azurewebsites.net" Transfer-Encoding="chunked" X-ARR-LOG-ID="c1e4b642-7298-4120-a056-7efb3a0c772f" CLIENT-IP="52.173.162.42:21568" X-SITE-DEPLOYMENT-ID="dnd-initiative-prod" WAS-DEFAULT-HOSTNAME="dnd-initiative-prod.scm.azurewebsites.net" X-Forwarded-Proto="https" X-AppService-Proto="https" X-Forwarded-TlsVersion="1.3" X-WAWS-Unencoded-URL="/api/zipdeploy?isAsync=true&amp;deployer=GITHUB_ZIP_DEPLOY&amp;message=%7B%22type%22%3A%22deployment%22%2C%22sha%22%3A%22fa1eaa7c95e7760676304c62edd456a67b9eb23a%22%2C%22repoName%22%3A%22L96Expanded%2FD-D-Initiative%22%2C%22actor%22%3A%22L96Expanded%22%2C%22slotName%22%3A%22production%22%2C%22commitMessage%22%3A%22Fix%20SPA%20routing%3A%20Update%20staticwebapp.config.json%20to%20serve%20index.html%20for%20all%20routes%22%7D" X-Client-IP="52.173.162.42" X-Client-Port="21568" >
  <step title="ZipPushDeploy" date="2025-11-27T22:17:55.118" >
    <step title="ZipDeploy. Extract zip." date="2025-11-27T22:17:55.121" /><!-- duration: 2ms -->
    <step title="Starting PushDeployAsync" date="2025-11-27T22:17:55.126" /><!-- duration: 2ms -->
    <step title="Writing artifact to /tmp/zipdeploy/864328d3-8dc2-40d8-be31-a326cf3d2420.zip" date="2025-11-27T22:17:55.139" >
      <step title="Writing multipart request body to /tmp/zipdeploy/864328d3-8dc2-40d8-be31-a326cf3d2420.zip" date="2025-11-27T22:17:55.141" /><!-- duration: 7ms -->
    </step><!-- duration: 12ms -->
    <step title="Start deployment in the background" date="2025-11-27T22:17:55.160" >
      <step title="Acquiring Deployment Lock" date="2025-11-27T22:17:55.173" /><!-- duration: 1ms -->
      <step title="Acquired Deployment Lock" date="2025-11-27T22:17:55.205" /><!-- duration: 1ms -->
    </step><!-- duration: 111ms -->
  </step><!-- duration: 157ms -->
  <step title="Outgoing response" date="2025-11-27T22:17:55.277" type="response" statusCode="202" statusText="Accepted" /><!-- duration: 1ms -->
</step><!-- duration: 168ms -->
