<step title="Incoming Request" date="2025-11-27T13:40:44.273" instance="e17388" url="/api/zipdeploy?isAsync=true&amp;deployer=GITHUB_ZIP_DEPLOY&amp;message=%7B%22type%22%3A%22deployment%22%2C%22sha%22%3A%22262222bafa58eb34e0c1edcbdd991ad5b606b20a%22%2C%22repoName%22%3A%22L96Expanded%2FD-D-Initiative%22%2C%22actor%22%3A%22L96Expanded%22%2C%22slotName%22%3A%22production%22%2C%22commitMessage%22%3A%22Add%20meta%20description%20to%20trigger%20Static%20Web%20App%20deployment%22%7D" method="POST" type="request" pid="768,1,19" Host="dnd-initiative-prod.scm.azurewebsites.net" User-Agent="GITHUBACTIONS_DeployWebAppToAzure_d8ba7f0e74ab0e5d77dc87dc029177abee8253c2c7da9cd65d79dc2913806d42" Authorization="Bea..." Content-Type="application/octet-stream" Cookie="ARRAffinity=e173888f2e6cd428dbbbd21dde5a1f029e33073760f641fbae8fdb677285960a;Path=/;HttpOnly;Secure;Domain=dnd-initiative-prod.scm.azurewebsites.net; ARRAffinitySameSite=e173888f2e6cd428dbbbd21dde5a1f029e33073760f641fbae8fdb677285960a;Path=/;HttpOnly;SameSite=None;Secure;Domain=dnd-initiative-prod.scm.azurewebsites.net" Transfer-Encoding="chunked" X-ARR-LOG-ID="ab8d872e-e284-46ac-898b-9c4e5543240b" CLIENT-IP="57.151.137.132:4096" X-SITE-DEPLOYMENT-ID="dnd-initiative-prod" WAS-DEFAULT-HOSTNAME="dnd-initiative-prod.scm.azurewebsites.net" X-Forwarded-Proto="https" X-AppService-Proto="https" X-Forwarded-TlsVersion="1.3" X-WAWS-Unencoded-URL="/api/zipdeploy?isAsync=true&amp;deployer=GITHUB_ZIP_DEPLOY&amp;message=%7B%22type%22%3A%22deployment%22%2C%22sha%22%3A%22262222bafa58eb34e0c1edcbdd991ad5b606b20a%22%2C%22repoName%22%3A%22L96Expanded%2FD-D-Initiative%22%2C%22actor%22%3A%22L96Expanded%22%2C%22slotName%22%3A%22production%22%2C%22commitMessage%22%3A%22Add%20meta%20description%20to%20trigger%20Static%20Web%20App%20deployment%22%7D" X-Client-IP="57.151.137.132" X-Client-Port="4096" >
  <step title="ZipPushDeploy" date="2025-11-27T13:40:44.289" >
    <step title="ZipDeploy. Extract zip." date="2025-11-27T13:40:44.293" /><!-- duration: 2ms -->
    <step title="None repository commit" date="2025-11-27T13:40:44.298" >
      <step title="Commit id: 96f60d27-257c-47fc-b7f0-39b48f4a5971" date="2025-11-27T13:40:44.299" Message="N/A" AuthorName="N/A" AuthorEmail="N/A" /><!-- duration: 1ms -->
    </step><!-- duration: 4ms -->
    <step title="Starting PushDeployAsync" date="2025-11-27T13:40:44.303" /><!-- duration: 2ms -->
    <step title="Writing artifact to /tmp/zipdeploy/38a80529-abf2-4868-9b87-14f91d9bd348.zip" date="2025-11-27T13:40:44.312" >
      <step title="Writing multipart request body to /tmp/zipdeploy/38a80529-abf2-4868-9b87-14f91d9bd348.zip" date="2025-11-27T13:40:44.314" /><!-- duration: 5ms -->
    </step><!-- duration: 21ms -->
    <step title="Start deployment in the background" date="2025-11-27T13:40:44.339" >
      <step title="Acquiring Deployment Lock" date="2025-11-27T13:40:44.349" /><!-- duration: 2ms -->
      <step title="Acquired Deployment Lock" date="2025-11-27T13:40:44.399" /><!-- duration: 2ms -->
    </step><!-- duration: 104ms -->
  </step><!-- duration: 157ms -->
  <step title="Outgoing response" date="2025-11-27T13:40:44.451" type="response" statusCode="202" statusText="Accepted" /><!-- duration: 2ms -->
</step><!-- duration: 186ms -->
