<step title="Incoming Request" date="2025-11-27T08:35:01.011" instance="e17388" url="/api/zipdeploy?isAsync=true&amp;deployer=GITHUB_ZIP_DEPLOY&amp;message=%7B%22type%22%3A%22deployment%22%2C%22sha%22%3A%222e3eb54d7030264ebb1bb2516e4ea049a767befc%22%2C%22repoName%22%3A%22L96Expanded%2FD-D-Initiative%22%2C%22actor%22%3A%22L96Expanded%22%2C%22slotName%22%3A%22production%22%2C%22commitMessage%22%3A%22Fix%20CORS%3A%20Add%20custom%20domain%20karsusinitiative.com%20to%20allowed%20origins%20and%20hosts%22%7D" method="POST" type="request" pid="768,1,20" Host="dnd-initiative-prod.scm.azurewebsites.net" User-Agent="GITHUBACTIONS_DeployWebAppToAzure_d8ba7f0e74ab0e5d77dc87dc029177abee8253c2c7da9cd65d79dc2913806d42" Authorization="Bea..." Content-Type="application/octet-stream" Cookie="ARRAffinity=e173888f2e6cd428dbbbd21dde5a1f029e33073760f641fbae8fdb677285960a;Path=/;HttpOnly;Secure;Domain=dnd-initiative-prod.scm.azurewebsites.net; ARRAffinitySameSite=e173888f2e6cd428dbbbd21dde5a1f029e33073760f641fbae8fdb677285960a;Path=/;HttpOnly;SameSite=None;Secure;Domain=dnd-initiative-prod.scm.azurewebsites.net" Transfer-Encoding="chunked" X-ARR-LOG-ID="f8d4ece2-7ef8-4f70-a1f3-b4ddf0446038" CLIENT-IP="132.196.83.39:22528" X-SITE-DEPLOYMENT-ID="dnd-initiative-prod" WAS-DEFAULT-HOSTNAME="dnd-initiative-prod.scm.azurewebsites.net" X-Forwarded-Proto="https" X-AppService-Proto="https" X-Forwarded-TlsVersion="1.3" X-WAWS-Unencoded-URL="/api/zipdeploy?isAsync=true&amp;deployer=GITHUB_ZIP_DEPLOY&amp;message=%7B%22type%22%3A%22deployment%22%2C%22sha%22%3A%222e3eb54d7030264ebb1bb2516e4ea049a767befc%22%2C%22repoName%22%3A%22L96Expanded%2FD-D-Initiative%22%2C%22actor%22%3A%22L96Expanded%22%2C%22slotName%22%3A%22production%22%2C%22commitMessage%22%3A%22Fix%20CORS%3A%20Add%20custom%20domain%20karsusinitiative.com%20to%20allowed%20origins%20and%20hosts%22%7D" X-Client-IP="132.196.83.39" X-Client-Port="22528" >
  <step title="ZipPushDeploy" date="2025-11-27T08:35:01.027" >
    <step title="ZipDeploy. Extract zip. Remote build." date="2025-11-27T08:35:01.031" /><!-- duration: 2ms -->
    <step title="None repository commit" date="2025-11-27T08:35:01.036" >
      <step title="Commit id: f54eb1e2-89fc-442c-ae42-1b3b7fc703b7" date="2025-11-27T08:35:01.038" Message="N/A" AuthorName="N/A" AuthorEmail="N/A" /><!-- duration: 3ms -->
    </step><!-- duration: 11ms -->
    <step title="Starting PushDeployAsync" date="2025-11-27T08:35:01.049" /><!-- duration: 1ms -->
    <step title="Writing artifact to /tmp/zipdeploy/54799458-453f-4bc4-a3c2-b3adaed66434.zip" date="2025-11-27T08:35:01.057" >
      <step title="Writing multipart request body to /tmp/zipdeploy/54799458-453f-4bc4-a3c2-b3adaed66434.zip" date="2025-11-27T08:35:01.060" /><!-- duration: 10ms -->
    </step><!-- duration: 36ms -->
    <step title="Removing previous build artifact&apos;s manifest file" date="2025-11-27T08:35:01.097" >
      <step title="Start deployment in the background" date="2025-11-27T08:35:01.104" >
        <step title="Acquiring Deployment Lock" date="2025-11-27T08:35:01.123" /><!-- duration: 3ms -->
        <step title="Acquired Deployment Lock" date="2025-11-27T08:35:01.184" /><!-- duration: 2ms -->
      </step><!-- duration: 129ms -->
    </step><!-- duration: 141ms -->
    <step title="Outgoing response" date="2025-11-27T08:35:01.243" type="response" statusCode="202" statusText="Accepted" /><!-- duration: 2ms -->
  </step><!-- duration: 218ms -->
