<step title="Incoming Request" date="2025-11-27T10:10:02.887" instance="e17388" url="/api/zipdeploy?isAsync=true&amp;deployer=GITHUB_ZIP_DEPLOY&amp;message=%7B%22type%22%3A%22deployment%22%2C%22sha%22%3A%222f22497ac2db609801826307ff1bf179c74a484e%22%2C%22repoName%22%3A%22L96Expanded%2FD-D-Initiative%22%2C%22actor%22%3A%22L96Expanded%22%2C%22slotName%22%3A%22production%22%2C%22commitMessage%22%3A%22Trigger%20backend%20deployment%20-%20add%20timestamp%20to%20root%20endpoint%22%7D" method="POST" type="request" pid="768,1,20" Host="dnd-initiative-prod.scm.azurewebsites.net" User-Agent="GITHUBACTIONS_DeployWebAppToAzure_d8ba7f0e74ab0e5d77dc87dc029177abee8253c2c7da9cd65d79dc2913806d42" Authorization="Bea..." Content-Type="application/octet-stream" Cookie="ARRAffinity=e173888f2e6cd428dbbbd21dde5a1f029e33073760f641fbae8fdb677285960a;Path=/;HttpOnly;Secure;Domain=dnd-initiative-prod.scm.azurewebsites.net; ARRAffinitySameSite=e173888f2e6cd428dbbbd21dde5a1f029e33073760f641fbae8fdb677285960a;Path=/;HttpOnly;SameSite=None;Secure;Domain=dnd-initiative-prod.scm.azurewebsites.net" Transfer-Encoding="chunked" X-ARR-LOG-ID="e6bd3aa1-38cf-49fd-9a1a-4fcfb61c0fbd" CLIENT-IP="104.209.12.65:8200" X-SITE-DEPLOYMENT-ID="dnd-initiative-prod" WAS-DEFAULT-HOSTNAME="dnd-initiative-prod.scm.azurewebsites.net" X-Forwarded-Proto="https" X-AppService-Proto="https" X-Forwarded-TlsVersion="1.3" X-WAWS-Unencoded-URL="/api/zipdeploy?isAsync=true&amp;deployer=GITHUB_ZIP_DEPLOY&amp;message=%7B%22type%22%3A%22deployment%22%2C%22sha%22%3A%222f22497ac2db609801826307ff1bf179c74a484e%22%2C%22repoName%22%3A%22L96Expanded%2FD-D-Initiative%22%2C%22actor%22%3A%22L96Expanded%22%2C%22slotName%22%3A%22production%22%2C%22commitMessage%22%3A%22Trigger%20backend%20deployment%20-%20add%20timestamp%20to%20root%20endpoint%22%7D" X-Client-IP="104.209.12.65" X-Client-Port="8200" >
  <step title="ZipPushDeploy" date="2025-11-27T10:10:02.895" >
    <step title="ZipDeploy. Extract zip." date="2025-11-27T10:10:02.899" /><!-- duration: 2ms -->
    <step title="Starting PushDeployAsync" date="2025-11-27T10:10:02.903" /><!-- duration: 2ms -->
    <step title="Writing artifact to /tmp/zipdeploy/838fd61d-f1dc-4972-a576-01ab3415e091.zip" date="2025-11-27T10:10:02.908" >
      <step title="Writing multipart request body to /tmp/zipdeploy/838fd61d-f1dc-4972-a576-01ab3415e091.zip" date="2025-11-27T10:10:02.910" /><!-- duration: 1ms -->
    </step><!-- duration: 11ms -->
    <step title="Start deployment in the background" date="2025-11-27T10:10:02.923" >
      <step title="Acquiring Deployment Lock" date="2025-11-27T10:10:02.931" /><!-- duration: 2ms -->
      <step title="Acquired Deployment Lock" date="2025-11-27T10:10:02.971" /><!-- duration: 2ms -->
    </step><!-- duration: 101ms -->
  </step><!-- duration: 133ms -->
  <step title="Outgoing response" date="2025-11-27T10:10:03.030" type="response" statusCode="202" statusText="Accepted" /><!-- duration: 1ms -->
</step><!-- duration: 146ms -->
