<step title="Incoming Request" date="2025-11-27T22:38:40.786" instance="e17388" url="/api/deployments/latest?deployer=GITHUB_ZIP_DEPLOY&amp;time=2025-11-27_22-38-34Z" method="GET" type="request" pid="768,1,21" Host="dnd-initiative-prod.scm.azurewebsites.net" User-Agent="GITHUBACTIONS_DeployWebAppToAzure_d8ba7f0e74ab0e5d77dc87dc029177abee8253c2c7da9cd65d79dc2913806d42" Authorization="Bea..." Content-Type="application/json; charset=utf-8" Cookie="ARRAffinity=e173888f2e6cd428dbbbd21dde5a1f029e33073760f641fbae8fdb677285960a;Path=/;HttpOnly;Secure;Domain=dnd-initiative-prod.scm.azurewebsites.net; ARRAffinitySameSite=e173888f2e6cd428dbbbd21dde5a1f029e33073760f641fbae8fdb677285960a;Path=/;HttpOnly;SameSite=None;Secure;Domain=dnd-initiative-prod.scm.azurewebsites.net" Content-Length="0" X-ARR-LOG-ID="3c982814-09df-498f-be52-5fe4d27e5259" CLIENT-IP="172.178.119.18:1041" X-SITE-DEPLOYMENT-ID="dnd-initiative-prod" WAS-DEFAULT-HOSTNAME="dnd-initiative-prod.scm.azurewebsites.net" X-Forwarded-Proto="https" X-AppService-Proto="https" X-Forwarded-TlsVersion="1.3" X-WAWS-Unencoded-URL="/api/deployments/latest?deployer=GITHUB_ZIP_DEPLOY&amp;time=2025-11-27_22-38-34Z" X-Client-IP="172.178.119.18" X-Client-Port="1041" >
  <step title="Cleanup Xml Logs" date="2025-11-27T22:38:40.803" >
    <step title="Cleanup Infos" date="2025-11-27T22:38:40.876" totalFiles="367" totalCleanup="207" /><!-- duration: 46ms -->
  </step><!-- duration: 132ms -->
  <step title="DeploymentService.GetResult" date="2025-11-27T22:38:40.973" >
    <step title="DeploymentService.GetLatestDeployment" date="2025-11-27T22:38:40.987" >
      <step title="DeploymentManager.GetResults" date="2025-11-27T22:38:41.003" /><!-- duration: 1043ms -->
    </step><!-- duration: 1078ms -->
  </step><!-- duration: 1100ms -->
  <step title="Outgoing response" date="2025-11-27T22:38:42.085" type="response" statusCode="202" statusText="Accepted" /><!-- duration: 16ms -->
</step><!-- duration: 1328ms -->
