<step title="Incoming Request" date="2025-11-28T09:30:37.803" instance="e17388" url="/api/zipdeploy?isAsync=true&amp;deployer=GITHUB_ZIP_DEPLOY&amp;message=%7B%22type%22%3A%22deployment%22%2C%22sha%22%3A%22591d7522fa2e6d13d0788d258994dfd52f5b14d4%22%2C%22repoName%22%3A%22L96Expanded%2FD-D-Initiative%22%2C%22actor%22%3A%22L96Expanded%22%2C%22slotName%22%3A%22production%22%2C%22commitMessage%22%3A%22Design%20improvements%3A%20mobile%20responsiveness%2C%20hide%20Ko-fi%20on%20display%2C%20redesign%20edit%20modal%22%7D" method="POST" type="request" pid="768,1,57" Host="dnd-initiative-prod.scm.azurewebsites.net" User-Agent="GITHUBACTIONS_DeployWebAppToAzure_d8ba7f0e74ab0e5d77dc87dc029177abee8253c2c7da9cd65d79dc2913806d42" Authorization="Bea..." Content-Type="application/octet-stream" Cookie="ARRAffinity=e173888f2e6cd428dbbbd21dde5a1f029e33073760f641fbae8fdb677285960a;Path=/;HttpOnly;Secure;Domain=dnd-initiative-prod.scm.azurewebsites.net; ARRAffinitySameSite=e173888f2e6cd428dbbbd21dde5a1f029e33073760f641fbae8fdb677285960a;Path=/;HttpOnly;SameSite=None;Secure;Domain=dnd-initiative-prod.scm.azurewebsites.net" Transfer-Encoding="chunked" X-ARR-LOG-ID="0f391de6-4aef-4edd-93c1-1986c06d9266" CLIENT-IP="20.42.42.210:37904" X-SITE-DEPLOYMENT-ID="dnd-initiative-prod" WAS-DEFAULT-HOSTNAME="dnd-initiative-prod.scm.azurewebsites.net" X-Forwarded-Proto="https" X-AppService-Proto="https" X-Forwarded-TlsVersion="1.3" X-WAWS-Unencoded-URL="/api/zipdeploy?isAsync=true&amp;deployer=GITHUB_ZIP_DEPLOY&amp;message=%7B%22type%22%3A%22deployment%22%2C%22sha%22%3A%22591d7522fa2e6d13d0788d258994dfd52f5b14d4%22%2C%22repoName%22%3A%22L96Expanded%2FD-D-Initiative%22%2C%22actor%22%3A%22L96Expanded%22%2C%22slotName%22%3A%22production%22%2C%22commitMessage%22%3A%22Design%20improvements%3A%20mobile%20responsiveness%2C%20hide%20Ko-fi%20on%20display%2C%20redesign%20edit%20modal%22%7D" X-Client-IP="20.42.42.210" X-Client-Port="37904" >
  <step title="ZipPushDeploy" date="2025-11-28T09:30:37.820" >
    <step title="ZipDeploy. Extract zip." date="2025-11-28T09:30:37.823" /><!-- duration: 2ms -->
    <step title="None repository commit" date="2025-11-28T09:30:37.828" >
      <step title="Commit id: 3539547e-0b6d-4be8-996d-7fc7f82ae98c" date="2025-11-28T09:30:37.829" Message="N/A" AuthorName="N/A" AuthorEmail="N/A" /><!-- duration: 1ms -->
    </step><!-- duration: 4ms -->
    <step title="Starting PushDeployAsync" date="2025-11-28T09:30:37.834" /><!-- duration: 1ms -->
    <step title="Writing artifact to /tmp/zipdeploy/601b6394-446d-4bf0-8957-f07ce82b7e71.zip" date="2025-11-28T09:30:37.842" >
      <step title="Writing multipart request body to /tmp/zipdeploy/601b6394-446d-4bf0-8957-f07ce82b7e71.zip" date="2025-11-28T09:30:37.844" /><!-- duration: 1ms -->
    </step><!-- duration: 19ms -->
    <step title="Start deployment in the background" date="2025-11-28T09:30:37.866" >
      <step title="Acquiring Deployment Lock" date="2025-11-28T09:30:37.874" /><!-- duration: 2ms -->
      <step title="Acquired Deployment Lock" date="2025-11-28T09:30:37.903" /><!-- duration: 2ms -->
    </step><!-- duration: 90ms -->
  </step><!-- duration: 139ms -->
  <step title="Outgoing response" date="2025-11-28T09:30:37.968" type="response" statusCode="202" statusText="Accepted" /><!-- duration: 2ms -->
</step><!-- duration: 168ms -->
