<step title="BackgroundTrace" date="2025-11-30T12:21:02.656" instance="e17388" url="/api/zipdeploy" method="POST" >
  <step title="Creating temporary deployment - FetchDeploymentManager" date="2025-11-30T12:21:02.713" /><!-- duration: 1ms -->
  <step title="Creating temporary deployment" date="2025-11-30T12:21:02.716" /><!-- duration: 30ms -->
  <step title="Performing fetch based deployment" date="2025-11-30T12:21:02.776" >
    <step title="Cleaning up temp folders from previous zip deployments and extracting pushed zip file /tmp/zipdeploy/f49ad38e-d40e-4179-8442-47896d69c4ac.zip (0.05 MB) to /tmp/zipdeploy/extracted" date="2025-11-30T12:21:03.905" >
      <step title="ChmodRecursive Process exited with total time taken in ms: 11" date="2025-11-30T12:21:03.947" /><!-- duration: 2ms -->
    </step><!-- duration: 46ms -->
    <step title="Deployment timer started" date="2025-11-30T12:21:05.968" >
      <step title="DeploymentManager.Deploy(id:3f04a2ad-5069-4cb6-889e-3b578df3cb94)" date="2025-11-30T12:21:05.977" >
        <step title="Collecting changeset information" date="2025-11-30T12:21:05.998" /><!-- duration: 89ms -->
        <step title="Updating submodules" date="2025-11-30T12:21:06.093" /><!-- duration: 1154ms -->
        <step title="Determining deployment builder" date="2025-11-30T12:21:07.470" >
          <step title="Builder is BasicBuilder" date="2025-11-30T12:21:07.482" /><!-- duration: 2ms -->
        </step><!-- duration: 16ms -->
        <step title="PreDeployment: context.CleanOutputPath False" date="2025-11-30T12:21:07.542" >
          <step title="PreDeployment: context.OutputPath /home/site/wwwroot" date="2025-11-30T12:21:07.681" >
            <step title="Building" date="2025-11-30T12:21:07.851" >
              <step title="Executing external process" date="2025-11-30T12:21:08.267" type="process" path="starter.sh" arguments="/opt/Kudu/Scripts/parallel_rsync.sh /tmp/zipdeploy/extracted /home/site/wwwroot 8 /tmp/ False True  " /><!-- duration: 2674ms -->
              <step title="Triggering recycle (preview mode disabled)." date="2025-11-30T12:21:11.156" /><!-- duration: 6ms -->
              <step title="Modified file to trigger a restart of the app container." date="2025-11-30T12:21:11.188" /><!-- duration: 2ms -->
              <step title="Skip function trigger and logicapp sync because function is not enabled." date="2025-11-30T12:21:11.192" /><!-- duration: 9ms -->
              <step title="Purge deployment items" date="2025-11-30T12:21:12.372" >
                <step title="Remove 11c87587-, Success, received at 11/27/2025 23:21:59" date="2025-11-30T12:21:12.417" /><!-- duration: 1ms -->
              </step><!-- duration: 48ms -->
            </step><!-- duration: 4624ms -->
          </step><!-- duration: 4796ms -->
          <step title="Cleaning up temp files" date="2025-11-30T12:21:12.478" /><!-- duration: 2ms -->
          <step title="Cleaning up temp files" date="2025-11-30T12:21:12.482" /><!-- duration: 506ms -->
          <step title="Reloading status file with latest updates" date="2025-11-30T12:21:13.029" >
            <step title="WebHooksManager.PublishEventAsync: PostDeployment" date="2025-11-30T12:21:13.032" /><!-- duration: 43ms -->
          </step><!-- duration: 48ms -->
          <step title="Cleaning up temporary deployment - fetch deployment was successful" date="2025-11-30T12:21:13.079" /><!-- duration: 1ms -->
        </step><!-- duration: 5597ms -->
      </step><!-- duration: 7170ms -->
