<step title="Incoming Request" date="2025-11-27T21:53:18.345" instance="e17388" url="/api/deployments/latest?deployer=GITHUB_ZIP_DEPLOY&amp;time=2025-11-27_21-53-12Z" method="GET" type="request" pid="768,1,62" Host="dnd-initiative-prod.scm.azurewebsites.net" User-Agent="GITHUBACTIONS_DeployWebAppToAzure_d8ba7f0e74ab0e5d77dc87dc029177abee8253c2c7da9cd65d79dc2913806d42" Authorization="Bea..." Content-Type="application/json; charset=utf-8" Cookie="ARRAffinity=e173888f2e6cd428dbbbd21dde5a1f029e33073760f641fbae8fdb677285960a;Path=/;HttpOnly;Secure;Domain=dnd-initiative-prod.scm.azurewebsites.net; ARRAffinitySameSite=e173888f2e6cd428dbbbd21dde5a1f029e33073760f641fbae8fdb677285960a;Path=/;HttpOnly;SameSite=None;Secure;Domain=dnd-initiative-prod.scm.azurewebsites.net" Content-Length="0" X-ARR-LOG-ID="40fbeab7-b33f-468a-8594-21e13d69be8c" CLIENT-IP="57.151.128.130:31761" X-SITE-DEPLOYMENT-ID="dnd-initiative-prod" WAS-DEFAULT-HOSTNAME="dnd-initiative-prod.scm.azurewebsites.net" X-Forwarded-Proto="https" X-AppService-Proto="https" X-Forwarded-TlsVersion="1.3" X-WAWS-Unencoded-URL="/api/deployments/latest?deployer=GITHUB_ZIP_DEPLOY&amp;time=2025-11-27_21-53-12Z" X-Client-IP="57.151.128.130" X-Client-Port="31761" >
  <step title="Cleanup Xml Logs" date="2025-11-27T21:53:18.357" >
    <step title="Cleanup Infos" date="2025-11-27T21:53:18.366" totalFiles="309" totalCleanup="149" /><!-- duration: 3ms -->
  </step><!-- duration: 15ms -->
  <step title="DeploymentService.GetResult" date="2025-11-27T21:53:18.379" >
    <step title="DeploymentService.GetLatestDeployment" date="2025-11-27T21:53:18.382" >
      <step title="DeploymentManager.GetResults" date="2025-11-27T21:53:18.386" /><!-- duration: 606ms -->
    </step><!-- duration: 613ms -->
  </step><!-- duration: 619ms -->
  <step title="Outgoing response" date="2025-11-27T21:53:19.001" type="response" statusCode="202" statusText="Accepted" /><!-- duration: 4ms -->
</step><!-- duration: 666ms -->
