<step title="BackgroundTrace" date="2025-11-27T23:21:56.495" instance="e17388" url="/api/zipdeploy" method="POST" >
  <step title="Creating temporary deployment - FetchDeploymentManager" date="2025-11-27T23:21:56.623" /><!-- duration: 1ms -->
  <step title="Creating temporary deployment" date="2025-11-27T23:21:56.626" /><!-- duration: 68ms -->
  <step title="Performing fetch based deployment" date="2025-11-27T23:21:56.713" >
    <step title="Cleaning up temp folders from previous zip deployments and extracting pushed zip file /tmp/zipdeploy/422331cd-6d74-4220-a8fc-fa301fc4a176.zip (0.03 MB) to /tmp/zipdeploy/extracted" date="2025-11-27T23:21:57.868" >
      <step title="ChmodRecursive Process exited with total time taken in ms: 10" date="2025-11-27T23:21:57.906" /><!-- duration: 2ms -->
    </step><!-- duration: 43ms -->
    <step title="Deployment timer started" date="2025-11-27T23:21:59.918" >
      <step title="DeploymentManager.Deploy(id:11c87587-adab-463d-aaeb-683527ecb345)" date="2025-11-27T23:21:59.920" >
        <step title="Collecting changeset information" date="2025-11-27T23:21:59.927" /><!-- duration: 69ms -->
        <step title="Updating submodules" date="2025-11-27T23:22:00.016" /><!-- duration: 1246ms -->
        <step title="Determining deployment builder" date="2025-11-27T23:22:01.484" >
          <step title="Builder is BasicBuilder" date="2025-11-27T23:22:01.501" /><!-- duration: 1ms -->
        </step><!-- duration: 21ms -->
        <step title="PreDeployment: context.CleanOutputPath False" date="2025-11-27T23:22:01.589" >
          <step title="PreDeployment: context.OutputPath /home/site/wwwroot" date="2025-11-27T23:22:01.745" >
            <step title="Building" date="2025-11-27T23:22:01.896" >
              <step title="Executing external process" date="2025-11-27T23:22:02.374" type="process" path="starter.sh" arguments="/opt/Kudu/Scripts/parallel_rsync.sh /tmp/zipdeploy/extracted /home/site/wwwroot 8 /tmp/ False True  " /><!-- duration: 2909ms -->
              <step title="Triggering recycle (preview mode disabled)." date="2025-11-27T23:22:05.536" /><!-- duration: 6ms -->
              <step title="Modified file to trigger a restart of the app container." date="2025-11-27T23:22:05.580" /><!-- duration: 3ms -->
              <step title="Skip function trigger and logicapp sync because function is not enabled." date="2025-11-27T23:22:05.606" /><!-- duration: 3ms -->
              <step title="Purge deployment items" date="2025-11-27T23:22:06.865" >
                <step title="Remove f7cb1a3d-, Success, received at 11/27/2025 22:17:58" date="2025-11-27T23:22:06.935" /><!-- duration: 3ms -->
              </step><!-- duration: 77ms -->
            </step><!-- duration: 5122ms -->
          </step><!-- duration: 5277ms -->
          <step title="Cleaning up temp files" date="2025-11-27T23:22:07.025" /><!-- duration: 3ms -->
          <step title="Cleaning up temp files" date="2025-11-27T23:22:07.035" /><!-- duration: 510ms -->
          <step title="Reloading status file with latest updates" date="2025-11-27T23:22:07.580" >
            <step title="WebHooksManager.PublishEventAsync: PostDeployment" date="2025-11-27T23:22:07.588" /><!-- duration: 58ms -->
          </step><!-- duration: 73ms -->
          <step title="Cleaning up temporary deployment - fetch deployment was successful" date="2025-11-27T23:22:07.659" /><!-- duration: 2ms -->
        </step><!-- duration: 6152ms -->
      </step><!-- duration: 7840ms -->
