<step title="BackgroundTrace" date="2025-11-27T19:03:23.533" instance="e17388" url="/api/zipdeploy" method="POST" >
  <step title="Creating temporary deployment - FetchDeploymentManager" date="2025-11-27T19:03:23.575" /><!-- duration: 1ms -->
  <step title="Creating temporary deployment" date="2025-11-27T19:03:23.578" /><!-- duration: 66ms -->
  <step title="Performing fetch based deployment" date="2025-11-27T19:03:23.658" >
    <step title="Cleaning up temp folders from previous zip deployments and extracting pushed zip file /tmp/zipdeploy/f26ac1e6-c5ee-4219-93b4-337e47809770.zip (0.03 MB) to /tmp/zipdeploy/extracted" date="2025-11-27T19:03:24.783" >
      <step title="ChmodRecursive Process exited with total time taken in ms: 13" date="2025-11-27T19:03:24.822" /><!-- duration: 2ms -->
    </step><!-- duration: 43ms -->
    <step title="Deployment timer started" date="2025-11-27T19:03:26.830" >
      <step title="DeploymentManager.Deploy(id:0f81f9a9-a109-4848-aafe-f053a36e04d3)" date="2025-11-27T19:03:26.844" >
        <step title="Collecting changeset information" date="2025-11-27T19:03:26.853" /><!-- duration: 62ms -->
        <step title="Updating submodules" date="2025-11-27T19:03:26.918" /><!-- duration: 1122ms -->
        <step title="Determining deployment builder" date="2025-11-27T19:03:28.242" >
          <step title="Builder is BasicBuilder" date="2025-11-27T19:03:28.246" /><!-- duration: 4ms -->
        </step><!-- duration: 10ms -->
        <step title="PreDeployment: context.CleanOutputPath False" date="2025-11-27T19:03:28.297" >
          <step title="PreDeployment: context.OutputPath /home/site/wwwroot" date="2025-11-27T19:03:28.410" >
            <step title="Building" date="2025-11-27T19:03:28.536" >
              <step title="Executing external process" date="2025-11-27T19:03:28.750" type="process" path="starter.sh" arguments="/opt/Kudu/Scripts/parallel_rsync.sh /tmp/zipdeploy/extracted /home/site/wwwroot 8 /tmp/ False True  " /><!-- duration: 959ms -->
              <step title="Triggering recycle (preview mode disabled)." date="2025-11-27T19:03:29.900" /><!-- duration: 3ms -->
              <step title="Modified file to trigger a restart of the app container." date="2025-11-27T19:03:29.936" /><!-- duration: 1ms -->
              <step title="Skip function trigger and logicapp sync because function is not enabled." date="2025-11-27T19:03:29.939" /><!-- duration: 2ms -->
              <step title="Purge deployment items" date="2025-11-27T19:03:31.486" >
                <step title="Remove d62a86cd-, Success, received at 11/27/2025 09:58:26" date="2025-11-27T19:03:31.532" /><!-- duration: 2ms -->
              </step><!-- duration: 50ms -->
            </step><!-- duration: 3069ms -->
          </step><!-- duration: 3197ms -->
          <step title="Cleaning up temp files" date="2025-11-27T19:03:31.609" /><!-- duration: 2ms -->
          <step title="Cleaning up temp files" date="2025-11-27T19:03:31.612" /><!-- duration: 502ms -->
          <step title="Reloading status file with latest updates" date="2025-11-27T19:03:32.156" >
            <step title="WebHooksManager.PublishEventAsync: PostDeployment" date="2025-11-27T19:03:32.159" /><!-- duration: 17ms -->
          </step><!-- duration: 21ms -->
          <step title="Cleaning up temporary deployment - fetch deployment was successful" date="2025-11-27T19:03:32.179" /><!-- duration: 1ms -->
        </step><!-- duration: 3950ms -->
      </step><!-- duration: 5415ms -->
