<step title="BackgroundTrace" date="2025-11-27T09:38:41.083" instance="e17388" url="/api/zipdeploy" method="POST" >
  <step title="Creating temporary deployment - FetchDeploymentManager" date="2025-11-27T09:38:41.149" /><!-- duration: 1ms -->
  <step title="Creating temporary deployment" date="2025-11-27T09:38:41.153" /><!-- duration: 48ms -->
  <step title="Performing fetch based deployment" date="2025-11-27T09:38:41.221" >
    <step title="Cleaning up temp folders from previous zip deployments and extracting pushed zip file /tmp/zipdeploy/32415927-bf06-4a76-b5d8-68bfce9afb85.zip (3.61 MB) to /tmp/zipdeploy/extracted" date="2025-11-27T09:38:42.353" >
      <step title="ChmodRecursive Process exited with total time taken in ms: 15" date="2025-11-27T09:38:42.403" /><!-- duration: 2ms -->
    </step><!-- duration: 55ms -->
    <step title="Deployment timer started" date="2025-11-27T09:38:44.413" >
      <step title="DeploymentManager.Deploy(id:223951f0-ce60-48dc-9bc9-40735cc16d9a)" date="2025-11-27T09:38:44.416" >
        <step title="Collecting changeset information" date="2025-11-27T09:38:44.422" /><!-- duration: 85ms -->
        <step title="Updating submodules" date="2025-11-27T09:38:44.511" /><!-- duration: 1114ms -->
        <step title="Determining deployment builder" date="2025-11-27T09:38:45.871" >
          <step title="Builder is BasicBuilder" date="2025-11-27T09:38:45.876" /><!-- duration: 1ms -->
        </step><!-- duration: 9ms -->
        <step title="PreDeployment: context.CleanOutputPath False" date="2025-11-27T09:38:45.925" >
          <step title="PreDeployment: context.OutputPath /home/site/wwwroot" date="2025-11-27T09:38:46.038" >
            <step title="Building" date="2025-11-27T09:38:46.196" >
              <step title="Executing external process" date="2025-11-27T09:38:46.453" type="process" path="starter.sh" arguments="/opt/Kudu/Scripts/parallel_rsync.sh /tmp/zipdeploy/extracted /home/site/wwwroot 8 /tmp/ False True  " /><!-- duration: 1831ms -->
              <step title="Triggering recycle (preview mode disabled)." date="2025-11-27T09:38:48.585" /><!-- duration: 6ms -->
              <step title="Modified file to trigger a restart of the app container." date="2025-11-27T09:38:48.617" /><!-- duration: 1ms -->
              <step title="Skip function trigger and logicapp sync because function is not enabled." date="2025-11-27T09:38:48.621" /><!-- duration: 6ms -->
            </step><!-- duration: 3559ms -->
          </step><!-- duration: 3720ms -->
          <step title="Cleaning up temp files" date="2025-11-27T09:38:49.760" /><!-- duration: 3ms -->
          <step title="Cleaning up temp files" date="2025-11-27T09:38:49.764" /><!-- duration: 502ms -->
          <step title="Reloading status file with latest updates" date="2025-11-27T09:38:50.297" >
            <step title="WebHooksManager.PublishEventAsync: PostDeployment" date="2025-11-27T09:38:50.300" /><!-- duration: 35ms -->
          </step><!-- duration: 39ms -->
          <step title="Cleaning up temporary deployment - fetch deployment was successful" date="2025-11-27T09:38:50.339" /><!-- duration: 1ms -->
        </step><!-- duration: 4473ms -->
      </step><!-- duration: 5989ms -->
