<step title="Incoming Request" date="2025-11-27T19:10:40.569" instance="e17388" url="/api/deployments/latest?deployer=GITHUB_ZIP_DEPLOY&amp;time=2025-11-27_19-10-34Z" method="GET" type="request" pid="769,1,5" Host="dnd-initiative-prod.scm.azurewebsites.net" User-Agent="GITHUBACTIONS_DeployWebAppToAzure_d8ba7f0e74ab0e5d77dc87dc029177abee8253c2c7da9cd65d79dc2913806d42" Authorization="Bea..." Content-Type="application/json; charset=utf-8" Cookie="ARRAffinity=e173888f2e6cd428dbbbd21dde5a1f029e33073760f641fbae8fdb677285960a;Path=/;HttpOnly;Secure;Domain=dnd-initiative-prod.scm.azurewebsites.net; ARRAffinitySameSite=e173888f2e6cd428dbbbd21dde5a1f029e33073760f641fbae8fdb677285960a;Path=/;HttpOnly;SameSite=None;Secure;Domain=dnd-initiative-prod.scm.azurewebsites.net" Content-Length="0" X-ARR-LOG-ID="33db5bda-f38b-4e45-8f69-6fc97f29211b" CLIENT-IP="52.176.139.86:7169" X-SITE-DEPLOYMENT-ID="dnd-initiative-prod" WAS-DEFAULT-HOSTNAME="dnd-initiative-prod.scm.azurewebsites.net" X-Forwarded-Proto="https" X-AppService-Proto="https" X-Forwarded-TlsVersion="1.3" X-WAWS-Unencoded-URL="/api/deployments/latest?deployer=GITHUB_ZIP_DEPLOY&amp;time=2025-11-27_19-10-34Z" X-Client-IP="52.176.139.86" X-Client-Port="7169" >
  <step title="Cleanup Xml Logs" date="2025-11-27T19:10:40.584" >
    <step title="Cleanup Infos" date="2025-11-27T19:10:40.591" totalFiles="236" totalCleanup="76" /><!-- duration: 4ms -->
  </step><!-- duration: 13ms -->
  <step title="DeploymentService.GetResult" date="2025-11-27T19:10:40.604" >
    <step title="DeploymentService.GetLatestDeployment" date="2025-11-27T19:10:40.607" >
      <step title="DeploymentManager.GetResults" date="2025-11-27T19:10:40.610" /><!-- duration: 649ms -->
    </step><!-- duration: 654ms -->
  </step><!-- duration: 660ms -->
  <step title="Outgoing response" date="2025-11-27T19:10:41.267" type="response" statusCode="202" statusText="Accepted" /><!-- duration: 5ms -->
</step><!-- duration: 705ms -->
