<step title="Incoming Request" date="2025-11-27T09:32:06.228" instance="e17388" url="/api/zipdeploy?isAsync=true&amp;deployer=GITHUB_ZIP_DEPLOY&amp;message=%7B%22type%22%3A%22deployment%22%2C%22sha%22%3A%22ab0f53abcc881fa9d4f9638090cc21123ab983af%22%2C%22repoName%22%3A%22L96Expanded%2FD-D-Initiative%22%2C%22actor%22%3A%22L96Expanded%22%2C%22slotName%22%3A%22production%22%2C%22commitMessage%22%3A%22Disable%20SCM%20build%20and%20force%20clean%20static%20files%20deployment%22%7D" method="POST" type="request" pid="769,1,22" Host="dnd-initiative-prod.scm.azurewebsites.net" User-Agent="GITHUBACTIONS_DeployWebAppToAzure_d8ba7f0e74ab0e5d77dc87dc029177abee8253c2c7da9cd65d79dc2913806d42" Authorization="Bea..." Content-Type="application/octet-stream" Cookie="ARRAffinity=e173888f2e6cd428dbbbd21dde5a1f029e33073760f641fbae8fdb677285960a;Path=/;HttpOnly;Secure;Domain=dnd-initiative-prod.scm.azurewebsites.net; ARRAffinitySameSite=e173888f2e6cd428dbbbd21dde5a1f029e33073760f641fbae8fdb677285960a;Path=/;HttpOnly;SameSite=None;Secure;Domain=dnd-initiative-prod.scm.azurewebsites.net" Transfer-Encoding="chunked" X-ARR-LOG-ID="2a30cb22-3f77-4fdc-9d14-44acf81db94b" CLIENT-IP="135.237.130.148:54272" X-SITE-DEPLOYMENT-ID="dnd-initiative-prod" WAS-DEFAULT-HOSTNAME="dnd-initiative-prod.scm.azurewebsites.net" X-Forwarded-Proto="https" X-AppService-Proto="https" X-Forwarded-TlsVersion="1.3" X-WAWS-Unencoded-URL="/api/zipdeploy?isAsync=true&amp;deployer=GITHUB_ZIP_DEPLOY&amp;message=%7B%22type%22%3A%22deployment%22%2C%22sha%22%3A%22ab0f53abcc881fa9d4f9638090cc21123ab983af%22%2C%22repoName%22%3A%22L96Expanded%2FD-D-Initiative%22%2C%22actor%22%3A%22L96Expanded%22%2C%22slotName%22%3A%22production%22%2C%22commitMessage%22%3A%22Disable%20SCM%20build%20and%20force%20clean%20static%20files%20deployment%22%7D" X-Client-IP="135.237.130.148" X-Client-Port="54272" >
  <step title="ZipPushDeploy" date="2025-11-27T09:32:06.245" >
    <step title="ZipDeploy. Extract zip. Remote build." date="2025-11-27T09:32:06.249" /><!-- duration: 5ms -->
    <step title="None repository commit" date="2025-11-27T09:32:06.257" >
      <step title="Commit id: 44eb4da7-cd01-4f0e-b7de-e681ee033b6f" date="2025-11-27T09:32:06.259" Message="N/A" AuthorName="N/A" AuthorEmail="N/A" /><!-- duration: 2ms -->
    </step><!-- duration: 6ms -->
    <step title="Starting PushDeployAsync" date="2025-11-27T09:32:06.264" /><!-- duration: 2ms -->
    <step title="Writing artifact to /tmp/zipdeploy/da1cba72-aed3-416f-9de3-aecbdd776437.zip" date="2025-11-27T09:32:06.356" >
      <step title="Writing multipart request body to /tmp/zipdeploy/da1cba72-aed3-416f-9de3-aecbdd776437.zip" date="2025-11-27T09:32:06.368" /><!-- duration: 2ms -->
    </step><!-- duration: 54ms -->
    <step title="Removing previous build artifact&apos;s manifest file" date="2025-11-27T09:32:06.412" >
      <step title="Start deployment in the background" date="2025-11-27T09:32:06.418" >
        <step title="Acquiring Deployment Lock" date="2025-11-27T09:32:06.442" /><!-- duration: 2ms -->
        <step title="Acquired Deployment Lock" date="2025-11-27T09:32:06.473" /><!-- duration: 3ms -->
      </step><!-- duration: 156ms -->
    </step><!-- duration: 166ms -->
    <step title="Outgoing response" date="2025-11-27T09:32:06.586" type="response" statusCode="202" statusText="Accepted" /><!-- duration: 2ms -->
  </step><!-- duration: 344ms -->
