<step title="BackgroundTrace" date="2025-11-27T13:36:56.075" instance="e17388" url="/api/zipdeploy" method="POST" >
  <step title="Creating temporary deployment - FetchDeploymentManager" date="2025-11-27T13:36:56.131" /><!-- duration: 1ms -->
  <step title="Creating temporary deployment" date="2025-11-27T13:36:56.134" /><!-- duration: 37ms -->
  <step title="Performing fetch based deployment" date="2025-11-27T13:36:56.192" >
    <step title="Cleaning up temp folders from previous zip deployments and extracting pushed zip file /tmp/zipdeploy/b1b7046f-c9b3-49ea-bc3b-8e359c45cbd0.zip (0.03 MB) to /tmp/zipdeploy/extracted" date="2025-11-27T13:36:57.313" >
      <step title="ChmodRecursive Process exited with total time taken in ms: 16" date="2025-11-27T13:36:57.355" /><!-- duration: 2ms -->
    </step><!-- duration: 46ms -->
    <step title="Deployment timer started" date="2025-11-27T13:36:59.365" >
      <step title="DeploymentManager.Deploy(id:5d14de72-3fe7-4f0f-9c5a-8c59ca7d3f45)" date="2025-11-27T13:36:59.368" >
        <step title="Collecting changeset information" date="2025-11-27T13:36:59.374" /><!-- duration: 84ms -->
        <step title="Updating submodules" date="2025-11-27T13:36:59.462" /><!-- duration: 1107ms -->
        <step title="Determining deployment builder" date="2025-11-27T13:37:00.771" >
          <step title="Builder is BasicBuilder" date="2025-11-27T13:37:00.778" /><!-- duration: 1ms -->
        </step><!-- duration: 10ms -->
        <step title="PreDeployment: context.CleanOutputPath False" date="2025-11-27T13:37:00.823" >
          <step title="PreDeployment: context.OutputPath /home/site/wwwroot" date="2025-11-27T13:37:00.931" >
            <step title="Building" date="2025-11-27T13:37:01.058" >
              <step title="Executing external process" date="2025-11-27T13:37:01.334" type="process" path="starter.sh" arguments="/opt/Kudu/Scripts/parallel_rsync.sh /tmp/zipdeploy/extracted /home/site/wwwroot 8 /tmp/ False True  " /><!-- duration: 1723ms -->
              <step title="Triggering recycle (preview mode disabled)." date="2025-11-27T13:37:03.281" /><!-- duration: 3ms -->
              <step title="Modified file to trigger a restart of the app container." date="2025-11-27T13:37:03.300" /><!-- duration: 1ms -->
              <step title="Skip function trigger and logicapp sync because function is not enabled." date="2025-11-27T13:37:03.304" /><!-- duration: 2ms -->
              <step title="Purge deployment items" date="2025-11-27T13:37:04.319" >
                <step title="Remove 44eb4da7-, Success, received at 11/27/2025 09:32:09" date="2025-11-27T13:37:04.367" /><!-- duration: 1ms -->
              </step><!-- duration: 52ms -->
            </step><!-- duration: 3384ms -->
          </step><!-- duration: 3513ms -->
          <step title="Cleaning up temp files" date="2025-11-27T13:37:04.445" /><!-- duration: 2ms -->
          <step title="Cleaning up temp files" date="2025-11-27T13:37:04.452" /><!-- duration: 503ms -->
          <step title="Reloading status file with latest updates" date="2025-11-27T13:37:04.987" >
            <step title="WebHooksManager.PublishEventAsync: PostDeployment" date="2025-11-27T13:37:04.989" /><!-- duration: 29ms -->
          </step><!-- duration: 33ms -->
          <step title="Cleaning up temporary deployment - fetch deployment was successful" date="2025-11-27T13:37:05.023" /><!-- duration: 2ms -->
        </step><!-- duration: 4261ms -->
      </step><!-- duration: 5723ms -->
