<step title="BackgroundTrace" date="2025-11-30T12:06:26.769" instance="e17388" url="/api/zipdeploy" method="POST" >
  <step title="Creating temporary deployment - FetchDeploymentManager" date="2025-11-30T12:06:26.829" /><!-- duration: 1ms -->
  <step title="Creating temporary deployment" date="2025-11-30T12:06:26.833" /><!-- duration: 44ms -->
  <step title="Performing fetch based deployment" date="2025-11-30T12:06:26.897" >
    <step title="Cleaning up temp folders from previous zip deployments and extracting pushed zip file /tmp/zipdeploy/06a64a1a-9f89-4e13-aaf5-f5d35aab9e15.zip (0.05 MB) to /tmp/zipdeploy/extracted" date="2025-11-30T12:06:28.022" >
      <step title="ChmodRecursive Process exited with total time taken in ms: 13" date="2025-11-30T12:06:28.067" /><!-- duration: 2ms -->
    </step><!-- duration: 50ms -->
    <step title="Deployment timer started" date="2025-11-30T12:06:30.079" >
      <step title="DeploymentManager.Deploy(id:f3332d81-b6a8-4ddf-ac6a-b4435f3c96aa)" date="2025-11-30T12:06:30.083" >
        <step title="Collecting changeset information" date="2025-11-30T12:06:30.093" /><!-- duration: 75ms -->
        <step title="Updating submodules" date="2025-11-30T12:06:30.172" /><!-- duration: 1107ms -->
        <step title="Determining deployment builder" date="2025-11-30T12:06:31.509" >
          <step title="Builder is BasicBuilder" date="2025-11-30T12:06:31.516" /><!-- duration: 1ms -->
        </step><!-- duration: 10ms -->
        <step title="PreDeployment: context.CleanOutputPath False" date="2025-11-30T12:06:31.557" >
          <step title="PreDeployment: context.OutputPath /home/site/wwwroot" date="2025-11-30T12:06:31.672" >
            <step title="Building" date="2025-11-30T12:06:31.788" >
              <step title="Executing external process" date="2025-11-30T12:06:32.018" type="process" path="starter.sh" arguments="/opt/Kudu/Scripts/parallel_rsync.sh /tmp/zipdeploy/extracted /home/site/wwwroot 8 /tmp/ False True  " /><!-- duration: 1773ms -->
              <step title="Triggering recycle (preview mode disabled)." date="2025-11-30T12:06:34.004" /><!-- duration: 2ms -->
              <step title="Modified file to trigger a restart of the app container." date="2025-11-30T12:06:34.022" /><!-- duration: 2ms -->
              <step title="Skip function trigger and logicapp sync because function is not enabled." date="2025-11-30T12:06:34.026" /><!-- duration: 2ms -->
              <step title="Purge deployment items" date="2025-11-30T12:06:34.965" >
                <step title="Remove 97ad1022-, Success, received at 11/27/2025 22:51:53" date="2025-11-30T12:06:35.020" /><!-- duration: 2ms -->
              </step><!-- duration: 58ms -->
            </step><!-- duration: 3300ms -->
          </step><!-- duration: 3418ms -->
          <step title="Cleaning up temp files" date="2025-11-30T12:06:35.092" /><!-- duration: 2ms -->
          <step title="Cleaning up temp files" date="2025-11-30T12:06:35.100" /><!-- duration: 503ms -->
          <step title="Reloading status file with latest updates" date="2025-11-30T12:06:35.640" >
            <step title="WebHooksManager.PublishEventAsync: PostDeployment" date="2025-11-30T12:06:35.642" /><!-- duration: 44ms -->
          </step><!-- duration: 47ms -->
          <step title="Cleaning up temporary deployment - fetch deployment was successful" date="2025-11-30T12:06:35.690" /><!-- duration: 2ms -->
        </step><!-- duration: 4188ms -->
      </step><!-- duration: 5669ms -->
