<step title="Incoming Request" date="2025-11-27T23:22:02.700" instance="e17388" url="/api/deployments/latest?deployer=GITHUB_ZIP_DEPLOY&amp;time=2025-11-27_23-21-56Z" method="GET" type="request" pid="769,1,29" Host="dnd-initiative-prod.scm.azurewebsites.net" User-Agent="GITHUBACTIONS_DeployWebAppToAzure_d8ba7f0e74ab0e5d77dc87dc029177abee8253c2c7da9cd65d79dc2913806d42" Authorization="Bea..." Content-Type="application/json; charset=utf-8" Cookie="ARRAffinity=e173888f2e6cd428dbbbd21dde5a1f029e33073760f641fbae8fdb677285960a;Path=/;HttpOnly;Secure;Domain=dnd-initiative-prod.scm.azurewebsites.net; ARRAffinitySameSite=e173888f2e6cd428dbbbd21dde5a1f029e33073760f641fbae8fdb677285960a;Path=/;HttpOnly;SameSite=None;Secure;Domain=dnd-initiative-prod.scm.azurewebsites.net" Content-Length="0" X-ARR-LOG-ID="b6c5a215-d727-40af-8722-4f36b48193ee" CLIENT-IP="172.178.117.210:48145" X-SITE-DEPLOYMENT-ID="dnd-initiative-prod" WAS-DEFAULT-HOSTNAME="dnd-initiative-prod.scm.azurewebsites.net" X-Forwarded-Proto="https" X-AppService-Proto="https" X-Forwarded-TlsVersion="1.3" X-WAWS-Unencoded-URL="/api/deployments/latest?deployer=GITHUB_ZIP_DEPLOY&amp;time=2025-11-27_23-21-56Z" X-Client-IP="172.178.117.210" X-Client-Port="48145" >
  <step title="Cleanup Xml Logs" date="2025-11-27T23:22:02.718" >
    <step title="Cleanup Infos" date="2025-11-27T23:22:02.793" totalFiles="415" totalCleanup="255" /><!-- duration: 45ms -->
  </step><!-- duration: 172ms -->
  <step title="DeploymentService.GetResult" date="2025-11-27T23:22:02.913" >
    <step title="DeploymentService.GetLatestDeployment" date="2025-11-27T23:22:02.947" >
      <step title="DeploymentManager.GetResults" date="2025-11-27T23:22:02.957" /><!-- duration: 963ms -->
    </step><!-- duration: 982ms -->
  </step><!-- duration: 1024ms -->
  <step title="Outgoing response" date="2025-11-27T23:22:03.947" type="response" statusCode="202" statusText="Accepted" /><!-- duration: 7ms -->
</step><!-- duration: 1276ms -->
