<step title="BackgroundTrace" date="2025-11-27T09:52:47.921" instance="e17388" url="/api/zipdeploy" method="POST" >
  <step title="Creating temporary deployment - FetchDeploymentManager" date="2025-11-27T09:52:47.979" /><!-- duration: 1ms -->
  <step title="Creating temporary deployment" date="2025-11-27T09:52:47.983" /><!-- duration: 33ms -->
  <step title="Performing fetch based deployment" date="2025-11-27T09:52:48.041" >
    <step title="Cleaning up temp folders from previous zip deployments and extracting pushed zip file /tmp/zipdeploy/b47df104-e26d-4650-abce-735f51959817.zip (3.61 MB) to /tmp/zipdeploy/extracted" date="2025-11-27T09:52:49.176" >
      <step title="ChmodRecursive Process exited with total time taken in ms: 17" date="2025-11-27T09:52:49.229" /><!-- duration: 4ms -->
    </step><!-- duration: 59ms -->
    <step title="Deployment timer started" date="2025-11-27T09:52:51.240" >
      <step title="DeploymentManager.Deploy(id:3eb01c6a-50cf-4cf4-b50e-e504a7167dcd)" date="2025-11-27T09:52:51.244" >
        <step title="Collecting changeset information" date="2025-11-27T09:52:51.254" /><!-- duration: 75ms -->
        <step title="Updating submodules" date="2025-11-27T09:52:51.331" /><!-- duration: 1125ms -->
        <step title="Determining deployment builder" date="2025-11-27T09:52:52.642" >
          <step title="Builder is BasicBuilder" date="2025-11-27T09:52:52.647" /><!-- duration: 2ms -->
        </step><!-- duration: 14ms -->
        <step title="PreDeployment: context.CleanOutputPath False" date="2025-11-27T09:52:52.702" >
          <step title="PreDeployment: context.OutputPath /home/site/wwwroot" date="2025-11-27T09:52:52.828" >
            <step title="Building" date="2025-11-27T09:52:52.965" >
              <step title="Executing external process" date="2025-11-27T09:52:53.241" type="process" path="starter.sh" arguments="/opt/Kudu/Scripts/parallel_rsync.sh /tmp/zipdeploy/extracted /home/site/wwwroot 8 /tmp/ False True  " /><!-- duration: 1638ms -->
              <step title="Triggering recycle (preview mode disabled)." date="2025-11-27T09:52:55.119" /><!-- duration: 4ms -->
              <step title="Modified file to trigger a restart of the app container." date="2025-11-27T09:52:55.159" /><!-- duration: 21ms -->
              <step title="Skip function trigger and logicapp sync because function is not enabled." date="2025-11-27T09:52:55.184" /><!-- duration: 15ms -->
              <step title="Purge deployment items" date="2025-11-27T09:52:56.846" >
                <step title="Remove 708273a5-, Success, received at 11/27/2025 08:05:30" date="2025-11-27T09:52:56.902" /><!-- duration: 1ms -->
              </step><!-- duration: 59ms -->
            </step><!-- duration: 4012ms -->
          </step><!-- duration: 4150ms -->
          <step title="Cleaning up temp files" date="2025-11-27T09:52:56.980" /><!-- duration: 3ms -->
          <step title="Cleaning up temp files" date="2025-11-27T09:52:56.985" /><!-- duration: 502ms -->
          <step title="Reloading status file with latest updates" date="2025-11-27T09:52:57.532" >
            <step title="WebHooksManager.PublishEventAsync: PostDeployment" date="2025-11-27T09:52:57.535" /><!-- duration: 59ms -->
          </step><!-- duration: 63ms -->
          <step title="Cleaning up temporary deployment - fetch deployment was successful" date="2025-11-27T09:52:57.598" /><!-- duration: 1ms -->
        </step><!-- duration: 4957ms -->
      </step><!-- duration: 6428ms -->
