<step title="BackgroundTrace" date="2025-11-27T08:27:51.597" instance="e17388" url="/api/zipdeploy" method="POST" >
  <step title="Creating temporary deployment - FetchDeploymentManager" date="2025-11-27T08:27:51.645" /><!-- duration: 1ms -->
  <step title="Creating temporary deployment" date="2025-11-27T08:27:51.649" /><!-- duration: 56ms -->
  <step title="Performing fetch based deployment" date="2025-11-27T08:27:51.727" >
    <step title="Cleaning up temp folders from previous zip deployments and extracting pushed zip file /tmp/zipdeploy/ffc1fb4c-1142-41d0-b8e7-37076d48b287.zip (0.03 MB) to /tmp/zipdeploy/extracted" date="2025-11-27T08:27:52.894" >
      <step title="ChmodRecursive Process exited with total time taken in ms: 15" date="2025-11-27T08:27:52.937" /><!-- duration: 4ms -->
    </step><!-- duration: 49ms -->
    <step title="Deployment timer started" date="2025-11-27T08:27:54.948" >
      <step title="DeploymentManager.Deploy(id:ab8629ba-613b-48d4-b498-f22b1f00837d)" date="2025-11-27T08:27:54.952" >
        <step title="Collecting changeset information" date="2025-11-27T08:27:54.972" /><!-- duration: 75ms -->
        <step title="Updating submodules" date="2025-11-27T08:27:55.055" /><!-- duration: 1120ms -->
        <step title="Determining deployment builder" date="2025-11-27T08:27:56.410" >
          <step title="Builder is OryxBuilder" date="2025-11-27T08:27:56.428" /><!-- duration: 2ms -->
        </step><!-- duration: 21ms -->
        <step title="PreDeployment: context.CleanOutputPath False" date="2025-11-27T08:27:56.456" >
          <step title="PreDeployment: context.OutputPath /home/site/wwwroot" date="2025-11-27T08:27:56.556" >
            <step title="Building" date="2025-11-27T08:27:56.693" >
              <step title="Executing external process" date="2025-11-27T08:27:56.943" type="process" path="bash" arguments="-c &quot;oryx build /tmp/zipdeploy/extracted -o /home/site/wwwroot --platform python --platform-version 3.11 -p virtualenv_name=antenv --log-file /tmp/build-debug.log  -i /tmp/8de2d8edde17a48 --compress-destination-dir | tee /tmp/oryx-build.log ; exit $PIPESTATUS &quot;" /><!-- duration: 41633ms -->
              <step title="Using PythonDeploymentLogParser" date="2025-11-27T08:28:38.936" /><!-- duration: 3ms -->
              <step title="Triggering recycle (preview mode disabled)." date="2025-11-27T08:28:40.020" /><!-- duration: 30ms -->
              <step title="Modified file to trigger a restart of the app container." date="2025-11-27T08:28:40.099" /><!-- duration: 2ms -->
              <step title="Skip function trigger and logicapp sync because function is not enabled." date="2025-11-27T08:28:40.104" /><!-- duration: 4ms -->
            </step><!-- duration: 44240ms -->
          </step><!-- duration: 44379ms -->
          <step title="Cleaning up temp files" date="2025-11-27T08:28:40.936" /><!-- duration: 1988ms -->
          <step title="Cleaning up temp files" date="2025-11-27T08:28:42.927" /><!-- duration: 503ms -->
          <step title="Reloading status file with latest updates" date="2025-11-27T08:28:43.455" >
            <step title="WebHooksManager.PublishEventAsync: PostDeployment" date="2025-11-27T08:28:43.457" /><!-- duration: 31ms -->
          </step><!-- duration: 35ms -->
          <step title="Cleaning up temporary deployment - fetch deployment was successful" date="2025-11-27T08:28:43.492" /><!-- duration: 2ms -->
        </step><!-- duration: 47071ms -->
      </step><!-- duration: 48583ms -->
