<step title="BackgroundTrace" date="2025-11-27T08:10:23.686" instance="e17388" url="/api/zipdeploy" method="POST" >
  <step title="Creating temporary deployment - FetchDeploymentManager" date="2025-11-27T08:10:23.751" /><!-- duration: 1ms -->
  <step title="Creating temporary deployment" date="2025-11-27T08:10:23.755" /><!-- duration: 47ms -->
  <step title="Performing fetch based deployment" date="2025-11-27T08:10:23.821" >
    <step title="Cleaning up temp folders from previous zip deployments and extracting pushed zip file /tmp/zipdeploy/9e7ab67d-5873-4867-a755-f0b54e7a988b.zip (0.03 MB) to /tmp/zipdeploy/extracted" date="2025-11-27T08:10:24.997" >
      <step title="ChmodRecursive Process exited with total time taken in ms: 22" date="2025-11-27T08:10:25.051" /><!-- duration: 8ms -->
    </step><!-- duration: 64ms -->
    <step title="Deployment timer started" date="2025-11-27T08:10:27.067" >
      <step title="DeploymentManager.Deploy(id:d8fac1e6-1f8e-4714-82eb-da5ce6136372)" date="2025-11-27T08:10:27.071" >
        <step title="Collecting changeset information" date="2025-11-27T08:10:27.085" /><!-- duration: 104ms -->
        <step title="Updating submodules" date="2025-11-27T08:10:27.192" /><!-- duration: 1119ms -->
        <step title="Determining deployment builder" date="2025-11-27T08:10:28.518" >
          <step title="Builder is OryxBuilder" date="2025-11-27T08:10:28.523" /><!-- duration: 1ms -->
        </step><!-- duration: 8ms -->
        <step title="PreDeployment: context.CleanOutputPath False" date="2025-11-27T08:10:28.571" >
          <step title="PreDeployment: context.OutputPath /home/site/wwwroot" date="2025-11-27T08:10:28.689" >
            <step title="Building" date="2025-11-27T08:10:28.816" >
              <step title="Executing external process" date="2025-11-27T08:10:29.091" type="process" path="bash" arguments="-c &quot;oryx build /tmp/zipdeploy/extracted -o /home/site/wwwroot --platform python --platform-version 3.11 -p virtualenv_name=antenv --log-file /tmp/build-debug.log  -i /tmp/8de2d8c6d47cf77 --compress-destination-dir | tee /tmp/oryx-build.log ; exit $PIPESTATUS &quot;" /><!-- duration: 33460ms -->
              <step title="Using PythonDeploymentLogParser" date="2025-11-27T08:11:02.899" /><!-- duration: 2ms -->
              <step title="Triggering recycle (preview mode disabled)." date="2025-11-27T08:11:04.059" /><!-- duration: 2ms -->
              <step title="Modified file to trigger a restart of the app container." date="2025-11-27T08:11:04.089" /><!-- duration: 14ms -->
              <step title="Skip function trigger and logicapp sync because function is not enabled." date="2025-11-27T08:11:04.106" /><!-- duration: 2ms -->
            </step><!-- duration: 36306ms -->
          </step><!-- duration: 36437ms -->
          <step title="Cleaning up temp files" date="2025-11-27T08:11:05.127" /><!-- duration: 1979ms -->
          <step title="Cleaning up temp files" date="2025-11-27T08:11:07.108" /><!-- duration: 503ms -->
          <step title="Reloading status file with latest updates" date="2025-11-27T08:11:07.639" >
            <step title="WebHooksManager.PublishEventAsync: PostDeployment" date="2025-11-27T08:11:07.642" /><!-- duration: 31ms -->
          </step><!-- duration: 36ms -->
          <step title="Cleaning up temporary deployment - fetch deployment was successful" date="2025-11-27T08:11:07.677" /><!-- duration: 2ms -->
        </step><!-- duration: 39159ms -->
      </step><!-- duration: 40668ms -->
