<step title="Incoming Request" date="2025-11-27T22:24:09.052" instance="e17388" url="/api/zipdeploy?isAsync=true&amp;deployer=GITHUB_ZIP_DEPLOY&amp;message=%7B%22type%22%3A%22deployment%22%2C%22sha%22%3A%22f25a6ca17bf4e7a97e336667dbca2dbcd5ca961c%22%2C%22repoName%22%3A%22L96Expanded%2FD-D-Initiative%22%2C%22actor%22%3A%22L96Expanded%22%2C%22slotName%22%3A%22production%22%2C%22commitMessage%22%3A%22Fix%3A%20Add%20staticwebapp.config.json%20to%20root%20and%20update%20deployment%20to%20use%20pre-built%20dist%22%7D" method="POST" type="request" pid="768,1,14" Host="dnd-initiative-prod.scm.azurewebsites.net" User-Agent="GITHUBACTIONS_DeployWebAppToAzure_d8ba7f0e74ab0e5d77dc87dc029177abee8253c2c7da9cd65d79dc2913806d42" Authorization="Bea..." Content-Type="application/octet-stream" Cookie="ARRAffinity=e173888f2e6cd428dbbbd21dde5a1f029e33073760f641fbae8fdb677285960a;Path=/;HttpOnly;Secure;Domain=dnd-initiative-prod.scm.azurewebsites.net; ARRAffinitySameSite=e173888f2e6cd428dbbbd21dde5a1f029e33073760f641fbae8fdb677285960a;Path=/;HttpOnly;SameSite=None;Secure;Domain=dnd-initiative-prod.scm.azurewebsites.net" Transfer-Encoding="chunked" X-ARR-LOG-ID="a5f5ab5a-a98a-42ab-ad75-804523ede141" CLIENT-IP="20.236.100.3:51240" X-SITE-DEPLOYMENT-ID="dnd-initiative-prod" WAS-DEFAULT-HOSTNAME="dnd-initiative-prod.scm.azurewebsites.net" X-Forwarded-Proto="https" X-AppService-Proto="https" X-Forwarded-TlsVersion="1.3" X-WAWS-Unencoded-URL="/api/zipdeploy?isAsync=true&amp;deployer=GITHUB_ZIP_DEPLOY&amp;message=%7B%22type%22%3A%22deployment%22%2C%22sha%22%3A%22f25a6ca17bf4e7a97e336667dbca2dbcd5ca961c%22%2C%22repoName%22%3A%22L96Expanded%2FD-D-Initiative%22%2C%22actor%22%3A%22L96Expanded%22%2C%22slotName%22%3A%22production%22%2C%22commitMessage%22%3A%22Fix%3A%20Add%20staticwebapp.config.json%20to%20root%20and%20update%20deployment%20to%20use%20pre-built%20dist%22%7D" X-Client-IP="20.236.100.3" X-Client-Port="51240" >
  <step title="ZipPushDeploy" date="2025-11-27T22:24:09.070" >
    <step title="ZipDeploy. Extract zip." date="2025-11-27T22:24:09.074" /><!-- duration: 5ms -->
    <step title="None repository commit" date="2025-11-27T22:24:09.082" >
      <step title="Commit id: c4a69caf-5fcc-4129-b33f-9280c1fc3f1f" date="2025-11-27T22:24:09.083" Message="N/A" AuthorName="N/A" AuthorEmail="N/A" /><!-- duration: 6ms -->
    </step><!-- duration: 9ms -->
    <step title="Starting PushDeployAsync" date="2025-11-27T22:24:09.093" /><!-- duration: 2ms -->
    <step title="Writing artifact to /tmp/zipdeploy/25f124c1-534c-416d-9d11-4eba689f2767.zip" date="2025-11-27T22:24:09.102" >
      <step title="Writing multipart request body to /tmp/zipdeploy/25f124c1-534c-416d-9d11-4eba689f2767.zip" date="2025-11-27T22:24:09.104" /><!-- duration: 3ms -->
    </step><!-- duration: 20ms -->
    <step title="Start deployment in the background" date="2025-11-27T22:24:09.128" >
      <step title="Acquiring Deployment Lock" date="2025-11-27T22:24:09.135" /><!-- duration: 2ms -->
      <step title="Acquired Deployment Lock" date="2025-11-27T22:24:09.184" /><!-- duration: 2ms -->
    </step><!-- duration: 147ms -->
  </step><!-- duration: 212ms -->
  <step title="Outgoing response" date="2025-11-27T22:24:09.287" type="response" statusCode="202" statusText="Accepted" /><!-- duration: 2ms -->
</step><!-- duration: 237ms -->
