﻿<?xml version="1.0" encoding="utf-8"?>
<deployment>
  <id>74c6e733-10c7-46ad-aa81-e7ac5ece9209</id>
  <author>N/A</author>
  <deployer>GITHUB_ZIP_DEPLOY</deployer>
  <authorEmail>N/A</authorEmail>
  <message>{"type":"deployment","sha":"5b53f16dbcf34deed70d9dfaf0c25003a388b41e","repoName":"L96Expanded/D-D-Initiative","actor":"L96Expanded","slotName":"production","commitMessage":"Major repository cleanup and organization for Part 2 submission\n\nCleaned Repository:\n- Created docs/ folder for all technical documentation\n- Removed obsolete documentation files (5 files deleted)\n- Removed build artifacts (htmlcov/, __pycache__, coverage.json, .pytest_cache)\n- Removed unnecessary files (backend-deploy.zip, creature_database.json)\n- Enhanced .gitignore for better artifact exclusion\n\nDocumentation Organization:\n- Moved to docs/: CODE_QUALITY_REVIEW.md, DOCKER_DOCUMENTATION.md,\n  MONITORING_DOCUMENTATION.md, TEST_COVERAGE_REPORT.md,\n  PORTABILITY_REFACTORING.md, CORS_FIX_REPORT.md\n- Deleted redundant: DELIVERABLES.md, DevOps-Assessment-Report.md,\n  RUBRIC_COMPLIANCE.md, SETUP.md, SETUP_CHEATSHEET.md\n\nNew Documentation:\n- README.md - Complete rewrite with clear run/test/deploy instructions\n  * Quick start guide (5 minutes)\n  * Testing instructions (pytest)\n  * Deployment guide (CI/CD and manual)\n  * Monitoring setup\n  * Troubleshooting\n- REPORT.md - Comprehensive 5-6 page"}</message>
  <progress></progress>
  <status>Success</status>
  <statusText></statusText>
  <lastSuccessEndTime>2025-11-30T14:39:38.0952276Z</lastSuccessEndTime>
  <receivedTime>2025-11-30T14:39:33.88012Z</receivedTime>
  <startTime>2025-11-30T14:39:35.1548458Z</startTime>
  <endTime>2025-11-30T14:39:38.0952276Z</endTime>
  <complete>True</complete>
  <is_temp>False</is_temp>
  <is_readonly>True</is_readonly>
  <buildSummary />
</deployment>