﻿<?xml version="1.0" encoding="utf-8"?>
<deployment>
  <id>17b090e5-0c6d-4d5d-9a23-6a9fa20cb6af</id>
  <author>N/A</author>
  <deployer>GITHUB_ZIP_DEPLOY</deployer>
  <authorEmail>N/A</authorEmail>
  <message>{"type":"deployment","sha":"13b0bd4f950ea0e7ca9bf5a9f998dc0bcdb4fd9e","repoName":"L96Expanded/D-D-Initiative","actor":"L96Expanded","slotName":"production","commitMessage":"Add Cloudflare proxy (orange cloud) troubleshooting guide\n\nProblem: Site works with gray cloud but fails with orange cloud enabled\nCause: Azure Static Web Apps require 'Full' SSL mode, not 'Flexible'\n\nSolution documented:\n- Change SSL/TLS encryption mode to 'Full' or 'Full (strict)'\n- Enable Always Use HTTPS\n- Enable Automatic HTTPS Rewrites\n- Purge Cloudflare cache after changes\n\nThis is a common issue when using Cloudflare proxy with Azure Static Web Apps.\nThe default 'Flexible' SSL mode causes connection timeouts and 522 errors."}</message>
  <progress></progress>
  <status>Success</status>
  <statusText></statusText>
  <lastSuccessEndTime>2025-11-30T15:49:38.3625544Z</lastSuccessEndTime>
  <receivedTime>2025-11-30T15:49:33.8754163Z</receivedTime>
  <startTime>2025-11-30T15:49:35.1711446Z</startTime>
  <endTime>2025-11-30T15:49:38.3625544Z</endTime>
  <complete>True</complete>
  <is_temp>False</is_temp>
  <is_readonly>True</is_readonly>
  <buildSummary />
</deployment>