﻿<?xml version="1.0" encoding="utf-8"?>
<deployment>
  <id>b93d3ff3-5e76-4399-97ac-a06f8ac55777</id>
  <author>N/A</author>
  <deployer>GITHUB_ZIP_DEPLOY</deployer>
  <authorEmail>N/A</authorEmail>
  <message>{"type":"deployment","sha":"aaeee0bf44d820d2c459de61ff596007ff3fbdbd","repoName":"L96Expanded/D-D-Initiative","actor":"L96Expanded","slotName":"production","commitMessage":"Fix staticwebapp.config.json copy issue in CI/CD workflow\n\n- Removed redundant copy step (Vite automatically copies files from public/ to dist/)\n- Added verification step to confirm staticwebapp.config.json is present after build\n- File is correctly located in frontend/public/ and copied by Vite during build process"}</message>
  <progress></progress>
  <status>Success</status>
  <statusText></statusText>
  <lastSuccessEndTime>2025-11-30T14:44:58.9858455Z</lastSuccessEndTime>
  <receivedTime>2025-11-30T14:44:54.791279Z</receivedTime>
  <startTime>2025-11-30T14:44:56.0745005Z</startTime>
  <endTime>2025-11-30T14:44:58.9858455Z</endTime>
  <complete>True</complete>
  <is_temp>False</is_temp>
  <is_readonly>True</is_readonly>
  <buildSummary />
</deployment>